ObsType,LocalDate,LocalTime,Latitude,Longitude,BortleClass
GAN,2025-11-16,23:05,34.9592083,-116.419389,5
GAN,2025-11-16,21:43,34.7851899,-114.906398,7
GAN,2025-11-16,21:15,34.103405,-115.1625419,3
GAN,2025-12-15,22:15,0.0,0.0,3
GAN,2025-12-15,22:11,40.09176246767578,-93.66368098931076,3
GAN,2025-12-15,22:09,40.08944332507354,-93.66746242286304,3
GAN,2025-12-15,22:08,40.08958047847526,-93.66732359904206,3
GAN,2025-11-15,22:05,40.09871185922827,-93.66510459598608,3
GAN,2025-10-15,22:01,40.09557153484861,-93.65890564671912,3
GAN,2025-10-15,21:48,40.091835045624,-93.66419984345008,3
GAN,2025-10-15,21:22,40.08952222049767,-93.66751534856672,5
GAN,2025-09-15,21:22,0.0,0.0,5
GAN,2025-09-15,21:19,40.09198033835506,-93.66377836558968,3
GAN,2025-09-15,21:17,40.08944765769586,-93.66747980795724,5
GAN,2025-10-28,14:41,46.19884681982826,7.442038605933203,3
GAN,2025-10-18,22:30,0.0,0.0,5
GAN,2025-10-17,01:30,0.0,0.0,3
GAN,2025-08-24,23:10,46.19884722093886,7.442032121167839,3
GAN,2025-08-23,22:25,46.19883368484644,7.442057889097509,3
GAN,2025-08-22,20:56,44.1245184,15.2480724,3
GAN,2025-09-14,22:18,37.09453256455979,-80.11183651627613,3
GAN,2025-12-29,02:30,-42.88270869999999,147.1511206,3
GAN,2025-12-28,16:08,-42.88270869999999,147.1511206,3
GAN,2025-12-14,20:00,39.72554585527003,-91.37225408449012,5
GAN,2025-12-14,19:30,39.70549528290718,-91.44746732830754,5
GAN,2025-12-14,15:04,39.69389898582141,-91.4804606359155,5
GAN,2025-12-14,18:50,39.72754310936419,-91.44543842478797,5
GAN,2025-11-14,20:04,39.73055493444717,-91.39051212701446,5
GAN,2025-11-14,19:15,39.72409642697378,-91.3668229935876,5
GAN,2025-11-14,19:28,39.73816206004524,-91.38155858963728,5
GAN,2025-11-14,19:45,39.73960036594693,-91.38856887817384,5
GAN,2025-11-14,18:45,39.73808234498568,-91.4102840423584,5
GAN,2025-12-15,23:09,17.968704499587616,-66.17396178214716,9
GAN,2025-12-14,21:56,17.96870915659326,-66.17394924934433,7
GAN,2025-12-17,20:49,18.0125876,-66.0229888,9
GAN,2025-12-12,22:07,17.96870605863639,-66.17397136432675,9
GAN,2025-12-18,20:04,17.963580988993005,-66.10315282306411,5
GAN,2025-12-17,20:39,17.96357068491937,-66.10313691175145,7
GAN,2025-12-16,21:56,17.963562031548527,-66.10312259070467,7
GAN,2025-12-15,20:47,17.963561947012124,-66.10311046159963,7
GAN,2025-12-13,21:41,17.98772982508642,-66.05722098390795,5
GAN,2025-12-12,21:27,17.9877202808159,-66.0572479755138,5
GAN,2025-12-11,21:59,17.987713044441893,-66.05724780875885,5
GAN,2025-12-10,22:57,17.987718833502623,-66.05723016415438,5
GAN,2025-12-19,23:22,17.9758263,-66.1171616,9
GAN,2025-12-18,23:09,17.9758263,-66.1171616,9
GAN,2025-12-17,21:23,17.9721103,-66.0962228,9
GAN,2025-12-14,21:50,18.004073140212157,-65.88117031363768,9
GAN,2025-12-16,22:17,17.9758263,-66.1171616,9
GAN,2025-12-13,21:20,18.00300826703124,-65.8797913581147,9
GAN,2025-12-12,21:10,0.0,0.0,9
GAN,2025-12-16,20:00,0.0,0.0,9
GAN,2025-12-15,20:00,-27.890875984763323,23.789062499999982,9
GAN,2025-12-28,20:00,0.0,0.0,1
GAN,2025-12-13,20:00,0.0,0.0,5
GAN,2025-12-17,21:04,18.01224341105804,-66.01790270930117,7
GAN,2025-12-14,21:29,61.25398530717296,-149.3451135806098,5
GAN,2025-12-19,22:51,17.972119495060685,-66.1212725414043,9
GAN,2025-12-15,20:14,17.968540631936193,-66.17363940418669,3
GAN,2025-12-11,22:22,17.996234200445574,-66.04783529640235,9
GAN,2025-12-21,20:30,0.0,0.0,9
GAN,2025-12-18,20:07,0.0,0.0,9
GAN,2025-12-16,22:20,18.012785,-66.0229367,9
GAN,2025-12-12,08:00,0.0,0.0,3
GAN,2025-12-15,07:52,17.9746121,-66.092612,8
GAN,2025-12-12,20:45,18.012785,-66.0229367,9
GAN,2025-12-18,07:00,0.0,0.0,3
GAN,2025-11-17,08:00,-18.646245142670608,53.0859375,9
GAN,2025-12-17,08:00,0.0,0.0,3
GAN,2025-12-18,10:00,17.969135371371365,-66.13535549630139,5
GAN,2025-12-16,08:24,0.0,0.0,9
GAN,2025-12-12,08:00,-21.28937435586041,76.9921875,9
GAN,2025-12-11,08:00,0.0,0.0,9
GAN,2025-12-10,08:00,-33.13755119234614,153.984375,9
GAN,2025-12-16,13:59,0.0,0.0,9
GAN,2025-11-20,22:15,42.33836970000001,-83.8885552,9
GAN,2025-09-30,13:31,42.3436748,-83.8906525,8
GAN,2025-12-10,20:25,17.996197786105107,-66.0477619067669,9
GAN,2025-12-20,22:11,20.808444493071644,-100.52567387848374,5
GAN,2025-11-20,20:40,44.27614349232654,-72.41438129789546,3
GAN,2025-12-23,22:43,18.012785,-66.0229367,9
GAN,2025-12-20,21:01,27.429968134899383,-112.52703285968,3
GAN,2025-12-03,19:34,-55.77657301866768,56.25,5
GAN,2025-12-31,21:40,-8.636654048222805,116.59936859603616,9
GAN,2025-12-31,21:27,-8.636621425461867,116.59936450339528,9
GAN,2025-12-31,00:04,0.0,0.0,9
GAN,2025-12-30,23:08,42.08133482485631,12.542143939673258,8
GAN,2025-12-30,23:06,42.08133482485631,12.542143939673258,9
GAN,2025-12-19,22:15,36.81195031906404,-92.41830032192654,3
GAN,2025-12-30,03:40,38.88774616347763,-119.81833161629748,3
GAN,2025-12-30,00:35,0.0,0.0,9
GAN,2025-12-29,20:00,41.26921349376009,-96.00414734721988,9
GAN,2025-11-18,20:00,30.6761971,-97.9374948,7
GAN,2025-12-28,20:03,37.68060726673168,-106.58543699045602,7
GAN,2025-12-28,21:56,18.02617073,-65.98272705,9
GAN,2025-12-27,20:42,45.16471002338072,-87.77623289756887,5
GAN,2025-12-27,18:44,33.150118,-97.6872521,9
GAN,2025-12-26,22:20,34.48384467491508,-93.0771771369822,5
GAN,2025-12-26,22:20,34.5077615,-93.0546003,5
GAN,2025-12-26,23:01,18.012785,-66.0229367,9
GAN,2025-12-27,02:37,48.7528556,8.2445768,5
GAN,2025-12-27,00:16,52.73361902697505,-1.39420506145859,5
GAN,2025-12-22,20:57,18.012785,-66.0229367,9
GAN,2025-12-27,00:47,0.0,0.0,9
GAN,2025-12-27,00:43,6.427472593311088,105.6362109395277,9
GAN,2025-12-26,22:25,42.652327,141.6167431,8
GAN,2025-12-25,21:10,38.902016086452775,-9.04370743718858,9
GAN,2025-12-25,21:49,44.682456930208,37.788077678071154,8
GAN,2025-12-25,20:20,44.7204511,37.6606718,7
GAN,2025-12-24,21:13,47.540416,-122.7705164,9
GAN,2025-12-24,20:10,42.9732995,-71.4408286,7
GAN,2025-12-24,19:00,40.33085871531203,-74.67363251293384,5
GAN,2025-11-25,02:45,42.252622454666806,1.78680783166683,3
GAN,2025-12-24,20:15,-32.0169749,115.8417352,7
GAN,2025-12-24,16:23,20.593684,78.96288,9
GAN,2025-12-24,16:22,28.7014255,77.2581724,9
GAN,2025-12-24,16:20,17.597562071766358,83.89356803792518,9
GAN,2025-12-23,21:02,38.67368716513474,-90.488682331978,7
GAN,2025-12-23,22:38,17.964520744533072,-66.11468448418152,9
GAN,2025-12-23,20:34,57.69645104364236,11.968965949090382,8
GAN,2025-12-22,20:02,40.21081108171638,-92.63048371422649,3
GAN,2025-12-22,20:00,40.21105746976271,-92.63011886588735,3
GAN,2025-12-17,19:45,40.18448592788906,-92.6432636617288,5
GAN,2025-12-17,19:45,40.18457017826358,-92.64351409686113,5
GAN,2025-12-17,19:45,40.18451157979621,-92.64334822608602,5
GAN,2025-12-17,19:45,40.18447153913192,-92.6435678951521,5
GAN,2025-12-17,19:45,40.18465599428893,-92.64381114170727,5
GAN,2025-12-17,19:35,40.1790978827848,-92.64639510842233,5
GAN,2025-12-17,19:35,40.179365407045154,-92.64645938339596,7
GAN,2025-12-17,19:35,40.17927825421529,-92.64644094898205,7
GAN,2025-12-17,19:35,40.1790287427878,-92.64642497300972,7
GAN,2025-12-17,19:35,40.17894402643577,-92.6463480288667,5
GAN,2025-12-17,20:00,40.18842775685989,-92.64162509800045,3
GAN,2025-12-17,20:00,40.18838660425195,-92.64155020887148,3
GAN,2025-12-17,20:00,40.18843721327247,-92.64147342790336,3
GAN,2025-12-17,20:00,40.188440781608826,-92.64152183380531,3
GAN,2025-12-17,20:00,40.18850913495885,-92.64134558906154,3
GAN,2025-12-17,19:25,40.19039238793759,-92.64861666767776,7
GAN,2025-12-17,19:25,40.19055148998573,-92.64887281457446,5
GAN,2025-12-22,13:14,40.38784598089759,-74.76009086978667,9
GAN,2025-12-17,19:25,40.19033955163098,-92.64856991608814,7
GAN,2025-12-17,19:25,40.19040511690067,-92.64859365862362,5
GAN,2025-12-17,19:25,40.1904596831718,-92.64847770853385,5
GAN,2025-12-17,19:10,40.18413192858321,-92.6238395756307,5
GAN,2025-12-17,19:10,40.18423418899288,-92.62377047457925,5
GAN,2025-12-17,19:10,40.18409289897647,-92.62364084863468,5
GAN,2025-12-17,19:10,40.18391969075973,-92.62373276059954,5
GAN,2025-12-22,10:28,40.16978722270108,-92.6183786405572,5
GAN,2025-12-17,19:00,40.16980680531883,-92.61836944589491,5
GAN,2025-12-22,10:22,40.16976765002954,-92.61870599898504,5
GAN,2025-12-22,10:22,40.1700231720528,-92.61876159797156,5
GAN,2025-12-22,10:19,40.16968291944379,-92.61853999090916,5
GAN,2025-12-22,09:50,38.5221,-92.1641,5
GAN,2025-12-20,22:00,20.6205266,-100.1751483,5
GAN,2025-11-22,23:27,17.6437726,-101.4112049,3
GAN,2025-12-22,09:49,40.15984017288309,-92.62399741392636,5
GAN,2025-12-22,09:48,40.160063692068,-92.624393716916,5
GAN,2025-12-22,09:47,40.1595970277776,-92.62415244064476,5
GAN,2025-12-22,09:42,40.15971543465711,-92.62426751275773,5
GAN,2025-12-22,08:54,40.15920275194452,-92.62417900910464,5
GAN,2025-12-13,20:47,59.48251782267631,13.128957500314748,3
GAN,2025-12-01,20:12,45.41825673808921,16.432940940370834,9
GAN,2025-12-22,06:37,39.40569446872426,-78.66964829703542,9
GAN,2025-12-22,20:36,42.648648648648646,141.61663133614195,9
GAN,2025-12-22,02:11,41.49260972353049,-81.55038027334565,7
GAN,2025-12-21,23:18,41.50826862283755,-81.59996608381019,8
GAN,2025-12-21,23:06,41.51081604203236,-81.61149723047768,8
GAN,2025-12-21,22:39,41.50215450750643,-81.48889112402279,7
GAN,2025-12-21,22:21,41.38987161244053,-81.47718575429556,7
GAN,2025-12-03,23:31,40.73758700920581,-80.07584357430844,9
GAN,2025-12-21,18:30,35.2829844,-106.7189285,5
GAN,2025-12-21,23:30,40.73755389760831,-80.07607986149493,9
GAN,2025-12-21,22:24,40.7104367,-80.1443999,8
GAN,2025-12-21,20:27,40.19518777547289,-92.64782541864533,3
GAN,2025-12-21,20:21,40.18415728915799,-92.64157745663104,3
GAN,2025-12-21,20:18,40.18435318642315,-92.64387506318064,3
GAN,2025-12-21,20:05,40.17984499744031,-92.64670964344889,3
GAN,2025-12-21,20:02,40.17836334870631,-92.65178908473553,3
GAN,2025-12-21,19:57,40.19013056426974,-92.64873823284812,3
GAN,2025-12-21,19:40,40.210812803741405,-92.63048746134564,5
GAN,2025-12-21,21:57,0.0,0.0,9
GAN,2025-12-21,20:24,31.342308854329,-65.5660949240247,8
GAN,2025-12-22,02:24,48.9807595,8.9869247,7
GAN,2025-12-21,20:23,0.0,0.0,9
GAN,2025-12-21,19:12,40.87335198152149,-79.90805303006137,9
GAN,2025-12-14,01:54,44.4253495,11.376121,5
GAN,2025-12-20,22:58,18.0657622,-66.2278287,9
GAN,2025-12-20,20:18,33.11498770148382,-84.54190975807144,5
GAN,2025-12-19,20:30,18.0251582,-66.0106684,5
GAN,2025-12-20,01:59,17.976733934022278,-66.24271549176079,7
GAN,2025-12-20,04:32,52.73366117239532,-1.3942292326702237,5
GAN,2025-12-19,23:56,17.963677114313747,-66.10310356852031,7
GAN,2025-12-19,23:51,17.968694665054095,-66.11546690658808,8
GAN,2025-12-19,21:44,17.96289705683453,-66.06176169674782,8
GAN,2025-12-19,23:41,18.011541857662117,-66.02511113974639,8
GAN,2025-12-19,23:34,17.9746121,-66.092612,7
GAN,2025-12-19,23:10,18.00690524816357,-65.89863130091072,9
GAN,2025-12-13,20:40,17.9677567,-66.1090172,9
GAN,2025-12-19,22:47,18.002815153928815,-66.10690158287771,9
GAN,2025-12-19,22:40,18.010456564929164,-66.02146687050956,8
GAN,2025-12-19,21:22,17.9732164,-66.223778,8
GAN,2025-12-19,21:00,18.070479464948352,-66.2377791482323,5
GAN,2025-12-19,20:00,0.0,0.0,3
GAN,2025-12-18,23:48,17.963677114313747,-66.10310356852031,5
GAN,2025-12-19,19:50,39.6381826,-8.6652972,7
GAN,2025-12-18,08:15,32.4482147,-93.5774252,5
GAN,2025-12-17,17:57,41.4994346,-71.2511538,5
GAN,2025-12-17,17:53,41.4994346,-71.2511538,7
GAN,2025-12-19,00:08,17.968694665054095,-66.11546690658808,8
GAN,2025-12-18,23:37,18.006846066321607,-65.89848715325837,9
GAN,2025-12-18,22:37,18.00978087706979,-66.11497518065896,5
GAN,2025-12-18,22:13,18.0251582,-66.0106684,7
GAN,2025-12-18,21:38,17.968694665054095,-66.11546690658808,8
GAN,2025-12-18,20:43,18.011468361676155,-66.0251098700192,8
GAN,2025-12-18,20:36,17.980071704477027,-66.1286553486253,5
GAN,2025-12-18,19:30,17.970283187058435,-66.10658168792725,9
GAN,2025-12-18,21:13,39.621326134030205,-8.648210549436124,9
GAN,2025-12-18,20:36,39.6045193,-8.5861244,9
GAN,2025-12-18,19:15,35.7384892,139.3270235,9
GAN,2025-12-17,20:18,44.7180464,37.7770118,9
GAN,2025-12-18,03:50,18.0251582,-66.0106684,5
GAN,2025-12-18,00:54,42.3348476,-74.8094526,3
GAN,2025-12-18,00:58,17.989273680570065,-66.0450721111112,7
GAN,2025-12-18,00:09,17.968691261893547,-66.11544563683466,9
GAN,2025-12-17,20:46,36.90495966575115,-111.45922281123651,7
GAN,2025-12-17,23:41,17.96452025137335,-66.11468645481686,8
GAN,2025-12-17,23:34,18.006747940608705,-65.89865639214257,8
GAN,2025-12-17,20:25,33.6818938,-112.3918867,8
GAN,2025-12-17,23:22,17.976807748297364,-66.2426895534091,8
GAN,2025-12-15,22:10,42.74916604657637,-71.09423476155044,9
GAN,2025-12-17,23:06,17.969348,-66.069942,7
GAN,2025-12-17,22:48,18.0657429,-66.2277696,5
GAN,2025-12-17,22:37,18.009779295246975,-66.11497557975498,7
GAN,2025-12-17,19:38,32.61073147105754,-110.79714611955252,3
GAN,2025-12-17,22:28,17.9870515,-66.058249,7
GAN,2025-12-17,22:17,18.070479464948352,-66.2377791482323,8
GAN,2025-12-17,21:52,18.00273012946403,-66.10689458798946,8
GAN,2025-12-17,20:44,40.7085359,-80.1415077,9
GAN,2025-12-17,21:36,17.979985805340487,-66.1285550194749,5
GAN,2025-12-17,20:52,17.997482959590858,-66.10418891953698,8
GAN,2025-12-17,20:55,17.970151715821643,-66.18046958488004,9
GAN,2025-12-17,21:41,-33.4587632,-70.6533225,9
GAN,2025-12-17,20:31,17.952403783525778,-66.18368749752167,7
GAN,2025-12-17,20:19,18.034785160245303,-66.10818325070879,5
GAN,2025-12-17,20:09,18.0480375,-65.9976362,1
GAN,2025-12-17,20:01,18.0118704,-66.0232492,9
GAN,2025-11-20,21:07,33.1512505,-117.1821885,9
GAN,2025-12-17,21:55,39.616664597733646,-8.615341186523438,7
GAN,2025-12-12,00:00,-43.1261595,146.3800855,3
GAN,2025-12-11,23:03,-43.1652218,146.3113254,3
GAN,2025-12-14,01:24,-42.94723889999999,146.7995147,7
GAN,2025-11-14,21:39,-41.5999539,146.4069499,3
GAN,2025-11-13,21:40,-41.2097467,148.2792859,3
GAN,2025-11-12,23:01,-42.13031207317187,148.31199645996094,3
GAN,2025-11-14,23:42,-43.2764465,146.4662995,3
GAN,2025-12-13,21:14,61.1418112,-149.7300992,5
GAN,2025-12-16,23:44,0.0,0.0,9
GAN,2025-12-16,20:09,33.146143,-117.1276724,8
GAN,2025-12-14,22:30,14.80852181143064,121.04266056132072,5
GAN,2025-12-16,20:47,33.6619819,-112.3412726,8
GAN,2025-12-16,20:26,36.90496036162903,-111.45922274524932,7
GAN,2025-12-16,22:59,17.964518836713083,-66.11468739584397,8
GAN,2025-12-16,22:17,18.007036198795884,-65.898379731993,8
GAN,2025-12-16,22:03,17.9870515,-66.058249,9
GAN,2025-12-16,21:59,17.976791500489846,-66.2427029631793,9
GAN,2025-12-16,21:22,17.97403819103048,-66.0709930083109,8
GAN,2025-12-16,21:14,18.01147418413862,-66.02516367821758,8
GAN,2025-12-16,21:11,17.989265134281016,-66.0450439919337,7
GAN,2025-12-16,20:38,17.980071704477027,-66.1286553486253,9
GAN,2025-12-16,19:25,38.86442146583975,-77.29555654977005,8
GAN,2025-12-16,20:18,18.0756253,-66.0998859,9
GAN,2025-12-16,19:45,17.970283187058435,-66.10658168792725,8
GAN,2025-12-16,23:44,36.1685269,33.5606838,8
GAN,2025-12-15,19:30,38.53713814308125,-90.53784044945652,7
GAN,2025-12-15,20:30,39.64928,-91.7438464,3
GAN,2025-12-16,07:02,32.70336319611083,-97.15641214186483,9
GAN,2025-12-15,20:30,18.0251582,-66.0106684,5
GAN,2025-12-15,23:57,40.187933374695305,-92.5854648837998,7
GAN,2025-12-15,23:51,40.18516152871833,-92.58519517904917,5
GAN,2025-12-15,23:40,40.18373696397723,-92.58015375121369,5
GAN,2025-12-15,23:30,40.17996127925722,-92.57765437816668,5
GAN,2025-12-16,01:42,17.9732251,-66.2237534,8
GAN,2025-12-15,20:24,33.1461327,-117.1278562,8
GAN,2025-12-15,23:45,18.011734465670404,-66.01627101420041,7
GAN,2025-12-15,20:18,33.6819082,-112.3917559,8
GAN,2025-12-15,22:00,17.974194995900405,-66.08825554993244,8
GAN,2025-12-15,22:24,0.0,0.0,5
GAN,2025-12-15,20:14,17.96854112934986,-66.17364418902,3
GAN,2025-12-15,22:16,17.96854112934986,-66.17364418902,9
GAN,2025-12-15,21:41,18.01164108930154,-66.0194223064464,3
GAN,2025-12-15,21:45,18.01004290441151,-66.00466204527407,8
GAN,2025-12-15,21:37,17.9814308,-65.9883343,8
GAN,2025-12-15,21:27,17.989348410419186,-66.05161781717048,9
GAN,2025-12-15,21:27,17.9694808,-66.0700169,7
GAN,2025-12-15,21:17,17.98001163702011,-66.12866502908096,1
GAN,2025-12-15,21:08,17.9931390296211,-66.07885560750994,7
GAN,2025-12-15,21:08,17.968834225402688,-66.07329656525812,9
GAN,2025-12-15,20:59,18.00984227535376,-66.023882580355,7
GAN,2025-12-15,20:30,17.9626433,-66.0617431,8
GAN,2025-12-15,20:39,18.03493216501682,-66.1084204687952,5
GAN,2025-12-15,20:36,17.97428447384084,-66.16604469933795,5
GAN,2025-12-15,20:29,17.952409993066816,-66.1836764216423,5
GAN,2025-12-15,20:14,18.01145201954796,-66.02513027047651,8
GAN,2025-12-15,20:13,17.986019513072588,-66.0514654635115,9
GAN,2025-12-15,20:11,18.0481298,-65.9969346,1
GAN,2025-12-15,19:02,17.9702445,-66.1065541,9
GAN,2025-12-16,00:42,27.7699884,85.3820669,3
GAN,2025-12-15,23:16,27.7751595,85.39369579999999,5
GAN,2025-12-15,00:42,38.88743025547445,-119.81822229143012,3
GAN,2025-12-14,23:13,33.2000368,-117.2425355,9
GAN,2025-12-14,21:08,39.6722176,-104.7855104,7
GAN,2025-12-15,00:08,18.006828217621212,-65.89841183078998,9
GAN,2025-12-14,20:08,33.2199675,-117.214401,9
GAN,2025-12-14,22:37,17.999386687010986,-66.02706454504008,7
GAN,2025-12-14,23:17,17.978937199927074,-66.28639615989445,8
GAN,2025-12-14,21:07,17.980011449378935,-66.1286279208371,8
GAN,2025-12-14,23:06,18.002779000000007,-66.00821685000001,9
GAN,2025-12-14,22:27,18.011472670017575,-66.02517664432526,8
GAN,2025-12-14,22:12,17.96867374728444,-66.11497442119776,9
GAN,2025-12-14,22:11,18.01045450466421,-66.02146533548992,8
GAN,2025-12-14,19:56,36.64665222810099,-93.2318024819814,7
GAN,2025-12-14,21:22,17.98601491924646,-66.05152539015016,9
GAN,2025-12-14,21:19,17.992189641133482,-65.88570412336624,9
GAN,2025-12-14,21:11,17.989347096842877,-66.0516126718818,9
GAN,2025-12-14,21:07,17.9814794,-65.9879909,5
GAN,2025-12-14,21:01,17.99314058218364,-66.07885439307958,8
GAN,2025-12-12,20:51,17.99314058218364,-66.07885439307958,8
GAN,2025-12-14,20:24,10.9491874,-64.030843,8
GAN,2025-12-14,20:25,18.0756253,-66.0998859,9
GAN,2025-12-14,20:16,10.9491874,-64.030843,5
GAN,2025-12-14,20:02,17.985160103305315,-66.05126044401952,9
GAN,2025-12-14,20:05,18.07048687877697,-66.23778331358645,8
GAN,2025-11-14,22:00,32.2532572,-97.8097244,5
GAN,2025-12-14,17:55,40.69343426697236,-80.13072109762228,8
GAN,2025-12-14,19:15,42.45489469143561,18.6830869732457,9
GAN,2025-11-18,18:25,47.61028193999402,20.728228602118858,3
GAN,2025-11-18,18:25,47.61028800543814,20.728229692798443,3
GAN,2025-10-20,20:10,47.6101620259459,20.727895276981364,3
GAN,2025-10-19,19:40,47.61034367361199,20.72833005929676,3
GAN,2025-10-18,20:00,47.61017618604217,20.728024736304143,3
GAN,2025-09-17,20:50,47.61022160748399,20.728011108042946,3
GAN,2025-08-19,22:02,47.61017759953627,20.728000164237805,3
GAN,2025-07-20,22:10,47.61033538310869,20.728270216781773,3
GAN,2025-06-21,22:35,47.61032373614472,20.72825837704446,3
GAN,2025-05-20,21:45,47.61034786786772,20.72834465334928,5
GAN,2025-04-28,21:25,47.61026171027756,20.72801216744104,3
GAN,2025-04-27,20:45,47.61016382677325,20.72800039976081,3
GAN,2025-04-21,22:05,47.610178103555945,20.728060956042395,3
GAN,2025-03-27,19:32,47.61012689131933,20.72816623004895,3
GAN,2025-03-21,19:55,47.60776739012047,20.729142019404904,3
GAN,2025-03-21,19:30,47.61316779659826,20.73037914306374,3
GAN,2025-12-13,23:19,38.887411185183744,-119.81822667759047,3
GAN,2025-12-13,21:35,33.140826593993815,-117.05459170090056,9
GAN,2025-12-13,22:24,0.0,0.0,5
GAN,2025-12-13,23:26,17.9814643,-65.9880053,5
GAN,2025-12-13,20:02,36.90496071823233,-111.45922247488038,7
GAN,2025-12-13,22:36,18.0375953,-66.1058343,7
GAN,2025-12-13,20:30,30.267153,-97.7430608,9
GAN,2025-12-13,19:34,32.42319053507636,-110.91933365921577,5
GAN,2025-12-13,20:32,30.39716868562549,-97.9082399852886,7
GAN,2025-12-13,20:30,30.397149984107763,-97.90824280684014,9
GAN,2025-12-13,20:29,30.39717498703901,-97.908250289129,9
GAN,2025-12-13,22:14,17.99218124106971,-65.88569778101716,7
GAN,2025-12-13,21:45,17.967102071463597,-66.11994222710912,9
GAN,2025-12-13,18:33,32.42501074916916,-110.90918904180722,5
GAN,2025-12-13,21:28,17.9946151,-66.0805816,8
GAN,2025-12-13,21:30,17.967260880736227,-66.10514039677086,8
GAN,2025-12-13,20:50,0.0,0.0,5
GAN,2025-12-13,20:46,0.0,0.0,7
GAN,2025-12-13,20:43,0.0,0.0,8
GAN,2025-12-13,20:41,17.975472264491557,-66.08744959518235,8
GAN,2025-12-13,20:28,17.9786804,-66.0743787,5
GAN,2025-12-13,20:27,18.0756253,-66.0998859,9
GAN,2025-12-14,05:23,10.6589923,106.5734366,9
GAN,2025-12-13,22:20,42.45490601302,18.68308192491516,8
GAN,2025-12-13,20:25,51.841267532374886,4.144773229070062,7
GAN,2025-12-13,23:32,18.5246091,73.8786239,7
GAN,2025-12-13,23:39,27.7173579,85.50457109999999,3
GAN,2025-12-12,20:40,18.014687080590598,-65.91108149052349,7
GAN,2025-12-13,22:23,-26.6929945,153.1038341,7
GAN,2025-12-12,20:53,45.41387433829377,16.425157668741512,8
GAN,2025-12-11,20:44,45.41352752063764,16.424893537450473,9
GAN,2025-12-10,20:47,45.41372639638227,16.425125432603352,9
GAN,2025-12-09,20:42,45.41345872375848,16.425496589400648,9
GAN,2025-12-12,22:21,33.140751809825105,-117.05457622445869,8
GAN,2025-12-13,01:01,17.9732388,-66.2237457,7
GAN,2025-12-13,00:58,18.0021402,-66.6190555,7
GAN,2025-12-12,20:52,32.9713756,-117.1181623,7
GAN,2025-12-13,00:47,18.0000243,-66.6195307,7
GAN,2025-12-13,00:40,17.9975903,-66.618501,8
GAN,2025-12-13,00:33,18.0003764,-66.6183992,7
GAN,2025-12-13,00:27,17.9995771,-66.616398,7
GAN,2025-12-13,00:20,18.0024466,-66.616763,8
GAN,2025-12-12,20:30,33.6819337,-112.3917157,8
GAN,2025-12-12,22:58,17.974174774405313,-66.08828142037225,7
GAN,2025-12-12,21:28,17.9681448,-66.1088084,3
GAN,2025-12-12,21:42,18.011603623818463,-66.01940944060682,7
GAN,2025-12-12,21:54,17.964519331169324,-66.11468792921059,9
GAN,2025-12-12,21:48,18.00981712027058,-66.11499447546596,8
GAN,2025-12-12,21:35,17.97403725678688,-66.07099308007888,9
GAN,2025-12-12,21:25,17.999408499302124,-66.02704051736009,7
GAN,2025-12-12,21:07,17.974247296345133,-66.09806640450718,7
GAN,2025-12-12,20:44,17.964817323274303,-66.11398242181544,8
GAN,2025-12-12,20:50,17.9947096,-66.0806089,7
GAN,2025-12-12,20:41,17.97547225284641,-66.08744962221525,7
GAN,2025-12-12,20:12,17.968740393279298,-66.07330291243154,9
GAN,2025-12-12,20:28,17.952403949756363,-66.18366310470982,5
GAN,2025-12-12,20:27,17.974402701844614,-66.16607230010226,8
GAN,2025-12-12,20:16,0.0,0.0,8
GAN,2025-12-13,00:17,52.73365041752923,-1.3942746691333792,5
GAN,2025-12-12,20:08,17.97390547001084,-66.12118791173378,9
GAN,2025-12-11,22:20,39.78023640910003,-94.87443855980888,7
GAN,2025-12-11,22:25,43.82577269999999,-79.3043211,9
GAN,2025-12-11,22:45,38.5832156,-121.5038993,8
GAN,2025-12-11,22:28,39.7804502932265,-94.873162811758,7
GAN,2025-12-11,23:37,26.4802845,-81.82243989999999,7
GAN,2025-12-12,19:16,42.454987,18.683105587553648,9
GAN,2025-12-12,15:45,28.7014227,77.2582208,5
GAN,2025-12-12,15:36,28.7014227,77.2582208,9
GAN,2025-12-12,02:09,37.1708,-113.3323,5
GAN,2025-12-11,21:17,35.4894169,-120.6707255,9
GAN,2025-12-11,21:08,32.8976078,-117.2049447,9
GAN,2025-12-11,20:08,38.88734310306624,-119.81826054907388,3
GAN,2025-12-11,19:36,32.610388500447456,-110.7971567365468,3
GAN,2025-12-11,19:16,33.6818758,-112.3918003,8
GAN,2025-12-11,18:12,32.87084085798063,-117.21066104866848,9
GAN,2025-12-11,22:00,17.999408824389228,-66.026984370226,9
GAN,2025-12-11,19:26,32.0441981,-102.109201,9
GAN,2025-12-11,17:19,33.2199675,-117.214401,5
GAN,2025-12-10,22:00,18.006898357227406,-66.01240351928854,5
GAN,2025-12-11,18:36,32.3182314,-86.902298,9
GAN,2025-12-11,18:23,32.3182314,-86.902298,9
GAN,2025-12-11,20:08,18.0756253,-66.0998859,9
GAN,2025-12-12,01:04,36.20824219464159,6.800763549865119,5
GAN,2025-12-10,20:40,17.9794596,-66.1081718,9
GAN,2025-12-11,21:59,44.7203941,37.6605897,5
GAN,2025-12-11,19:47,46.4103107,16.4126672,8
GAN,2025-12-10,21:12,33.6818775,-112.3918189,8
GAN,2025-12-11,13:52,46.3861596,16.4274978,9
GAN,2025-12-10,08:07,18.0059681,-66.0191323,5
GAN,2025-12-10,22:00,18.004183267788736,-66.01628116524891,5
GAN,2025-12-10,22:00,18.004183267788736,-66.01628116524891,5
GAN,2025-12-10,22:00,18.004183267788736,-66.01628116524891,5
GAN,2025-12-10,21:23,38.886827,-119.818367,3
GAN,2025-12-10,21:23,38.886827,-119.818367,3
GAN,2025-12-10,21:20,32.96215394993125,-117.1333509076264,8
GAN,2025-12-10,20:03,33.14075015546495,-117.05457599935318,9
GAN,2025-12-10,18:25,0.0,0.0,9
GAN,2025-12-09,18:10,34.0642413,-118.0340904,9
GAN,2025-12-09,22:10,29.87232,-98.631131,3
GAN,2025-12-10,18:23,42.454654,18.683004,9
GAN,2025-12-10,18:23,42.454654,18.683004,9
GAN,2025-12-09,20:29,33.1513856,-117.1390464,8
GAN,2025-12-08,21:03,45.414311512960055,16.428092539253807,9
GAN,2025-12-07,20:06,45.41516074631232,16.427909338834695,9
GAN,2025-12-06,20:02,45.414381749879546,16.427597741375298,9
GAN,2025-12-08,19:24,40.69343250991154,-80.13072474471771,9
GAN,2025-12-08,18:44,19.7514798,75.7138884,9
GAN,2025-11-14,17:28,37.9374939,-107.8122852,9
GAN,2025-12-07,18:20,44.8357643,9.4334716,5
GAN,2025-09-22,22:30,40.0034429,-105.2580547,7
GAN,2025-11-23,21:53,38.10358989179437,-103.7040758703125,1
GAN,2025-08-27,22:23,40.0067943,-105.2628211,7
GAN,2025-11-20,19:15,40.0045970517237,-105.27687930852534,8
GAN,2025-11-20,21:09,39.97975432835179,-105.33183856108803,5
GAN,2025-12-05,20:05,33.1461055,-117.1278972,7
GAN,2025-12-05,19:52,40.0189728,-105.2747406,9
GAN,2025-10-14,21:45,40.143714637195686,-105.26893615722656,7
GAN,2025-10-14,20:30,40.01811860565671,-105.2736002971874,8
GAN,2025-12-05,17:42,33.408653685141324,-97.07406848077088,5
GAN,2025-12-04,20:00,35.6573145,-120.7579834,9
GAN,2025-12-05,21:31,45.41435703122565,16.427871441422127,9
GAN,2025-12-05,13:05,40.0189728,-105.2747406,5
GAN,2025-11-29,13:52,40.0189728,-105.2747406,7
GAN,2025-12-04,21:23,25.4757094,-80.4484662,9
GAN,2025-12-03,20:03,45.41542765320328,16.428468378834747,9
GAN,2025-12-02,20:02,45.41452080855067,16.428154265037893,9
GAN,2025-11-23,20:01,45.413902188966304,16.427629966579605,9
GAN,2025-11-14,20:43,45.41431901420195,16.428156384462728,9
GAN,2025-12-04,20:41,45.41404850221582,16.427677062013196,9
GAN,2025-12-03,20:40,45.41457670836963,16.427555517146825,9
GAN,2025-12-02,20:39,45.41446708923375,16.427302143669507,8
GAN,2025-12-01,20:39,45.41487325576251,16.427722332740924,9
GAN,2025-11-30,20:44,45.41445119013281,16.428470136405316,9
GAN,2025-11-29,20:37,45.41915635249624,16.451841451951577,9
GAN,2025-10-22,21:52,38.4144969,-96.1791502,9
GAN,2025-11-17,21:12,38.403903,-96.1816626,8
GAN,2025-10-15,21:48,38.50541148365247,-96.26713551949553,9
GAN,2025-10-15,21:43,38.52103043458549,-96.2799232173767,5
GAN,2025-12-04,19:57,27.6648274,-81.5157535,9
GAN,2025-12-04,19:38,47.04018214480667,-76.629638671875,8
GAN,2025-11-29,21:22,38.8459879,-77.3053035,7
GAN,2025-12-04,17:23,38.6773136,-90.3802762,9
GAN,2025-12-04,17:36,36.17587209042449,-94.18814768497012,9
GAN,2025-12-04,16:43,38.6773136,-90.3802762,9
GAN,2025-12-03,17:00,35.4894169,-120.6707255,1
GAN,2025-11-15,22:00,40.0102303,-105.4066764,5
GAN,2025-12-02,21:00,35.37231582422895,-120.84669675362004,8
GAN,2025-11-16,21:20,38.420984294946855,-96.17382864773118,5
GAN,2025-12-04,21:37,14.8269859,76.2263438,9
GAN,2025-12-04,21:36,15.502770521194712,75.45096020831546,9
GAN,2025-12-04,21:31,16.829847400061112,75.71176026635078,9
GAN,2025-12-04,20:40,18.81065792172625,72.99126468230068,9
GAN,2025-11-20,20:24,35.0427547,-120.4759986,5
GAN,2025-12-03,23:12,0.0,0.0,9
GAN,2025-12-03,20:47,35.12512358748172,-120.57056919321994,8
GAN,2025-12-03,17:54,44.980050627479386,-93.23978080055376,9
GAN,2025-12-03,19:14,44.96638076583176,-93.16097566958848,9
GAN,2025-12-02,20:15,35.9916574,-94.3269291,9
GAN,2025-12-02,20:15,35.9916574,-94.3269291,9
GAN,2025-11-19,21:46,36.3708715288228,-94.08251400627714,3
GAN,2025-12-02,21:44,36.37088582185745,-94.08251790021528,9
GAN,2025-09-20,20:50,39.089887515312654,-97.22718987185286,1
GAN,2025-12-02,20:37,36.4035699,-93.7399308,8
GAN,2025-10-22,22:16,48.1738048,-114.9814652,3
GAN,2025-11-07,01:00,36.3723561,-94.21021410000002,9
GAN,2025-11-05,02:00,36.3723561,-94.21021410000002,3
GAN,2025-11-05,02:00,0.0,0.0,7
GAN,2025-10-25,03:00,36.3723561,-94.21021410000002,7
GAN,2025-10-25,03:00,36.3723561,-94.21021410000002,3
GAN,2025-08-15,15:00,36.3146294,-94.1005965,5
GAN,2025-08-22,21:35,37.72866878769171,-92.86404547505975,3
GAN,2025-08-22,21:25,37.71551409961219,-92.85415190392231,3
GAN,2025-08-22,21:20,37.73324479817546,-92.86118675379214,3
GAN,2025-08-22,21:15,37.7256183667939,-92.86432009245824,9
GAN,2025-08-22,21:10,0.0,0.0,3
GAN,2025-08-22,21:05,37.727977660661416,-92.85750001759985,3
GAN,2025-08-22,21:00,37.72213109934262,-92.8550341293567,5
GAN,2025-07-19,21:50,37.71551235371535,-92.85418557710123,3
GAN,2025-07-19,21:45,37.733295582499785,-92.86123208451224,3
GAN,2025-07-19,21:40,37.7256004655744,-92.86432387008168,3
GAN,2025-11-11,21:00,35.660434,-120.600334,5
GAN,2025-12-02,12:09,45.6225873,-94.4312931,8
GAN,2025-06-20,22:25,37.71552915321849,-92.85416879102702,3
GAN,2025-06-20,22:20,37.72881510854823,-92.86371143921768,3
GAN,2025-06-20,22:15,37.726553516837846,-92.8671453828076,3
GAN,2025-06-20,22:10,37.72196742666364,-92.86808527109768,1
GAN,2025-06-20,22:05,37.72782104893426,-92.85746005062964,3
GAN,2025-06-20,22:00,37.72210541551046,-92.85503641135026,7
GAN,2025-11-28,22:30,36.3647419,-94.3613771,9
GAN,2025-12-01,22:21,40.6989127,-80.1087742,9
GAN,2025-12-01,20:28,25.6338456,-80.36990639999999,3
GAN,2025-10-17,22:35,39.7307542,-105.2411427,5
GAN,2025-12-01,18:00,34.64122960973104,-118.21544034386264,9
GAN,2025-11-25,20:04,35.25958055592087,-120.75973875708624,3
GAN,2025-10-24,22:09,38.7859909,-77.08034330000001,9
GAN,2025-11-25,19:42,40.00473487285142,-105.25521555672164,9
GAN,2025-11-25,21:25,39.99030313772111,-105.31622163509766,3
GAN,2025-11-17,20:11,39.5169256,-104.7823992,9
GAN,2025-11-17,20:46,39.5041371,-104.9412924,5
GAN,2025-11-15,20:30,39.50361379987566,-104.9412292965867,5
GAN,2025-11-12,20:45,35.61662155984006,-120.65738458247073,5
GAN,2025-11-30,01:53,42.5441268,-113.798792,9
GAN,2025-11-30,03:08,52.7336611128206,-1.3942406185583311,5
GAN,2025-11-30,08:30,14.8132641,76.2256428,9
GAN,2025-11-29,01:17,37.161041,-113.458786,5
GAN,2025-11-28,18:54,35.8594765,-86.5231382,5
GAN,2025-11-28,20:04,45.41445197941229,16.428950770244644,9
GAN,2025-11-27,20:08,45.41437668398271,16.428009289879896,9
GAN,2025-11-26,20:05,45.41466631749661,16.42774372011999,9
GAN,2025-11-28,21:00,18.5246091,73.8786239,9
GAN,2025-11-28,20:19,25.97779895546436,76.5530776977539,9
GAN,2025-11-28,19:55,14.8272506,76.2220204,5
GAN,2025-11-28,03:44,38.88694307465626,-119.81837437735224,3
GAN,2025-11-27,23:08,35.8594765,-86.5231382,5
GAN,2025-11-27,21:37,40.00032188831285,-105.29557177666624,5
GAN,2025-11-26,18:46,40.003529,-105.2882409,5
GAN,2025-11-26,23:32,42.5441268,-113.798792,9
GAN,2025-11-26,21:14,36.56469496960038,-121.91666443425906,8
GAN,2025-11-26,21:09,36.56465682363708,-121.91664870719671,8
GAN,2025-11-26,22:56,35.64570960075105,-80.8466495639312,5
GAN,2025-11-26,21:00,41.33719989144221,21.53900602276846,9
GAN,2025-11-11,18:54,46.9420431,-122.6059582,9
GAN,2025-11-26,18:32,31.796972267824835,35.07657932891449,8
GAN,2025-11-25,22:12,42.5441268,-113.798792,9
GAN,2025-11-01,22:52,35.8008001,-78.7195655,9
GAN,2025-11-12,22:30,35.8008001,-78.7195655,7
GAN,2025-11-24,20:01,45.41447784769026,16.427733129518916,9
GAN,2025-11-24,22:30,0.0,0.0,3
GAN,2025-11-24,22:36,0.0,0.0,5
GAN,2025-11-24,21:00,35.1216424,-120.6212821,8
GAN,2025-11-24,21:00,35.1216424,-120.6212821,7
GAN,2025-11-23,23:21,25.737576386637752,-80.33342822550983,8
GAN,2025-10-28,19:17,-20.529933125170764,0.937957763671875,9
GAN,2025-11-24,20:11,42.9457529,-71.5486562,5
GAN,2025-10-19,20:32,38.41751684456236,-96.17737335545483,8
GAN,2025-11-22,20:30,0.0,0.0,5
GAN,2025-11-24,18:40,0.0,0.0,1
GAN,2025-11-23,19:03,39.6471031,-76.9874394,5
GAN,2025-11-21,20:00,52.5947708,13.3833795,3
GAN,2025-11-24,07:57,17.9717235,-66.0959937,7
GAN,2025-11-24,12:21,55.7481984,37.6209408,9
GAN,2025-11-24,12:21,55.7481984,37.6209408,9
GAN,2025-11-24,12:21,55.7481984,37.6209408,9
GAN,2025-11-24,00:22,35.8594765,-86.5231382,5
GAN,2025-11-23,22:17,38.887393,-119.818404,3
GAN,2025-11-23,21:45,37.24828774323002,-80.01288662317627,5
GAN,2025-11-23,21:54,37.243839232489655,-80.01953802703144,5
GAN,2025-11-23,20:46,37.29555166649804,-80.05473923153629,7
GAN,2025-11-23,20:51,37.29170167164074,-80.04454016791672,7
GAN,2025-11-23,20:32,37.29443571054864,-80.05054139189447,7
GAN,2025-11-23,20:15,37.29120823429252,-80.07077873679238,7
GAN,2025-11-23,19:49,37.27609472640175,-80.1078280592647,5
GAN,2025-11-23,22:35,45.4429998,16.2817277,5
GAN,2025-11-16,21:40,0.0,0.0,9
GAN,2025-11-16,22:15,0.0,0.0,5
GAN,2025-11-16,21:47,0.0,0.0,5
GAN,2025-11-12,00:25,38.08766751620584,-83.48130645177768,5
GAN,2025-11-22,20:15,38.5371379809454,-90.53778640665396,5
GAN,2025-11-22,21:02,38.54351520597023,-90.53353848960968,7
GAN,2025-11-22,20:56,38.54661020220626,-90.53803862995753,7
GAN,2025-11-22,20:50,38.5501857483916,-90.53918690510588,7
GAN,2025-11-22,20:38,38.55317530135059,-90.5452030726542,7
GAN,2025-11-22,23:30,52.25146603268893,8.780313232563092,3
GAN,2025-11-21,23:39,39.9565014,-105.0463682,7
GAN,2025-11-23,01:03,41.1044041,-97.8856938,5
GAN,2025-11-22,19:40,42.14434303998282,-121.82447207265568,3
GAN,2025-11-17,21:44,47.2326667,-122.2096487,7
GAN,2025-11-18,19:41,47.2326676,-122.2096107,9
GAN,2025-11-22,20:19,39.0444192,-95.1845904,3
GAN,2025-11-22,20:06,38.5043782,-90.6204165,5
GAN,2025-11-22,20:43,0.0,0.0,5
GAN,2025-11-22,20:42,43.935429,-71.6855053,3
GAN,2025-10-19,21:50,38.3998524940732,-96.18078819986115,9
GAN,2025-10-19,21:42,38.29878098003827,-96.17120377735368,9
GAN,2025-11-16,20:15,47.1349355,-122.2595282,9
GAN,2025-11-22,23:51,23.0465768,121.152351,7
GAN,2025-11-21,23:06,38.887465,-119.818419,3
GAN,2025-11-21,22:22,42.5441268,-113.798792,7
GAN,2025-11-20,00:33,33.479048892273184,-86.81414525542314,8
GAN,2025-11-21,23:14,33.37675951461875,-87.00660036956931,9
GAN,2025-11-20,19:34,29.99306467884597,-95.56320989152051,9
GAN,2025-11-21,22:30,37.088918536456326,-91.22733200138842,3
GAN,2025-11-21,22:29,30.7083793,-88.2122081,9
GAN,2025-11-20,21:13,33.498965826895294,-86.80466730457093,8
GAN,2025-11-21,20:59,33.479318261569134,-86.81776665069722,9
GAN,2025-11-21,19:45,-21.57532677484382,39.627034909375,9
GAN,2025-11-21,19:30,28.89603071119499,-82.43327214010046,5
GAN,2025-11-21,18:09,33.4286049,-86.69094919999999,9
GAN,2025-11-19,20:31,33.3985025,-86.88365259999999,9
GAN,2025-11-21,18:17,40.227766382453694,-74.04868833287013,9
GAN,2025-11-21,23:49,52.41967128962486,13.11837146362047,8
GAN,2025-11-20,21:40,37.2686122,-121.9615326,9
GAN,2025-11-21,21:08,41.3307283,21.5708322,7
GAN,2025-11-21,07:13,44.276144175185216,-72.41438397172327,3
GAN,2025-11-18,23:26,44.27614180398059,-72.41438005836432,3
GAN,2025-11-21,03:06,33.4360746271017,-86.86022443264703,9
GAN,2025-11-20,21:22,47.2072678,-122.4131839,8
GAN,2025-11-20,23:33,33.49374730732478,-86.81690055921368,9
GAN,2025-11-20,22:55,32.63374181235456,-86.42173167765765,9
GAN,2025-11-20,20:22,47.46023094984784,-122.2575713667096,9
GAN,2025-11-20,23:17,43.7570415,-71.6878162,7
GAN,2025-11-20,18:30,43.26849682199897,-72.59959081669648,3
GAN,2025-11-20,21:57,33.49737087198837,-86.8045162861468,3
GAN,2025-11-20,21:23,33.455817331449,-86.91568888416414,7
GAN,2025-11-19,20:47,32.54598626063328,-86.22734050794357,7
GAN,2025-11-20,20:30,33.4459238,-87.1245486,9
GAN,2025-11-21,02:23,52.733645088292526,-1.394173325393561,5
GAN,2025-11-16,22:00,34.0485769,-84.48899759999999,8
GAN,2025-11-20,21:05,40.42938289769227,-79.98872015426578,9
GAN,2025-11-20,19:57,33.408666384757225,-86.80028143098815,9
GAN,2025-11-19,19:33,31.34254574349516,-86.2680652289558,9
GAN,2025-11-13,19:36,33.43510667968971,-86.85861315097931,9
GAN,2025-11-20,19:30,33.43511128875082,-86.85862329116699,9
GAN,2025-11-20,19:31,31.794951167060955,-85.99485813724199,7
GAN,2025-11-20,22:20,-30.234234234234236,-71.07320217922157,5
GAN,2025-11-20,21:52,-30.216216216216218,-71.08103279515423,5
GAN,2025-11-20,18:42,0.0,0.0,9
GAN,2025-11-20,21:32,-30.216216216216218,-71.08103279515423,5
GAN,2025-11-20,20:58,-9.7865611,-36.3530261,9
GAN,2025-11-13,19:00,41.16678618999999,-81.42842864,9
GAN,2025-11-06,19:05,41.16678618999999,-81.42842864,7
GAN,2025-10-28,19:18,41.16678618999999,-81.42842863999999,9
GAN,2025-11-17,19:10,33.5185892,-86.8103567,3
GAN,2025-11-19,20:21,37.4476485,-91.6772403,3
GAN,2025-11-20,21:56,47.924247,106.921593,9
GAN,2025-11-20,08:23,17.9716482,-66.0959442,8
GAN,2025-11-20,18:45,47.913095,106.8699747,9
GAN,2025-11-20,17:52,47.9049540114603,106.88753088226208,9
GAN,2025-11-20,00:28,33.3523748,-117.152209,9
GAN,2025-11-19,23:26,33.10054873151929,-86.82645217655192,9
GAN,2025-11-19,21:29,33.40816558906573,-86.79945363571927,9
GAN,2025-11-19,22:23,33.04664551455677,-86.8661699887809,7
GAN,2025-11-19,18:06,34.0043002,-85.96906800000001,8
GAN,2025-11-19,19:55,0.0,0.0,5
GAN,2025-11-19,20:46,0.0,0.0,9
GAN,2025-11-19,21:42,33.28622435635506,-86.81834274527989,8
GAN,2025-11-19,21:39,30.673463995741496,-87.88732331147926,9
GAN,2025-11-19,19:15,33.12226815660515,-117.18405330246723,8
GAN,2025-11-19,21:20,33.5300508,-86.7744403,3
GAN,2025-11-18,19:07,33.619906822746835,-86.69104993889356,9
GAN,2025-11-19,21:40,43.759527256656085,-71.68900789449235,8
GAN,2025-11-19,21:34,18.00207301991752,-66.61881770803699,7
GAN,2025-11-19,21:25,18.000124689798476,-66.61870157935611,8
GAN,2025-11-19,21:18,17.997673279209533,-66.61866280412879,8
GAN,2025-11-19,21:14,17.999101291258075,-66.61824022787069,7
GAN,2025-11-19,21:11,17.999602310268934,-66.6156922823345,7
GAN,2025-11-18,21:00,35.2827524,-120.6596156,9
GAN,2025-11-19,21:03,18.002321144036088,-66.61747350889507,7
GAN,2025-11-19,19:43,40.9309853899886,-73.04264115663804,8
GAN,2025-11-19,18:42,33.5675257,-86.8922723,9
GAN,2025-11-19,21:13,-9.7854653,-36.3522612,9
GAN,2025-11-19,17:51,33.6642429,-86.4926707,7
GAN,2025-11-19,20:30,50.7117568,-2.6017792,3
GAN,2025-10-22,21:21,39.47901359999999,-106.1612906,5
GAN,2025-11-18,20:00,38.94245592134744,-92.32348459221754,8
GAN,2025-11-18,19:50,38.94198853212924,-92.32574820975503,8
GAN,2025-11-19,12:23,-32.522779,-55.765835,9
GAN,2025-11-19,23:06,47.65519557856796,104.20807051193135,9
GAN,2025-11-19,18:56,48.39621254028904,106.35595212177608,9
GAN,2025-11-18,20:15,37.4538237,-91.6715192,3
GAN,2025-11-19,05:00,38.889149,-119.81781,3
GAN,2025-11-18,20:16,49.32853315548105,8.81388846776642,3
GAN,2025-11-19,13:43,49.32845969066226,8.814222222700389,3
GAN,2025-11-19,17:49,47.92263777129338,106.9185725428121,9
GAN,2025-11-18,22:36,38.88701,-119.81849,3
GAN,2025-11-18,20:02,37.2343074,-121.8512333,9
GAN,2025-11-18,21:56,38.492523193360284,-96.3342971801837,5
GAN,2025-11-11,22:17,37.8093935,-83.1615632,7
GAN,2025-11-18,20:59,45.0681945,-93.0648048,9
GAN,2025-11-18,20:53,33.5118197,-86.8011326,9
GAN,2025-11-18,22:00,23.76182887544232,90.39150440778354,8
GAN,2025-11-18,18:37,47.2205477,-122.4954298,9
GAN,2025-11-18,18:20,33.12852457592351,-117.09209439278254,9
GAN,2025-11-18,20:49,38.31457212598135,-85.61013760043808,8
GAN,2025-11-18,20:21,43.73637362753455,-71.5794154354901,7
GAN,2025-11-11,23:24,38.0650859,-83.05266979999999,3
GAN,2025-11-18,19:17,40.18776377743693,-92.5855131276747,7
GAN,2025-11-13,21:26,40.18788072461929,-92.56309588996923,5
GAN,2025-11-13,21:08,40.19702842642549,-92.5922531317226,5
GAN,2025-11-18,19:01,40.17702866922626,-92.60107107011127,5
GAN,2025-11-18,19:42,35.79207691194629,-78.67545345113663,9
GAN,2025-11-18,21:42,-9.7854429,-36.3525127,9
GAN,2025-11-04,21:00,27.907022901647583,-142.41684244531248,1
GAN,2025-11-18,20:19,45.41525351383719,16.427706170211128,9
GAN,2025-11-17,16:03,-34.9008317,-55.2581953,9
GAN,2025-11-18,19:41,49.38534474147866,8.808034264934827,7
GAN,2025-11-16,21:05,31.8069385,-111.9910008,7
GAN,2025-11-14,23:59,59.77320895962844,18.43001549020196,3
GAN,2025-11-17,19:48,49.329139735222725,8.811598642627622,7
GAN,2025-11-17,22:13,47.9220509,106.9155007,8
GAN,2025-11-17,22:55,38.88405131216884,-99.28037414452768,3
GAN,2025-11-17,22:40,43.5781632,-116.1986048,7
GAN,2025-11-17,23:13,33.4003475,-86.8976017,9
GAN,2025-11-17,23:44,42.2923473018593,-71.30810092940413,8
GAN,2025-11-17,22:32,38.5477407,-95.8387339,1
GAN,2025-11-17,23:17,42.3135529,-71.2745085,8
GAN,2025-11-17,22:13,33.66681423491817,-86.40790466015613,8
GAN,2025-11-17,23:06,42.3135529,-71.2745085,9
GAN,2025-11-17,22:58,42.295610833779214,-71.30721601267777,9
GAN,2025-11-17,21:17,42.2885857,-71.3000301,8
GAN,2025-11-17,21:53,33.666813583435825,-86.40790435699508,7
GAN,2025-11-17,21:50,33.41453206855223,-86.90404866174585,5
GAN,2025-11-17,21:57,41.50824823050228,-81.599970039548,8
GAN,2025-11-17,21:30,41.50189464864015,-81.48885491684631,7
GAN,2025-10-04,00:32,3.60448,98.680832,9
GAN,2025-11-17,21:04,41.3831588,-81.9022849,9
GAN,2025-11-17,20:58,42.29287232668925,-71.30712757961099,9
GAN,2025-11-17,20:22,42.293623182607945,-71.30597584897666,9
GAN,2025-11-17,19:54,42.29201432412653,-71.30696451561887,9
GAN,2025-11-17,20:18,42.2935733,-71.3059277,9
GAN,2025-11-17,20:14,0.0,0.0,8
GAN,2025-11-17,20:06,42.295465,-71.3075028,8
GAN,2025-11-16,20:19,42.29391608986914,-71.30351518148889,9
GAN,2025-11-17,19:38,42.67256969671444,-71.1190838756098,8
GAN,2025-11-17,21:26,-9.7854771,-36.3524559,9
GAN,2025-11-17,20:18,-9.7864981,-36.347995,9
GAN,2025-11-16,23:30,34.349532,-87.1193522,1
GAN,2025-11-16,23:03,34.349532,-87.1193522,1
GAN,2025-11-15,20:15,39.423711756962206,-92.4692842100551,5
GAN,2025-11-17,21:15,49.46632421012974,8.805810637140913,7
GAN,2025-11-16,20:45,33.22906820443769,-87.53700155747015,9
GAN,2025-11-16,19:08,38.42109219049779,-96.17403152401336,5
GAN,2025-11-17,08:06,35.5161818,-80.8389449,7
GAN,2025-11-17,01:52,38.29217044196241,-85.93403100332013,5
GAN,2025-11-16,22:39,33.6334563,-86.723575,9
GAN,2025-11-16,22:25,35.786438446216735,-78.6661757663525,9
GAN,2025-11-16,21:21,38.64218562851784,-95.89335685293732,5
GAN,2025-11-15,03:27,33.7418195,-87.267956,9
GAN,2025-11-16,22:01,36.33463720467305,-80.70290243851939,7
GAN,2025-11-16,20:43,0.0,0.0,8
GAN,2025-11-16,20:42,52.4822694,-1.8900078,9
GAN,2025-11-16,20:29,33.5309649,-86.7151607,9
GAN,2025-11-16,20:27,33.26423723371002,-86.90213584547645,7
GAN,2025-11-16,21:50,18.0019567,-66.6191931,7
GAN,2025-11-16,20:41,39.6722812,-84.2521632,7
GAN,2025-11-16,19:34,38.4167389,-96.1904998,9
GAN,2025-11-16,20:32,38.3145692765286,-85.6101411410689,8
GAN,2025-11-13,22:03,40.6989127,-80.1087742,8
GAN,2025-11-16,19:02,38.4212486,-96.1761453,5
GAN,2025-11-16,20:00,42.29394395221418,-71.30336293873395,9
GAN,2025-11-16,21:35,-9.7862529,-36.3482972,9
GAN,2025-11-16,21:10,-9.7855008,-36.3523362,9
GAN,2025-11-17,01:21,40.93089278204114,29.121561489333303,9
GAN,2025-11-16,22:18,45.41467713141968,16.42783317964502,9
GAN,2025-11-16,22:08,41.608635,21.745275,5
GAN,2025-03-07,21:27,34.0485769,-84.48899759999999,7
GAN,2025-11-16,01:03,33.54706,-86.7589459,8
GAN,2025-11-15,21:08,38.403903,-96.1816626,5
GAN,2025-11-15,21:01,38.35630605171335,-96.53840352421048,9
GAN,2025-11-15,21:02,45.0683022,-93.0648174,9
GAN,2025-11-15,20:59,38.35652819724445,-96.5383897062285,8
GAN,2025-11-15,18:38,40.14931607565149,-122.89799674857116,9
GAN,2025-11-15,19:49,30.26425324059657,-98.00675524491638,5
GAN,2025-11-15,18:44,38.682219,-104.7008056,7
GAN,2025-11-15,19:39,30.265674195056352,-98.0059391029695,5
GAN,2025-11-15,20:42,38.31456821245824,-85.6101013470343,9
GAN,2025-11-15,19:40,30.26563907397632,-98.00597211041108,5
GAN,2025-11-15,19:37,30.2959878,-98.0076899,7
GAN,2025-11-15,19:31,30.265662549955398,-98.00595018339516,7
GAN,2025-11-15,19:34,30.26563907397632,-98.00597211041108,7
GAN,2025-11-15,19:30,30.265298374517897,-98.00610146859452,5
GAN,2025-11-15,19:31,30.2442537,-98.0034003,7
GAN,2025-11-15,19:31,30.26559264010859,-98.00590507661605,9
GAN,2025-11-15,19:29,30.265019662476533,-98.00621654183594,5
GAN,2025-11-15,19:16,40.10740898875082,-88.25610221288672,9
GAN,2025-11-15,19:00,40.21081484707975,-92.63048268881349,5
GAN,2025-11-15,21:41,-9.7855028,-36.3523253,9
GAN,2025-11-15,20:59,-9.7865649,-36.3479279,9
GAN,2025-11-15,23:07,23.885942,45.079162,1
GAN,2025-11-15,23:02,18.21405729715751,42.580242206539324,3
GAN,2025-11-15,20:20,45.414237889579454,16.42760210138677,9
GAN,2025-11-15,20:01,46.9565891,4.0304058,5
GAN,2025-11-14,20:01,42.7647763,-71.43980739999999,7
GAN,2025-11-14,13:16,42.7647763,-71.43980739999999,7
GAN,2025-11-14,23:25,29.87195933333333,-98.63136733333332,3
GAN,2025-11-14,21:14,37.2393053,-121.9166861,9
GAN,2025-11-14,23:20,30.740191397492893,-87.91385347942686,3
GAN,2025-11-14,21:49,0.0,0.0,7
GAN,2025-11-14,22:46,33.523157,-87.1546163,5
GAN,2025-11-14,22:44,32.5539101,-97.0686444,9
GAN,2025-11-14,21:03,33.6619819,-112.3412726,8
GAN,2025-11-14,22:31,40.74258661876634,-73.98823567189226,8
GAN,2025-11-14,20:51,0.0,0.0,7
GAN,2025-11-14,20:43,44.1402625,-93.9991719,9
GAN,2025-11-14,19:42,33.3822276,-111.6565133,9
GAN,2025-11-15,03:33,45.41428775908831,16.42904177301564,9
GAN,2025-11-14,20:02,30.6721085,-104.0215132,3
GAN,2025-11-14,20:37,38.31456821245824,-85.6101013470343,8
GAN,2025-11-14,19:25,41.389947183066205,-81.47713556566856,7
GAN,2025-11-14,17:57,33.6773237,-86.396648,8
GAN,2025-11-14,21:22,41.608635,21.745275,9
GAN,2025-11-12,19:09,33.488631527642426,-87.0757339434216,9
GAN,2025-11-13,20:06,45.4412095,16.2886076,8
GAN,2025-11-14,08:35,0.0,0.0,9
GAN,2025-11-14,00:34,41.49233190153176,-81.55035465145933,7
GAN,2025-11-13,23:25,38.16902809377017,-85.53744287828138,9
GAN,2025-11-12,22:07,35.7900007,-78.67707109999999,9
GAN,2025-11-13,21:40,40.21093022978803,-92.62998395230666,5
GAN,2025-11-10,22:15,35.7900007,-78.67707109999999,9
GAN,2025-11-13,21:44,41.510870512735046,-81.61134762058545,8
GAN,2025-11-13,18:53,39.6722812,-84.2521632,7
GAN,2025-11-13,20:52,40.21049671118332,-92.6303114332368,5
GAN,2025-11-13,21:39,40.6877984,-80.1174936,8
GAN,2025-11-13,20:45,40.21051078229521,-92.63033451227854,5
GAN,2025-11-12,20:37,38.48991172103503,-96.17105064039433,7
GAN,2025-11-13,20:26,39.0107847,-94.8246846,9
GAN,2025-11-13,20:22,33.46341554819323,-86.83187388457081,9
GAN,2025-11-13,21:18,38.31453270518785,-85.61013371561202,8
GAN,2025-11-13,20:00,33.0966634,-86.5559246,9
GAN,2025-11-13,20:13,40.79711826151975,-80.13835778682952,9
GAN,2025-11-11,20:00,39.72554306296532,-91.3722612724078,5
GAN,2025-11-11,19:30,39.72830784061623,-91.44543689965828,5
GAN,2025-11-14,01:37,49.48063579999999,9.9034504,8
GAN,2025-11-13,18:33,37.5700181,-77.5046998,5
GAN,2025-11-12,21:49,37.2583724,-121.918866,9
GAN,2025-11-13,23:58,45.424111665848535,11.9112891622062,7
GAN,2025-11-13,21:16,41.608635,21.745275,3
GAN,2025-11-11,20:49,35.4084566,-78.7396924,9
GAN,2025-11-14,01:33,47.912518242474285,106.95695634969437,9
GAN,2025-11-12,23:05,29.872047,-98.6313125,3
GAN,2025-11-12,21:30,29.872047,-98.6313125,3
GAN,2025-11-12,00:10,29.872047,-98.6313125,3
GAN,2025-11-11,20:30,29.872047,-98.6313125,3
GAN,2025-11-13,09:40,28.763995831489293,-111.77903533197087,5
GAN,2025-11-05,22:15,49.3866401,8.802280999999999,9
GAN,2025-11-13,23:22,47.64160267617212,107.17097586713189,9
GAN,2025-11-12,19:25,39.787837147533,-94.82292209812992,7
GAN,2025-11-12,19:04,39.79095408838604,-94.8208869726911,7
GAN,2025-11-12,19:14,39.78325048177637,-94.83220743306455,7
GAN,2025-11-12,19:04,39.78592694584293,-94.8295226966565,7
GAN,2025-11-13,08:56,37.4476485,-91.6772403,3
GAN,2025-11-12,20:05,37.4494922,-91.6874522,3
GAN,2025-11-12,19:55,37.4538237,-91.6715192,3
GAN,2025-11-13,20:50,-32.02075736982819,115.92043876647948,8
GAN,2025-11-12,21:00,0.0,0.0,5
GAN,2025-11-13,13:13,42.1927654,24.3335662,8
GAN,2025-11-13,13:12,0.0,0.0,7
GAN,2025-11-12,20:51,33.1832357,-86.8430533,8
GAN,2025-11-11,21:00,42.29571006688745,-71.30736177008664,9
GAN,2025-11-12,23:56,35.784777879305864,-78.67403703250437,9
GAN,2025-11-12,23:52,35.78471397388546,-78.67409856343225,7
GAN,2025-11-12,21:28,45.0682723,-93.0648401,9
GAN,2025-11-12,20:40,46.82247057837881,-92.05296387212688,7
GAN,2025-11-12,21:00,33.40530046933682,-86.85441142286325,8
GAN,2025-11-12,20:43,39.7347251,-84.0691969,8
GAN,2025-11-12,21:42,0.0,0.0,7
GAN,2025-11-12,21:13,38.31456776834847,-85.61010037673616,8
GAN,2025-11-12,20:47,35.99910770371508,-79.91547863829275,7
GAN,2025-11-12,20:45,35.784537415463625,-78.67065574573878,9
GAN,2025-11-12,20:32,35.786688651509124,-78.66667662798339,9
GAN,2025-11-12,20:27,39.7348999,-84.0692377,9
GAN,2025-11-12,18:25,34.54599178183281,-86.01413420730621,7
GAN,2025-11-12,19:07,0.0,0.0,5
GAN,2025-11-12,18:02,33.452367011330075,-86.81108882165594,9
GAN,2025-11-12,18:52,37.5700181,-77.5046998,5
GAN,2025-11-12,17:26,35.7856151,-78.676363,8
GAN,2025-11-12,17:23,35.7832475,-78.6843217,9
GAN,2025-11-12,23:02,0.0,0.0,7
GAN,2025-11-11,22:03,45.41424710663886,16.429018998883663,9
GAN,2025-11-11,20:31,38.53710592574753,-90.5378077616537,7
GAN,2025-11-11,21:18,38.5843,-90.3513,7
GAN,2025-11-11,21:13,38.546585166051926,-90.538058136689,7
GAN,2025-11-11,21:22,38.55020199063571,-90.53913715812844,7
GAN,2025-11-11,20:53,38.55304825368299,-90.54477462645616,7
GAN,2025-11-12,19:53,59.48253735886152,13.12892706831255,3
GAN,2025-11-12,20:12,41.608635,21.745275,7
GAN,2025-11-11,18:10,33.50159467168653,-86.80696970704055,8
GAN,2025-11-12,18:47,47.0689875,15.4093345,9
GAN,2025-11-11,22:30,-50.28515086794303,18.64603100000002,7
GAN,2025-11-11,18:58,37.44703661357874,-91.6792302221639,3
GAN,2025-11-11,18:50,37.45308247841528,-91.67318951140749,3
GAN,2025-11-11,20:30,38.779059347107406,-90.75080812256668,7
GAN,2025-11-12,00:49,33.4354555,-86.85828599999999,8
GAN,2025-11-11,22:05,38.419022767645856,-96.1780964539236,8
GAN,2025-11-11,22:19,44.97205456287633,-93.22642741942708,9
GAN,2025-11-11,21:54,0.0,0.0,9
GAN,2025-11-11,21:30,33.8926003,-86.757773,5
GAN,2025-11-11,21:27,45.0682873,-93.0648305,9
GAN,2025-11-11,22:15,42.2885857,-71.3000301,8
GAN,2025-11-11,21:20,44.96992124858348,-93.24053494994158,9
GAN,2025-11-11,21:09,33.5958032,-86.6882157,8
GAN,2025-11-11,19:56,34.6744038,-111.7723763,8
GAN,2025-11-11,20:52,33.44390105933825,-86.83244323655435,3
GAN,2025-11-11,20:45,33.44396734203916,-86.83234377173326,9
GAN,2025-11-11,19:55,44.97003868294021,-93.24117549013924,9
GAN,2025-11-11,18:30,35.2830274,-106.7188174,5
GAN,2025-11-11,19:41,33.525314575163264,-86.56856311167988,9
GAN,2025-11-11,17:03,33.70272438574903,-86.66455692901496,9
GAN,2025-11-11,20:15,49.38533321481059,8.808242424977802,7
GAN,2025-11-11,20:17,49.38536948407232,8.808069475780513,8
GAN,2025-11-11,19:07,49.3987524,8.6724335,8
GAN,2025-11-11,18:38,49.329139735222725,8.811598642627622,3
GAN,2025-11-11,01:05,37.29707816044043,-121.98223269357528,9
GAN,2025-11-10,21:00,33.4202915042132,-111.9138370810456,8
GAN,2025-11-10,23:18,33.4255104,-111.9400054,9
GAN,2025-11-10,23:08,33.3632105,-111.8548258,8
GAN,2025-11-10,23:09,0.0,0.0,9
GAN,2025-11-10,22:19,33.41269787310804,-111.93064818213904,9
GAN,2025-11-10,21:24,33.4153674,-111.9243088,9
GAN,2025-11-10,22:00,38.91346249693096,-91.02246262813476,5
GAN,2025-11-10,20:50,33.357891192350564,-111.70344034634196,5
GAN,2025-11-09,23:18,0.0,0.0,9
GAN,2025-11-09,23:19,0.0,0.0,9
GAN,2025-11-10,20:10,33.3112398971555,-111.74105227309938,8
GAN,2025-11-10,22:09,35.783824839599305,-78.67098086825625,9
GAN,2025-11-10,22:06,35.78382484438833,-78.67098086682797,9
GAN,2025-11-10,19:31,33.51009918452653,-112.0336565489029,9
GAN,2025-10-08,23:30,35.78618809448494,-78.66621606704832,9
GAN,2025-11-10,18:45,35.787257363207544,-78.67962599970399,9
GAN,2025-10-31,23:26,33.4255104,-111.9400054,9
GAN,2025-11-09,23:26,0.0,0.0,9
GAN,2025-11-09,19:50,29.872467,-98.630716,3
GAN,2025-10-24,22:07,35.7946588,-78.6906329,9
GAN,2025-10-24,22:00,35.7882449,-78.6751256,9
GAN,2025-10-05,21:30,0.0,0.0,9
GAN,2025-11-10,22:23,-32.0864256,115.867648,9
GAN,2025-11-10,21:39,-32.00455943351868,115.87126557570107,7
GAN,2025-11-09,22:40,33.5065122,-112.1458857,9
GAN,2025-11-09,22:10,33.3334673,-112.0621961,7
GAN,2025-11-09,21:39,33.66688605881333,-112.02258912597928,7
GAN,2025-11-09,20:40,33.7965204,-111.7818258,5
GAN,2025-11-10,00:52,-9.6004399,-35.7214616,9
GAN,2025-11-09,20:44,33.3189894,-111.6246853,9
GAN,2025-11-09,19:46,42.541238732092125,-113.81172466061646,9
GAN,2025-11-08,21:29,33.4255104,-111.9400054,9
GAN,2025-11-08,18:59,42.5357428,-113.7927948,8
GAN,2025-11-08,14:58,41.1524814,-81.4838922,9
GAN,2025-11-07,21:56,42.4144019,-71.0677302,9
GAN,2025-11-07,20:00,35.6368759,-120.6545022,1
GAN,2025-11-08,01:21,32.5764244,-97.0879693,9
GAN,2025-11-07,22:56,41.21729111727107,-81.47501287798137,7
GAN,2025-11-07,20:43,35.784542528181284,-78.67170858406365,9
GAN,2025-11-07,20:40,35.785438232167856,-78.67307636247533,9
GAN,2025-08-22,23:00,39.73773171039058,-91.38260213658214,5
GAN,2025-08-22,22:35,39.73960036594693,-91.38856887817384,5
GAN,2025-08-22,22:25,39.725392361998416,-91.37213196605444,5
GAN,2025-10-22,05:55,39.723296392333,-91.39095674923476,7
GAN,2025-10-21,20:10,39.72040814077619,-91.39059650246054,7
GAN,2025-10-21,20:00,39.71853551711667,-91.39860419531946,8
GAN,2025-11-07,20:20,41.608635,21.745275,5
GAN,2025-11-06,20:58,40.6877984,-80.1174936,9
GAN,2025-11-06,21:05,35.79207403573488,-78.67525617977968,8
GAN,2025-11-06,20:52,0.0,0.0,9
GAN,2025-11-06,20:49,35.784183783220215,-78.67102238453552,9
GAN,2025-11-06,20:45,35.78343320164638,-78.67083283180689,9
GAN,2025-11-06,20:25,35.46718765571318,-78.74672328050406,9
GAN,2025-11-06,18:28,42.63063063063063,-70.89801847678088,8
GAN,2025-11-06,18:11,42.63620520000001,-70.8431049,8
GAN,2025-11-06,14:57,0.0,0.0,9
GAN,2025-11-06,00:04,44.96698412326711,-93.24371337890624,9
GAN,2025-11-05,21:53,35.785045031545614,-78.67313798732076,9
GAN,2025-11-05,21:49,35.78449178956056,-78.67085044279571,9
GAN,2025-11-05,21:38,35.78353419903273,-78.66828868172938,9
GAN,2025-11-05,20:22,32.57530944113113,-97.0634358198345,9
GAN,2025-11-05,18:07,38.6679972,-90.58949,8
GAN,2025-11-05,17:55,35.8432609,-78.81770159999999,8
GAN,2025-11-05,21:55,49.485807284839815,8.776953097669432,9
GAN,2025-11-05,20:43,41.608635,21.745275,9
GAN,2025-11-05,20:24,49.3866401,8.802280999999999,7
GAN,2025-11-04,22:15,49.3866401,8.802280999999999,9
GAN,2025-11-05,20:17,0.0,0.0,7
GAN,2025-11-05,20:16,49.31647406087477,8.807193788800998,5
GAN,2025-11-05,19:38,49.43259056861238,8.80594590491376,8
GAN,2025-11-05,19:15,49.34263654060098,8.800894965340133,5
GAN,2025-11-03,20:00,32.5749024,-97.147798,9
GAN,2025-11-05,01:09,39.95470080980922,-75.21954540287406,9
GAN,2025-11-04,23:17,35.78359718903506,-78.66824761040384,9
GAN,2025-11-04,23:12,35.78467430085594,-78.67125511997422,7
GAN,2025-11-04,23:08,35.78493091746772,-78.67337473675485,7
GAN,2025-11-04,20:31,33.0877470258416,-112.04016125492112,8
GAN,2025-11-04,22:01,39.95681190065881,-75.20935330370908,9
GAN,2025-11-04,18:00,32.8323019,-116.9765616,9
GAN,2025-11-04,21:16,35.78471255241948,-78.67155061142431,9
GAN,2025-11-04,21:11,35.78485133635869,-78.67152857016555,9
GAN,2025-11-04,18:34,35.78529344436266,-78.67325524022475,9
GAN,2025-11-04,18:07,32.74261049101072,-117.1473129184168,9
GAN,2025-11-04,18:01,32.7483392,-117.1357696,9
GAN,2025-11-04,19:40,-37.5424079,144.9391595,9
GAN,2025-11-04,19:38,-37.5424079,144.9391595,9
GAN,2025-11-04,20:28,40.6989127,-80.1087742,8
GAN,2025-11-05,00:52,49.3987524,8.6724335,8
GAN,2025-11-05,00:49,49.3987524,8.6724335,8
GAN,2025-11-04,18:36,35.78958055216818,-78.65916398290734,9
GAN,2025-11-04,23:10,49.3866401,8.802280999999999,9
GAN,2025-10-31,21:43,40.041207005505726,-75.34410021663048,9
GAN,2025-10-22,22:00,39.9961880958523,-105.30142733533911,7
GAN,2025-10-22,21:00,40.0073499,-105.2659871,9
GAN,2025-11-03,21:54,40.04119342009916,-75.34409753652511,9
GAN,2025-11-03,11:19,39.95470080980922,-75.21954540287406,9
GAN,2025-11-02,22:30,39.95470080980922,-75.21954540287406,9
GAN,2025-10-31,08:00,39.95470080980922,-75.21954540287406,9
GAN,2025-11-03,21:09,32.573361,-97.0525636,9
GAN,2025-11-03,22:34,32.5538922,-97.0714684,9
GAN,2025-11-03,22:00,41.1615945,-81.3330245,7
GAN,2025-11-03,21:10,38.704568632737534,-104.68733456063508,8
GAN,2025-11-03,20:46,35.7788505,-78.6742662,7
GAN,2025-11-03,21:56,32.5798136,-97.0460515,9
GAN,2025-11-03,22:17,25.4794703,-80.41464959999999,9
GAN,2025-11-03,19:46,32.577553,-97.0587987,9
GAN,2025-11-03,20:35,35.78106473558074,-78.65054809839476,8
GAN,2025-11-03,20:33,0.0,0.0,9
GAN,2025-11-03,18:05,38.4969182,-90.7579025,7
GAN,2025-11-03,18:49,35.7838992,-78.6709479,1
GAN,2025-11-02,23:30,32.5829899,-97.0737526,9
GAN,2025-11-02,21:00,32.58907859531847,-97.0443362086437,9
GAN,2025-11-02,21:10,32.5497394,-97.1193976,9
GAN,2025-11-02,19:19,43.6121087,-116.3915131,9
GAN,2025-11-02,20:32,32.58116417981465,-97.07163183872902,9
GAN,2025-11-02,19:59,32.541939348460694,-97.11059894368807,9
GAN,2025-11-02,21:01,39.95470050037248,-75.21954567253697,9
GAN,2025-11-02,18:56,32.5624059354519,-97.0570202891834,5
GAN,2025-11-02,16:03,0.0,0.0,9
GAN,2025-11-02,22:11,0.0,0.0,9
GAN,2025-11-02,21:28,41.608635,21.745275,5
GAN,2025-11-02,20:15,0.0,0.0,9
GAN,2025-11-02,20:14,0.0,0.0,9
GAN,2025-11-02,20:02,0.0,0.0,9
GAN,2025-11-02,20:00,0.0,0.0,9
GAN,2025-10-21,21:23,40.210815932397445,-92.63048457571034,3
GAN,2025-10-21,20:50,40.17778634448678,-92.60073009458812,5
GAN,2025-11-01,23:50,41.608635,21.745275,3
GAN,2025-10-30,20:45,39.01644171683063,-94.82343955730366,8
GAN,2025-11-01,15:13,33.384595279387355,44.383148686535705,9
GAN,2025-10-30,19:35,35.9947209,-95.917054,7
GAN,2025-10-31,21:28,32.48214755788599,-85.00356162150074,7
GAN,2025-10-31,20:45,41.608635,21.745275,1
GAN,2025-10-31,20:43,0.0,0.0,9
GAN,2025-10-31,18:46,0.0,0.0,7
GAN,2025-10-30,22:28,38.70456879233195,-104.6873347990467,9
GAN,2025-10-30,14:16,35.8432609,-78.81770159999999,8
GAN,2025-10-25,22:54,27.29786214445912,-112.8940847447175,3
GAN,2025-10-25,21:48,26.988882587017887,-113.02693730369698,3
GAN,2025-10-25,20:54,26.83674376109445,-113.14417391454178,3
GAN,2025-09-13,21:24,27.22657307453739,-112.20887244572135,3
GAN,2025-09-13,22:00,27.226565943285795,-112.20887485380364,3
GAN,2025-10-30,19:41,27.8552935,-15.4415557,3
GAN,2025-10-30,20:11,46.77940886203943,11.897988157997569,8
GAN,2025-10-30,18:33,49.8272413,10.5981726,5
GAN,2025-10-29,21:38,38.70456859267157,-104.68733529001592,9
GAN,2025-10-29,21:17,-34.4857011,-55.6312995,9
GAN,2025-10-28,21:20,40.6989127,-80.1087742,7
GAN,2025-10-29,02:45,38.886799,-119.818367,3
GAN,2025-10-28,22:50,33.0380415,-96.7161267,8
GAN,2025-10-28,23:50,42.547917333035805,-83.1627058122333,8
GAN,2025-10-28,21:13,38.70456873457218,-104.68733511177496,8
GAN,2025-10-28,21:11,40.6877984,-80.1174936,7
GAN,2025-10-28,20:25,46.77945132720013,11.897980338204391,8
GAN,2025-10-28,18:51,45.9282422,8.5553058,9
GAN,2025-10-27,21:47,40.6989127,-80.1087742,9
GAN,2025-10-20,14:02,59.54758761443717,12.56221771337317,3
GAN,2025-10-27,23:15,36.59788913307023,-120.3497314453125,9
GAN,2025-10-27,23:03,33.4255104,-111.9400054,9
GAN,2025-10-27,22:45,33.3632105,-111.8548258,8
GAN,2025-10-27,22:23,33.4122284718768,-111.93017962737215,9
GAN,2025-10-27,21:45,33.4151896,-111.9278609,9
GAN,2025-10-27,21:35,33.5252459,-112.2167286,5
GAN,2025-10-27,21:20,33.4153674,-111.9243088,9
GAN,2025-10-27,21:16,33.4255104,-111.9400054,9
GAN,2025-10-27,20:32,33.4153674,-111.9243088,9
GAN,2025-10-27,20:16,33.35790201354261,-111.703439968307,8
GAN,2025-10-27,20:22,33.3585769718094,-111.78985409723175,5
GAN,2025-10-27,20:07,33.584816365407804,-111.95626123553316,8
GAN,2025-10-27,18:44,33.42953686908285,-111.93601323018916,7
GAN,2025-10-26,00:48,33.40701028344958,-111.91399321920916,9
GAN,2025-10-27,22:08,41.1615945,-81.3330245,8
GAN,2025-10-27,21:54,41.2145604,-81.4749697,7
GAN,2025-10-27,18:30,33.4255104,-111.9400054,9
GAN,2025-10-27,20:16,40.65502584548892,-78.94268035002476,9
GAN,2025-10-26,20:45,35.32924990000001,-120.7400729,7
GAN,2025-10-25,22:18,19.5033012,-98.8154316,9
GAN,2025-10-26,20:00,19.5033012,-98.8154316,9
GAN,2025-10-27,00:01,33.5065122,-112.1458857,9
GAN,2025-10-27,02:15,39.44696455993325,-106.0399697113276,3
GAN,2025-10-26,20:30,33.4255104,-111.9400054,9
GAN,2025-10-26,20:26,33.4255104,-111.9400054,9
GAN,2025-10-26,19:51,33.36735235704858,-111.97546258228174,8
GAN,2025-10-26,20:29,38.70456926582958,-104.68733523052006,3
GAN,2025-10-26,20:41,42.29085903392693,-71.30257362399666,9
GAN,2025-10-26,20:30,42.29033305310957,-71.30298183897699,9
GAN,2025-10-26,19:52,-34.4820431,-55.6354548,9
GAN,2025-10-26,21:17,45.9282422,8.5553058,7
GAN,2025-10-20,22:15,36.8121592998535,-92.41787194943754,3
GAN,2025-10-20,21:59,36.81775844350465,-92.42284979815646,3
GAN,2025-10-20,21:59,36.821322614257205,-92.43270703022188,3
GAN,2025-10-20,21:53,36.83034989272789,-92.42755029661474,3
GAN,2025-10-21,20:40,37.0534324,35.3521115,8
GAN,2025-10-26,19:10,46.78028583012018,11.898090556234711,5
GAN,2025-10-26,04:26,13.1348927,-59.6154986,5
GAN,2025-10-26,01:25,40.185152,-105.0933404,7
GAN,2025-10-23,20:00,47.18882509635198,-122.550293241505,9
GAN,2025-10-23,19:30,47.1736867,-122.5992916,9
GAN,2025-10-19,21:30,0.0,0.0,9
GAN,2025-10-15,01:05,47.2981978,-122.5103256,7
GAN,2025-10-25,19:12,47.3351,-121.923146,9
GAN,2025-10-25,19:10,47.3351,-121.923146,8
GAN,2025-10-25,19:05,47.3351,-121.923146,9
GAN,2025-10-20,21:00,38.5731349,-82.83016769999999,5
GAN,2025-10-19,21:00,38.1768636,-83.4357151,7
GAN,2025-10-23,22:55,47.2072678,-122.4131839,9
GAN,2025-10-23,22:14,47.583863,-122.3406748,9
GAN,2025-10-23,19:40,43.1134405,-90.0600271,3
GAN,2025-10-22,22:20,-26.631703552494752,152.6858480515568,3
GAN,2025-10-25,19:34,42.7927927927928,141.67592360483658,9
GAN,2025-10-22,23:09,-26.585501262982177,152.7400344939357,3
GAN,2025-10-22,22:58,-26.52478787848999,152.69987402351416,3
GAN,2025-10-22,22:35,-26.599213186806384,152.7282642675533,3
GAN,2025-10-22,22:20,-26.61235556552968,152.6148675889232,3
GAN,2025-10-22,22:08,-26.65646889261809,152.68923312905275,3
GAN,2025-10-25,18:02,-26.70448805017336,152.70497894083118,3
GAN,2025-10-22,21:33,-26.7301335550233,152.75769785149913,3
GAN,2025-10-22,20:56,-26.68448743089076,152.75589302891785,3
GAN,2025-10-25,17:54,-26.688477134403804,152.80587316608907,3
GAN,2025-10-22,20:45,-26.725620165049463,152.82578178529485,3
GAN,2025-10-22,20:18,-26.76061389381353,152.81038288655208,3
GAN,2025-10-22,19:35,-26.758111511146893,152.86374138670374,3
GAN,2025-10-25,01:39,37.161024,-113.458839,5
GAN,2025-10-24,21:35,36.90496323854428,-111.45921531983592,5
GAN,2025-10-24,23:40,13.193887,-59.543198,5
GAN,2025-10-22,22:19,33.5185892,-86.8103567,9
GAN,2025-10-17,05:52,38.7859909,-77.08034330000001,9
GAN,2025-10-15,05:45,38.7859909,-77.08034330000001,9
GAN,2025-10-14,22:35,38.7859909,-77.08034330000001,9
GAN,2025-10-21,10:39,38.41954690981041,-96.1736291845409,7
GAN,2025-10-24,21:04,42.3409207,-71.0864854,9
GAN,2025-10-24,20:53,35.7822847,-78.67497519999999,9
GAN,2025-10-24,20:43,35.7861210591491,-78.66384215507014,9
GAN,2025-10-24,20:38,35.78609104835596,-78.66594180190667,9
GAN,2025-10-24,20:30,35.78440955442421,-78.67085004263141,9
GAN,2025-10-24,20:26,35.7833940536117,-78.67073192268487,9
GAN,2025-10-22,22:34,47.29830986484095,-122.51145229718522,9
GAN,2025-10-24,21:08,41.608635,21.745275,9
GAN,2025-10-20,20:54,37.19860930600496,-93.28046703685727,8
GAN,2025-10-19,20:45,37.55830105936465,-93.3948297459185,5
GAN,2025-10-15,21:00,38.873203990651504,-92.32566334256592,5
GAN,2025-10-15,20:55,38.86576457849953,-92.32156760306,5
GAN,2025-10-15,20:45,38.86516368465308,-92.30507709381118,5
GAN,2025-10-21,22:32,47.29868494690965,-122.51171233099272,9
GAN,2025-10-23,21:32,37.23618904940791,-91.22251909765728,3
GAN,2025-10-23,21:45,37.23675368307634,-91.2143856135184,3
GAN,2025-10-23,22:06,37.2559467,-91.2574878,3
GAN,2025-10-23,20:40,37.19082354059875,-91.26138169959044,3
GAN,2025-09-25,23:00,41.80226517257715,12.675527584884282,7
GAN,2025-10-21,22:00,35.7838992,-78.6709479,9
GAN,2025-10-15,23:30,35.7806557,-78.6862949,8
GAN,2025-10-15,23:27,35.7804663,-78.6856887,9
GAN,2025-10-17,23:00,35.7855556,-78.6775,9
GAN,2025-10-15,23:23,35.7803689,-78.6838346,7
GAN,2025-10-15,23:06,35.781776,-78.67626,8
GAN,2025-10-15,23:09,35.7810279,-78.67545659999999,9
GAN,2025-10-24,09:51,35.781776,-78.67626,8
GAN,2025-10-15,23:00,35.7823394,-78.67776680000001,9
GAN,2025-10-23,21:29,37.4538237,-91.6715192,3
GAN,2025-10-23,21:26,0.0,0.0,9
GAN,2025-10-23,20:09,0.0,0.0,9
GAN,2025-10-24,10:10,41.608635,21.745275,9
GAN,2025-10-22,20:00,33.5185892,-86.8103567,9
GAN,2025-10-23,23:32,33.47947007894762,-86.81780072314288,3
GAN,2025-10-15,23:42,33.10046478101847,-86.82644375578694,9
GAN,2025-10-22,19:53,33.4872903,-86.7615749,9
GAN,2025-10-22,23:02,0.0,0.0,3
GAN,2025-10-23,22:34,33.4354555,-86.85828599999999,9
GAN,2025-10-23,22:32,34.37976122828688,-84.94216916461545,9
GAN,2025-10-23,22:11,38.6662216,-90.2566766,9
GAN,2025-10-23,22:06,38.6662216,-90.2566766,9
GAN,2025-10-23,21:54,33.35080399073229,-86.86804859747475,9
GAN,2025-10-23,21:51,33.35122600422044,-86.86759444424547,9
GAN,2025-10-23,21:43,38.62742799999999,-90.1982439,9
GAN,2025-10-23,21:36,33.0432384,-86.8018314,8
GAN,2025-10-23,21:35,30.6182423,-88.1388989,9
GAN,2025-10-23,22:34,39.013127606795926,-84.54956906268893,5
GAN,2025-10-23,21:23,33.65487029249005,-86.76971894427399,9
GAN,2025-10-22,20:53,33.36324449640922,-86.86923634630072,9
GAN,2025-10-22,20:50,33.36310017743168,-86.86896230364027,9
GAN,2025-10-22,20:50,33.36310017743168,-86.86896230364027,9
GAN,2025-10-22,20:50,33.36310017743168,-86.86896230364027,9
GAN,2025-10-22,20:50,33.36310017743168,-86.86896230364027,9
GAN,2025-10-22,20:50,33.36310017743168,-86.86896230364027,9
GAN,2025-10-22,20:50,33.36310017743168,-86.86896230364027,9
GAN,2025-10-23,20:28,33.39771095724806,-86.96497936495413,8
GAN,2025-10-23,21:27,42.3135529,-71.2745085,9
GAN,2025-10-23,20:21,33.3665947,-86.811032,8
GAN,2025-10-23,21:15,42.63643261173933,-70.90316408989436,5
GAN,2025-10-23,21:16,42.25093020073415,-71.31513358845041,5
GAN,2025-10-23,20:38,42.64112031216383,-70.82044637120556,5
GAN,2025-10-23,20:40,41.7300564671806,-70.82916220162316,3
GAN,2025-10-23,20:30,42.6416985960598,-70.82093986954821,7
GAN,2025-10-23,20:07,35.8181883,-78.8673936,8
GAN,2025-10-23,19:26,33.4990918186033,-86.8035373910087,9
GAN,2025-10-23,19:05,38.62742799999999,-90.1982439,9
GAN,2025-10-23,20:04,42.83210708996209,-71.02817860171697,5
GAN,2025-10-23,18:28,33.3912774,-86.6787354,9
GAN,2025-10-21,20:25,38.7104129,35.54556730000001,7
GAN,2025-10-20,21:10,47.17775520160328,-122.57893425501658,9
GAN,2025-10-23,12:13,33.508534947513006,-86.81339742879823,9
GAN,2025-10-14,10:08,47.1714455,-122.5714641,9
GAN,2025-10-22,20:46,38.73461465633777,-93.61692644439276,3
GAN,2025-10-22,20:38,38.74015850571524,-93.61381406659122,5
GAN,2025-10-22,20:30,38.74343566474705,-93.6199674933844,5
GAN,2025-10-22,20:20,38.7442667,-93.580192,5
GAN,2025-10-22,20:12,38.749896621159074,-93.58475314042114,5
GAN,2025-10-23,23:18,-5.990749945532554,123.17309904908257,7
GAN,2025-10-22,21:12,33.4958678,-86.8097452,9
GAN,2025-10-16,20:04,38.62742799999999,-90.1982439,9
GAN,2025-10-22,20:04,38.74949868223781,-93.5815308210503,5
GAN,2025-10-22,19:54,38.754456,-93.5759805,5
GAN,2025-10-22,19:47,38.7523160950578,-93.5790748369113,5
GAN,2025-10-23,09:17,30.88151781133009,-96.93617924312976,9
GAN,2025-10-22,22:16,0.0,0.0,9
GAN,2025-10-21,22:07,0.0,0.0,9
GAN,2025-10-22,21:10,33.4080335,-86.7981255,9
GAN,2025-10-22,22:46,38.4342664,-96.5578193,7
GAN,2025-10-23,03:51,33.432248,-86.69694899999999,7
GAN,2025-10-23,13:47,38.6239792568872,69.00843095696612,1
GAN,2025-10-23,03:37,33.49828522278577,-86.80283093824008,9
GAN,2025-10-22,23:15,33.31834664135096,-117.20870866104816,7
GAN,2025-10-22,23:38,33.16145549722969,-86.73183835053806,5
GAN,2025-10-22,23:31,33.52890878972733,-86.8207003821297,8
GAN,2025-10-22,23:16,33.9528055,-86.5315423,9
GAN,2025-10-22,21:07,36.90496302189854,-111.45921462006424,5
GAN,2025-10-22,22:50,30.595113,-103.9319954,3
GAN,2025-10-22,22:24,38.800766894952325,-90.28829644366589,7
GAN,2025-10-22,21:48,38.4342664,-96.5578193,7
GAN,2025-10-22,22:39,33.5185892,-86.8103567,7
GAN,2025-10-22,22:20,33.504562372310346,-86.81343650249971,9
GAN,2025-10-22,22:16,33.50456237400865,-86.81343650250197,9
GAN,2025-10-22,20:07,33.24855776988775,-117.20808351729268,9
GAN,2025-10-22,21:51,33.448473083354244,-86.8332305895432,9
GAN,2025-10-22,21:43,33.4331904,-86.8155392,8
GAN,2025-10-21,00:00,34.6107164,-86.4928157,5
GAN,2025-10-22,21:43,38.5051627,-96.2671217,9
GAN,2025-10-22,21:40,33.5088832061474,-86.81314584001734,9
GAN,2025-10-22,19:37,33.6619819,-112.3412726,8
GAN,2025-10-22,21:35,0.0,0.0,9
GAN,2025-10-22,21:31,38.5187375,-96.270932,7
GAN,2025-10-21,00:00,34.6107164,-86.4928157,3
GAN,2025-10-22,20:56,33.341797756042816,-86.57413444845812,9
GAN,2025-10-22,21:15,38.1768636,-83.4357151,3
GAN,2025-10-22,21:15,38.190931167780114,-83.43201189147507,3
GAN,2025-10-22,20:55,33.4286049,-86.69094919999999,8
GAN,2025-10-22,20:52,38.41607990950676,-96.17868409622572,9
GAN,2025-10-22,20:50,38.41043570369955,-96.17137456137829,9
GAN,2025-10-22,20:50,38.41451013293158,-96.1778014778947,9
GAN,2025-10-22,20:30,33.3667354,-86.81691479999999,7
GAN,2025-10-22,20:43,30.23825948072727,-97.88241943243877,7
GAN,2025-10-22,20:41,34.055635120911845,-86.67057137279187,3
GAN,2025-10-22,20:42,38.4929700079185,-96.33455779777375,7
GAN,2025-10-22,20:25,38.618609,-90.6878107,5
GAN,2025-10-22,20:11,38.5726306,-90.6469884,5
GAN,2025-10-22,20:05,38.42792729304589,-96.21420398187472,9
GAN,2025-10-22,20:02,38.5575539,-90.6519616,5
GAN,2025-10-22,19:59,33.5185892,-86.8103567,9
GAN,2025-10-22,19:35,38.6135041,-90.6373104,7
GAN,2025-10-22,19:16,42.6064095,-83.1497751,9
GAN,2025-10-22,19:12,30.6953657,-88.0398912,9
GAN,2025-10-22,20:13,37.5734012845312,-84.30735244872098,8
GAN,2025-10-22,19:02,38.59726921589064,-90.37263918935857,8
GAN,2025-10-22,18:49,33.62453301132072,-86.92950754459174,9
GAN,2025-10-20,18:08,32.54593702250921,-86.22721709484728,8
GAN,2025-10-20,19:25,32.546006681118804,-86.22734944580493,7
GAN,2025-10-20,19:25,32.546005870725665,-86.22734811295695,7
GAN,2025-10-21,20:21,33.443167,-86.7374257,9
GAN,2025-09-27,23:01,29.72551321212399,-114.707671722047,3
GAN,2025-10-21,23:00,38.43736573869852,-96.56616971491208,3
GAN,2025-10-21,22:30,40.0060093,-105.2926398,7
GAN,2025-10-21,22:00,40.0073499,-105.2659871,9
GAN,2025-10-22,05:00,25.876846090149836,-97.48800339068066,3
GAN,2025-10-21,21:08,46.82713973005728,-122.46464788450636,3
GAN,2025-10-19,21:29,39.3347738,-97.6098882,3
GAN,2025-10-22,11:29,0.0,0.0,9
GAN,2025-10-19,21:20,0.0,0.0,9
GAN,2025-10-21,20:30,37.25179046176932,-91.29473108708729,3
GAN,2025-10-21,21:40,37.30263679999999,-91.3901948,3
GAN,2025-10-21,21:50,37.2531421,-91.3944877,3
GAN,2025-10-21,21:20,37.3155824,-91.3306668,3
GAN,2025-10-21,21:00,37.2978093,-91.252629,3
GAN,2025-10-21,20:30,37.1820944,-91.3855161,3
GAN,2025-10-22,01:21,39.93056675223705,-105.27146403091211,3
GAN,2025-10-21,23:56,0.0,0.0,8
GAN,2025-10-21,22:38,47.2290993,-122.302715,9
GAN,2025-10-21,00:33,33.5185892,-86.8103567,9
GAN,2025-10-22,00:29,33.5185892,-86.8103567,9
GAN,2025-10-21,22:51,40.00939195321877,-105.2566193349464,9
GAN,2025-10-21,21:52,47.2326649,-122.4929795,8
GAN,2025-10-21,20:35,38.713979,35.5655798,8
GAN,2025-10-22,00:20,37.19380019074531,-82.88833492412303,5
GAN,2025-10-16,20:50,38.4039816,-96.1816804,9
GAN,2025-10-21,22:48,30.38532569902845,-87.67287641256982,9
GAN,2025-10-21,20:29,36.90496271178241,-111.45921467972585,5
GAN,2025-10-21,21:50,30.52001187889812,-87.84422332677451,8
GAN,2025-10-21,22:39,42.83246774467328,-71.0282684718842,9
GAN,2025-10-21,21:20,33.530031,-86.7744345,8
GAN,2025-10-21,19:36,33.293728923649105,-111.84483686093188,9
GAN,2025-10-21,21:22,38.41073148543705,-96.157386374629,9
GAN,2025-10-21,21:18,38.40445373210908,-96.13400934273017,8
GAN,2025-10-21,19:06,47.18650137786644,-122.40067711495324,9
GAN,2025-10-21,21:55,38.46404292058785,-82.66012142145979,9
GAN,2025-10-21,21:00,37.49565690316683,-90.91630631190075,3
GAN,2025-10-21,21:01,34.17954058510543,-86.82661991090528,9
GAN,2025-10-21,22:49,-25.315456166666667,-57.59278933333333,9
GAN,2025-10-21,20:49,38.682834,-90.3810153,9
GAN,2025-10-21,20:30,38.62279665194323,-96.05410717436676,3
GAN,2025-10-21,20:33,33.4459238,-87.1245486,9
GAN,2025-10-21,21:12,37.91108699999999,-83.01935,5
GAN,2025-10-21,21:04,38.31457035406513,-85.61010691730817,8
GAN,2025-10-21,19:51,38.4141379,-96.1785514,9
GAN,2025-10-21,19:47,38.4141379,-96.1785514,9
GAN,2025-10-21,20:12,42.4072107,-71.3824374,9
GAN,2025-10-21,19:25,42.8741204,-72.2795383,9
GAN,2025-10-21,17:40,38.18709884220248,-83.43435574465653,9
GAN,2025-10-21,21:47,41.33862483414031,21.544842682382654,9
GAN,2025-10-21,20:50,0.0,0.0,8
GAN,2025-10-21,20:50,38.7100095,35.5425399,8
GAN,2025-10-21,20:15,36.97784706477426,16.633371600125802,9
GAN,2025-10-20,21:03,34.349532,-87.1193522,5
GAN,2025-10-20,21:03,34.349532,-87.1193522,9
GAN,2025-10-20,21:03,34.349532,-87.1193522,5
GAN,2025-10-20,21:03,34.61296492798846,-86.9838646800336,5
GAN,2025-10-21,20:30,38.7103904,35.5452379,8
GAN,2025-10-21,20:50,38.720489,35.48259700000001,8
GAN,2025-10-21,20:52,-69.2382844273081,-50.09997748446314,8
GAN,2025-10-21,20:50,38.720489,35.48259700000001,8
GAN,2025-10-21,20:50,38.710391,35.5452384,8
GAN,2025-10-21,20:50,38.687501,35.555568,8
GAN,2025-10-21,20:50,38.7078702,35.5497838,8
GAN,2025-10-21,20:49,38.7103905,35.5452391,8
GAN,2025-10-19,00:15,38.43400737545748,-81.77458122451316,8
GAN,2025-10-17,20:13,35.38810030644871,-120.60931117113093,3
GAN,2025-10-20,20:34,33.619905455224306,-86.69104713384357,9
GAN,2025-10-20,21:57,0.0,0.0,8
GAN,2025-10-20,21:50,33.3826505,-117.2440957,9
GAN,2025-10-20,21:46,33.58688780573367,-117.09601236420362,9
GAN,2025-10-20,23:14,37.51666288829848,-94.39422929619056,3
GAN,2025-10-20,21:01,33.8508086,-118.1334072,8
GAN,2025-10-20,22:47,37.54668322776755,-94.37071359851986,5
GAN,2025-10-20,22:45,33.0460895,-86.8661688,5
GAN,2025-10-20,22:07,37.47848768851282,-94.26034410659454,5
GAN,2025-10-20,21:59,38.1879820112266,-83.43632363942555,5
GAN,2025-10-20,20:12,33.6818517,-112.3918354,8
GAN,2025-10-20,21:52,38.1864477238197,-83.44122476670418,7
GAN,2025-10-20,21:59,30.146401139250404,-85.76117418524031,9
GAN,2025-10-20,21:47,33.6223004,-86.3107223,7
GAN,2025-10-20,21:05,33.5300029,-86.77423569999999,8
GAN,2025-10-20,22:27,0.0,0.0,9
GAN,2025-10-20,20:30,-34.8030787,-56.082602,8
GAN,2025-10-20,20:30,-34.8030787,-56.082602,8
GAN,2025-10-20,22:23,0.0,0.0,9
GAN,2025-10-20,21:23,33.58457777920174,-86.60581613940504,5
GAN,2025-10-20,20:30,-34.8030787,-56.082602,9
GAN,2025-10-20,21:14,33.5845475,-86.6058777,5
GAN,2025-10-20,21:10,33.4175946712873,-86.6555937166307,9
GAN,2025-10-20,21:15,33.26556269420267,-86.90429258952635,8
GAN,2025-10-20,21:52,38.185980124142375,-83.43481962834804,7
GAN,2025-10-20,18:49,33.25002955106365,-117.2089822483327,9
GAN,2025-10-20,21:40,39.6722812,-84.2521632,7
GAN,2025-10-20,21:32,35.78614634824958,-78.66573829957575,9
GAN,2025-10-20,20:29,33.28619842033431,-86.81836164050995,7
GAN,2025-10-20,21:24,35.78608811767125,-78.66323143201232,9
GAN,2025-10-20,21:20,38.4039926,-82.78752329999999,9
GAN,2025-10-20,19:25,40.08019729999999,-105.2358972,5
GAN,2025-10-20,20:12,33.50740975053324,-86.81467454951121,9
GAN,2025-10-20,21:08,40.444123077495824,-79.97703981159862,9
GAN,2025-10-20,21:08,38.31450240215917,-85.61027807494963,8
GAN,2025-10-20,20:48,35.78190386208144,-78.66696294257163,9
GAN,2025-10-20,19:41,38.4162332234303,-96.17796920458692,8
GAN,2025-10-20,19:45,38.41641559802137,-96.17817554666436,9
GAN,2025-10-20,20:46,0.0,0.0,9
GAN,2025-10-20,20:41,0.0,0.0,9
GAN,2025-10-20,20:36,0.0,0.0,9
GAN,2025-10-20,21:38,-30.239704,-71.0852502,7
GAN,2025-10-20,19:36,33.49369906322051,-86.81684987297933,9
GAN,2025-10-20,20:33,35.78428672986227,-78.67083632779028,9
GAN,2025-10-20,20:29,35.783447723489644,-78.6709888015637,9
GAN,2025-10-20,21:22,-30.240377,-71.0835841,5
GAN,2025-10-20,20:57,-30.2355238,-71.0856201,8
GAN,2025-10-20,17:28,42.5953532,-70.6474571,9
GAN,2025-10-17,23:45,38.096725,-82.6825186,5
GAN,2025-10-15,20:07,34.0043002,-85.96906800000001,9
GAN,2025-10-20,20:37,41.608635,21.745275,9
GAN,2025-10-19,20:17,38.6497743,-90.3806725,9
GAN,2025-10-15,22:45,41.3217825,-79.5859411,3
GAN,2025-10-17,21:27,32.373421,-112.0289,7
GAN,2025-10-16,19:59,39.98590264912277,-86.0159567171396,9
GAN,2025-10-19,20:30,38.30841462496276,-96.31839791571936,3
GAN,2025-10-19,21:21,38.537150492853456,-90.53780916458042,5
GAN,2025-10-19,22:04,38.543481231849526,-90.53353870362012,5
GAN,2025-10-18,21:58,38.54660292792804,-90.53788149326029,5
GAN,2025-10-19,21:50,38.55019047121076,-90.5391902768704,5
GAN,2025-10-19,21:42,38.55315564182299,-90.5451051206223,5
GAN,2025-10-20,01:00,38.18909335596612,-83.43202022097083,9
GAN,2025-10-19,23:32,33.4003475,-86.8976017,9
GAN,2025-10-19,22:43,33.666816884267305,-86.40770530353022,8
GAN,2025-10-19,20:19,35.28276937692308,-106.71893113846154,5
GAN,2025-10-19,21:50,38.39979966008502,-96.18066510668508,9
GAN,2025-10-19,22:12,0.0,0.0,9
GAN,2025-10-19,21:42,38.29863996526012,-96.17120404658012,9
GAN,2025-10-19,21:47,46.81737585445481,-92.05787787955032,7
GAN,2025-10-19,19:45,37.29375032465865,-111.3873582508246,1
GAN,2025-10-19,21:30,33.54469723455058,-86.88119850111427,9
GAN,2025-10-19,21:13,0.0,0.0,9
GAN,2025-10-19,21:03,33.666816884267305,-86.40770530353022,5
GAN,2025-10-19,19:04,33.6818368,-112.3918357,8
GAN,2025-10-19,21:44,38.314568853114245,-85.61010751043338,9
GAN,2025-10-19,20:09,33.4079236,-86.7985076,9
GAN,2025-10-19,19:44,33.6105753,-86.4823747,8
GAN,2025-10-19,19:40,36.96309862627201,-90.98108329716857,3
GAN,2025-10-19,19:28,30.5510303,-97.5555468,9
GAN,2025-10-19,19:36,33.52678815744033,-86.698217054838,8
GAN,2025-10-18,20:06,39.6501135,-76.9926861,5
GAN,2025-10-17,20:02,39.6501135,-76.9926861,5
GAN,2025-10-16,20:14,37.839895138652416,-78.82116388413516,3
GAN,2025-10-17,20:55,37.4494922,-91.6874522,3
GAN,2025-10-17,20:41,37.4476485,-91.6772403,3
GAN,2025-10-18,22:44,36.33463113287336,-80.70291161027802,9
GAN,2025-10-18,21:30,39.903094007597154,-105.06485427694184,8
GAN,2025-10-18,23:00,40.1064175,-105.2636269,3
GAN,2025-10-19,01:10,46.94823455,-96.75725554999998,5
GAN,2025-10-18,20:50,41.99562724851769,-121.7118324292819,3
GAN,2025-10-18,21:50,39.902976,-105.0647014,9
GAN,2025-10-18,23:06,30.641022623711336,-97.8779419257902,7
GAN,2025-10-18,22:00,43.89071654217114,-72.24329201544535,1
GAN,2025-10-18,23:27,35.7874737,-78.66939889999999,9
GAN,2025-10-18,20:43,39.930223929267854,-105.34018808389666,3
GAN,2025-10-18,20:04,36.90496357330914,-111.4592137508362,7
GAN,2025-10-18,21:47,44.3142762,-96.2526002,5
GAN,2025-10-18,22:42,35.76677548583012,-78.6812794492797,9
GAN,2025-10-18,20:25,39.90484839223112,-105.09302841644909,9
GAN,2025-10-18,21:27,33.73349961932754,-87.2647682214606,8
GAN,2025-10-18,21:59,37.6656527,-82.7715486,9
GAN,2025-10-18,21:37,37.691155081602965,-82.74656331586084,7
GAN,2025-10-18,12:02,33.45541152440502,-86.91571119113826,9
GAN,2025-10-18,18:08,37.4792672,-82.5187629,9
GAN,2025-10-18,19:58,55.76924851205788,-6.634272594683841,9
GAN,2025-10-18,19:37,33.6333986,-86.7235643,9
GAN,2025-10-18,20:30,42.8819702,-71.3241656,9
GAN,2025-10-18,20:15,38.4100618,-83.5297452,3
GAN,2025-09-17,22:13,39.69081456315225,29.14148531184229,3
GAN,2025-09-17,22:28,39.60714392681005,29.1258801279444,3
GAN,2025-10-15,21:21,47.59532654477452,-122.33392780540431,9
GAN,2025-10-18,21:32,45.7773313,4.9941624,7
GAN,2025-10-18,21:50,23.1618925,89.2248877,9
GAN,2025-10-17,22:05,45.71536315392322,9.6840711963866,9
GAN,2025-10-18,16:42,45.6941966,9.6707462,8
GAN,2025-10-17,22:05,45.71028537180836,9.68292563571008,8
GAN,2025-10-18,05:54,33.248919858971064,-117.20755465765691,9
GAN,2025-10-17,21:46,36.95343121158741,-90.99234208868064,3
GAN,2025-10-18,14:41,27.5916457,67.9957633,9
GAN,2025-10-18,01:58,33.4326619,-86.7086893,9
GAN,2025-10-17,23:43,37.161041,-113.458786,5
GAN,2025-10-18,00:29,40.213425644579935,-74.77781294388183,9
GAN,2025-10-17,22:58,44.1485806,-93.9815836,5
GAN,2025-10-17,20:05,36.90496365013501,-111.4592130822586,7
GAN,2025-10-17,22:00,37.9218319,-83.2476658,8
GAN,2025-10-17,21:41,45.0682986,-93.0648371,9
GAN,2025-10-17,21:34,44.15785203798702,-94.08953755200628,5
GAN,2025-10-17,20:09,39.665701,-104.7906334,7
GAN,2025-10-17,20:57,0.0,0.0,9
GAN,2025-10-17,18:39,30.674387118565456,-87.88766828590198,9
GAN,2025-10-17,21:15,10.9558566,-64.0293649,5
GAN,2025-10-17,20:12,42.78171436703585,-70.92908580351461,8
GAN,2025-10-14,21:21,47.488687656386965,-122.14265112846716,7
GAN,2025-10-16,20:00,40.79658317003915,-77.86631392496223,9
GAN,2025-10-17,22:18,59.48251908562056,13.12890366292668,3
GAN,2025-10-16,22:13,33.448703760788774,-86.81566680220045,9
GAN,2025-10-16,21:05,39.6501135,-76.9926861,5
GAN,2025-10-16,20:02,39.6501135,-76.9926861,5
GAN,2025-10-17,02:33,38.887498,-119.818389,3
GAN,2025-10-17,01:39,41.4930973049832,-81.55036039717584,7
GAN,2025-10-16,21:14,36.90496327730612,-111.45921275215716,5
GAN,2025-10-16,20:18,35.282284925168035,-106.71994985690576,5
GAN,2025-10-16,23:26,40.21344791911907,-74.77789068766383,9
GAN,2025-10-16,20:09,33.6818978,-112.3918614,8
GAN,2025-10-16,22:49,33.352899582499575,-84.28428489926304,9
GAN,2025-10-16,22:13,38.0126054311045,-83.27431839598405,8
GAN,2025-10-16,21:33,41.5082017082754,-81.59988606911698,8
GAN,2025-10-16,21:18,41.51082687881889,-81.61156296730042,8
GAN,2025-10-16,20:54,32.0798634,-97.7817897,7
GAN,2025-10-16,21:55,38.31456912176602,-85.61010762176451,8
GAN,2025-10-16,21:53,0.0,0.0,7
GAN,2025-10-16,21:40,41.4549589,-74.2525491,8
GAN,2025-10-16,21:39,38.258509,-85.483598,9
GAN,2025-10-16,20:24,33.6601033,-86.8127702,3
GAN,2025-10-16,20:20,33.41455677465388,-86.90402599975468,3
GAN,2025-10-16,20:59,35.786137195574625,-78.67711532317443,8
GAN,2025-10-16,19:27,33.6773237,-86.396648,9
GAN,2025-10-16,20:17,38.18961916267493,-83.43320911058282,7
GAN,2025-10-16,17:14,37.64825842499836,-121.86873712637367,9
GAN,2025-10-16,21:09,-30.2337699,-71.0834657,9
GAN,2025-10-16,21:01,-30.2338316,-71.0836147,9
GAN,2025-10-16,19:59,39.7410455797932,-86.31790247743453,9
GAN,2025-10-16,18:43,32.46149082748316,-87.18810947122249,9
GAN,2025-10-16,19:38,37.80319682792345,-83.2979848144023,9
GAN,2025-10-15,20:45,37.398780280966,-93.0416972417722,3
GAN,2025-10-14,21:21,37.2047005,-93.2829522,8
GAN,2025-10-16,22:30,0.0,0.0,9
GAN,2025-10-15,22:37,38.59158823783833,-90.3701079333048,7
GAN,2025-10-16,20:52,45.758191,4.8310246,7
GAN,2025-10-15,21:23,33.22905933634908,-87.53702070309458,9
GAN,2025-10-16,20:00,41.3538434,21.5658247,9
GAN,2025-10-15,20:15,38.39645384996497,-96.57539492346712,7
GAN,2025-10-16,10:13,27.8520665,-15.4423803,9
GAN,2025-10-15,23:35,38.887507,-119.818405,3
GAN,2025-10-16,14:13,22.281182404774597,114.13006060669842,9
GAN,2025-10-14,19:48,33.4356673,-86.8592595,9
GAN,2025-10-15,21:35,47.18650285612655,-122.4006778634058,9
GAN,2025-10-15,23:25,37.08912577408381,-91.2269332600119,3
GAN,2025-10-15,23:00,32.63361997023981,-86.42160764442171,9
GAN,2025-10-15,21:01,33.6819057,-112.3918426,8
GAN,2025-10-15,20:50,42.2242044895434,-121.7899048552176,5
GAN,2025-10-15,23:00,41.48617183719017,-81.54275156082124,7
GAN,2025-10-15,22:58,35.6328134,-78.7620771,9
GAN,2025-10-15,21:21,33.6909783,-86.62537909999999,8
GAN,2025-10-15,21:00,33.47073021713603,-87.03132699001404,8
GAN,2025-10-15,20:34,37.447141955719154,-91.67895041421131,3
GAN,2025-10-15,21:06,38.314577952244285,-85.61011389956742,8
GAN,2025-10-15,20:37,40.200823355696485,-78.89826738756113,8
GAN,2025-10-15,19:23,31.8280035657905,-90.39601471676636,9
GAN,2025-10-15,20:03,42.769963570901815,-71.46738712418352,9
GAN,2025-10-15,18:35,40.0583238,-74.4056612,9
GAN,2025-10-15,18:32,41.4187465,-75.6516839,9
GAN,2025-10-15,18:29,41.4187465,-75.6516839,9
GAN,2025-10-14,13:01,38.5221,-92.1641,3
GAN,2025-10-15,23:26,23.1618869,89.2248996,9
GAN,2025-10-14,21:12,33.1832357,-86.8430533,9
GAN,2025-07-23,23:00,38.73428401743735,-93.61685126219312,3
GAN,2025-07-23,22:44,38.74026614177739,-93.61388937055524,3
GAN,2025-07-23,22:38,38.74272719037121,-93.6192852572255,5
GAN,2025-07-23,22:32,38.74370705341282,-93.58115795330524,3
GAN,2025-07-23,22:23,38.749861440318725,-93.58576945152832,5
GAN,2025-07-23,22:19,38.74942098885097,-93.58159525230136,5
GAN,2025-07-23,22:15,38.754456,-93.5759805,5
GAN,2025-07-23,22:03,38.752352426177886,-93.57900293795797,5
GAN,2025-08-23,22:30,38.73421949460607,-93.61687266368898,3
GAN,2025-08-23,22:25,38.74023960473498,-93.61385984015229,5
GAN,2025-08-23,22:15,38.74322455068776,-93.6196523840858,5
GAN,2025-08-23,22:05,38.74343271149814,-93.58110102671236,3
GAN,2025-08-23,21:55,38.749853666917566,-93.58573545855288,5
GAN,2025-08-23,21:45,38.74940664458722,-93.5817066565338,5
GAN,2025-08-23,21:40,38.754456,-93.5759805,5
GAN,2025-08-23,21:35,38.75236252348888,-93.57900298628698,3
GAN,2025-09-19,21:51,38.73439393087574,-93.61708048757116,7
GAN,2025-09-19,21:43,0.0,0.0,3
GAN,2025-09-19,21:32,38.7457596,-93.6206623,3
GAN,2025-09-19,21:26,38.7442667,-93.580192,9
GAN,2025-09-19,21:17,38.75001323805463,-93.58561832766286,5
GAN,2025-09-16,21:12,38.74951191293184,-93.58144987638542,5
GAN,2025-09-19,21:08,38.754456,-93.5759805,5
GAN,2025-09-19,21:00,38.7522814,-93.5789508,5
GAN,2025-10-14,22:12,33.44875681341648,-86.81559896407829,9
GAN,2025-10-15,19:17,22.383709,114.1081545,9
GAN,2025-10-14,22:11,47.18650536901673,-122.40068029677435,9
GAN,2025-10-14,23:54,35.78650144206282,-78.68432221467383,9
GAN,2025-10-14,20:51,36.90496391824297,-111.45921319239784,5
GAN,2025-10-14,20:26,32.61008455891657,-110.79721377150372,3
GAN,2025-10-14,20:22,33.6818517,-112.3918354,8
GAN,2025-10-14,21:52,33.4022641,-86.85554909999999,9
GAN,2025-10-14,22:45,18.0022440302875,-66.61755363655361,7
GAN,2025-10-14,22:45,35.78616362103047,-78.66359446450822,9
GAN,2025-10-14,23:41,-34.4976063,-55.5614363,5
GAN,2025-10-14,21:41,35.6328134,-78.7620771,9
GAN,2025-10-14,22:26,18.0020423,-66.6191628,7
GAN,2025-10-14,22:09,18.0000784,-66.6194205,7
GAN,2025-10-14,20:42,33.2912423,-86.6488978,9
GAN,2025-10-14,21:58,17.997494786682434,-66.61899297866076,7
GAN,2025-10-14,21:41,0.0,0.0,7
GAN,2025-10-14,21:28,39.6722812,-84.2521632,8
GAN,2025-10-14,21:27,18.0023357,-66.6170766,7
GAN,2025-10-14,19:03,34.54575096107242,-86.01412181715665,8
GAN,2025-10-14,19:20,33.4306545,-86.7919009,9
GAN,2025-10-14,20:10,38.07415,-83.8994123,1
GAN,2025-10-14,23:07,41.608635,21.745275,9
GAN,2025-10-10,21:45,42.46457119999999,-75.06645329999999,9
GAN,2025-10-14,22:54,25.143337,75.8468166,9
GAN,2025-10-13,20:00,33.502086,-86.8051588,9
GAN,2025-10-14,16:57,0.0,0.0,9
GAN,2025-10-14,16:56,0.0,0.0,9
GAN,2025-10-14,16:31,27.845978954405144,-15.439677811398711,1
GAN,2025-10-14,16:23,0.0,0.0,9
GAN,2025-10-14,16:22,0.0,0.0,9
GAN,2025-10-13,23:52,33.515960469010444,-86.71995032060269,8
GAN,2025-10-13,23:17,33.463425072455244,-86.83180567573444,9
GAN,2025-10-13,19:59,33.6820698,-112.3919569,8
GAN,2025-10-13,23:56,-34.4891763,-55.624303,9
GAN,2025-10-13,21:50,33.5957820656475,-86.68820364034765,9
GAN,2025-10-13,21:48,30.479226999523327,-87.63177720970519,8
GAN,2025-10-13,19:43,36.643865893618056,-111.7713100278769,3
GAN,2025-10-13,21:37,33.581066,-86.2346281,9
GAN,2025-10-13,21:35,33.52553900916653,-86.56853012947661,9
GAN,2025-10-13,21:11,33.7418195,-87.267956,9
GAN,2025-10-13,21:54,41.49685801782432,-81.53892905786351,7
GAN,2025-10-13,21:39,41.50199848905352,-81.48874007392281,7
GAN,2025-10-13,20:29,33.6889908,-86.6833228,9
GAN,2025-10-13,21:30,35.78622853103771,-78.6635526835263,9
GAN,2025-10-13,19:30,33.5958032,-86.6882157,9
GAN,2025-10-13,21:03,37.9402444,-83.3737782,7
GAN,2025-10-13,21:05,39.6722812,-84.2521632,7
GAN,2025-10-13,20:36,35.78587419362946,-78.68456066836748,9
GAN,2025-10-13,20:42,38.31457667271235,-85.61011353534509,9
GAN,2025-10-13,19:39,33.6642037,-86.4928416,9
GAN,2025-10-13,20:56,-34.4976258,-55.561454,8
GAN,2025-10-13,19:50,-34.4819395,-55.6355661,8
GAN,2025-10-14,01:36,23.7561067,90.3871961,8
GAN,2025-10-13,12:12,42.46751314050284,-75.06176706922099,7
GAN,2025-10-04,11:37,0.0,0.0,8
GAN,2025-10-07,10:00,42.4528571,-75.0637746,9
GAN,2025-10-10,22:20,42.4528571,-75.0637746,7
GAN,2025-10-13,10:41,42.4692143,-75.0632511,8
GAN,2025-10-09,23:45,42.4528571,-75.0637746,9
GAN,2025-10-12,23:20,35.028992,-89.78432,9
GAN,2025-10-09,21:25,42.4692143,-75.0632511,9
GAN,2025-10-12,21:40,37.08906442795933,-91.2271013205076,3
GAN,2025-10-12,22:10,42.4646828,-75.0632093,9
GAN,2025-10-12,21:22,30.15809109201419,-97.96837537519544,5
GAN,2025-10-12,21:21,41.38995690201981,-81.47709471944628,7
GAN,2025-10-09,22:30,42.4528571,-75.0637746,9
GAN,2025-10-12,21:58,36.20824636591859,6.800758715202768,7
GAN,2025-10-12,21:05,41.3461105,21.5614426,9
GAN,2025-10-10,22:46,42.4692143,-75.0632511,7
GAN,2025-10-11,19:34,52.73365106188976,-1.394279674708283,5
GAN,2025-10-10,23:14,42.46591785884319,-75.06580821522755,9
GAN,2025-09-16,23:00,33.42992271964992,-86.680504755979,8
GAN,2025-10-10,22:51,45.3974847,-93.387922,8
GAN,2025-10-11,00:18,-34.4857011,-55.6312995,9
GAN,2025-10-11,00:06,-34.4894965,-55.6244514,9
GAN,2025-10-10,21:30,42.4643528,-75.0586785,8
GAN,2025-10-10,22:25,-34.4976255,-55.5614477,9
GAN,2025-10-09,21:48,42.4770338,-75.0961549,7
GAN,2025-10-10,21:34,-34.4892721,-55.6218322,3
GAN,2025-10-09,21:57,0.0,0.0,5
GAN,2025-10-09,21:57,43.505607392692674,-76.2661988453125,7
GAN,2025-10-10,19:17,42.4528571,-75.0637746,9
GAN,2025-10-07,20:08,28.5914435,-81.3618178,9
GAN,2025-10-10,21:37,41.7165004,21.771814,9
GAN,2025-10-06,21:07,42.4770338,-75.0961549,7
GAN,2025-10-09,21:21,42.4528571,-75.0637746,9
GAN,2025-10-10,20:04,41.7159169,21.7713811,9
GAN,2025-10-10,19:16,41.608635,21.745275,9
GAN,2025-10-04,10:04,35.7855556,-78.6775,9
GAN,2025-10-01,20:40,31.3403775,-110.9342532,5
GAN,2025-10-09,22:30,42.4770338,-75.0961549,9
GAN,2025-10-09,21:05,39.0168105,-94.8248595,9
GAN,2025-10-09,22:51,-34.4857011,-55.6312995,9
GAN,2025-10-09,22:47,-34.4892741,-55.6218933,5
GAN,2025-10-09,22:06,-34.4892323,-55.6241596,9
GAN,2025-10-09,21:08,0.0,0.0,9
GAN,2025-10-09,21:08,0.0,0.0,9
GAN,2025-10-09,15:40,45.7014715,17.7053915,9
GAN,2025-10-08,20:07,33.4948764,-111.9216734,9
GAN,2025-10-08,23:31,-34.4891235,-55.6240509,9
GAN,2025-10-08,23:05,-34.4892801,-55.6218532,7
GAN,2025-10-08,19:33,4.6397776,-74.0832639,8
GAN,2025-10-08,20:13,-34.4857011,-55.6312995,9
GAN,2025-10-08,20:03,-34.4976333,-55.5614547,7
GAN,2025-10-06,23:30,35.78555550067444,-78.66464309898392,8
GAN,2025-10-08,02:24,39.62927164592342,-77.4101456994489,9
GAN,2025-10-07,21:20,49.25909212204879,-123.23381400383694,9
GAN,2025-10-07,22:50,4.6502682,-74.1112271,5
GAN,2025-08-22,20:52,39.6338276763107,-91.4414458538817,5
GAN,2025-10-07,21:46,-34.4976267539759,-55.56148220701162,8
GAN,2025-10-07,21:49,-34.490045124878264,-55.62410542121504,8
GAN,2025-10-07,20:53,-34.4857011,-55.6312995,9
GAN,2025-10-07,19:45,44.96969229016695,-93.24155522268524,9
GAN,2025-09-23,06:10,41.3541669,-81.9295619,8
GAN,2025-10-07,20:51,-34.4796114,-55.6313064,8
GAN,2025-09-23,06:00,41.3541669,-81.9295619,8
GAN,2025-09-21,06:10,41.3541669,-81.9295619,7
GAN,2025-09-22,06:00,41.3541669,-81.9295619,5
GAN,2025-10-07,00:00,42.4692143,-75.0632511,7
GAN,2025-10-05,21:00,35.64401429999999,-121.1893211,5
GAN,2025-10-06,23:08,33.3632105,-111.8548258,9
GAN,2025-10-06,21:50,33.41568989394387,-111.90409764709489,8
GAN,2025-10-06,22:14,33.4118767,-111.9300071,9
GAN,2025-10-06,21:24,33.4255104,-111.9400054,9
GAN,2025-10-06,21:58,33.4255104,-111.9400054,9
GAN,2025-10-06,21:46,33.357888719863496,-111.70344189441133,9
GAN,2025-10-06,21:50,0.0,0.0,9
GAN,2025-10-06,21:05,33.41827214770091,-111.93210180383176,9
GAN,2025-10-06,20:28,33.4255104,-111.9400054,9
GAN,2025-10-06,20:25,33.4153674,-111.9243088,9
GAN,2025-10-06,20:14,33.4153674,-111.9243088,9
GAN,2025-10-06,20:09,33.358795152411695,-111.7893309899794,7
GAN,2025-10-03,18:28,41.34860184115352,-82.04666336551007,9
GAN,2025-09-26,21:30,40.17992147127489,-92.64680715005048,3
GAN,2025-09-28,09:28,42.4692143,-75.0632511,9
GAN,2025-10-05,21:24,47.2194666,-122.5582815,9
GAN,2025-10-05,20:34,33.4255104,-111.9400054,9
GAN,2025-10-05,23:19,35.7855209,-78.6762576,9
GAN,2025-10-05,20:50,35.7822847,-78.67497519999999,9
GAN,2025-10-05,20:41,35.799455608954545,-78.68414563928881,9
GAN,2025-10-05,22:34,41.3097554,-82.0184634,9
GAN,2025-10-04,21:31,41.3097554,-82.0184634,9
GAN,2025-10-05,19:13,33.5065122,-112.1458857,9
GAN,2025-10-05,22:14,37.5998939,-77.6192224,9
GAN,2025-10-04,21:29,42.467833203245576,-75.06498068267344,7
GAN,2025-10-05,21:43,-88.84917754466198,16.87397741262514,9
GAN,2025-10-05,05:37,43.0086415,-88.997621,7
GAN,2025-10-04,21:56,33.4948764,-111.9216734,5
GAN,2025-10-04,19:28,40.5245237,-79.9771661,9
GAN,2025-10-03,20:20,40.146713,-75.1035082,9
GAN,2025-10-03,23:23,33.367219760513095,-111.97522753542223,9
GAN,2025-10-03,23:20,33.36718597797979,-111.97524109332204,9
GAN,2025-10-03,22:05,40.220009516162655,-75.2831073666991,9
GAN,2025-10-03,21:55,40.12486090989224,-75.31534483240516,5
GAN,2025-10-03,21:44,40.2840092,-75.6512563,8
GAN,2025-10-03,21:33,42.47032882836789,-73.73042359756076,7
GAN,2025-10-03,21:12,40.19502072427392,-75.46812271762516,9
GAN,2025-10-03,20:50,40.194904073562526,-75.46808331641454,9
GAN,2025-10-03,20:50,40.194904073562526,-75.46808331641454,9
GAN,2025-10-03,20:23,41.3097554,-82.0184634,9
GAN,2025-10-01,13:07,40.17874577254881,-75.54054907179301,7
GAN,2025-10-03,22:46,29.5397333,76.9731017,9
GAN,2025-09-24,19:45,44.25886884974925,11.334241395779877,3
GAN,2025-10-03,02:38,33.07890213486332,-112.04083368091972,9
GAN,2025-10-03,04:28,44.38415241683934,-68.02433734381646,1
GAN,2025-10-02,21:05,40.1313817,-75.1370254,9
GAN,2025-10-02,22:25,34.136370973852195,-112.59412364305383,5
GAN,2025-10-02,20:48,33.3119488,-111.8208,9
GAN,2025-10-02,21:25,35.8181883,-78.8673936,7
GAN,2025-10-02,20:26,43.0085266,-88.996498,9
GAN,2025-10-02,20:44,35.78614072681292,-78.67713742891331,8
GAN,2025-10-02,19:59,42.78139863191646,-70.9288086639895,9
GAN,2025-10-03,00:42,37.1356853,-3.5728107,8
GAN,2025-10-01,23:51,34.0489281,-111.0937311,8
GAN,2025-10-02,02:27,39.6291078474205,-77.41039816158188,9
GAN,2025-10-01,23:18,33.5927763,-112.2077211,9
GAN,2025-10-01,22:19,33.41566330000001,-111.9295196,9
GAN,2025-10-01,22:16,33.3582166,-111.9010675,9
GAN,2025-10-01,22:11,33.422647762617785,-111.94519817770568,9
GAN,2025-10-01,21:44,34.0549076,-118.242643,9
GAN,2025-10-01,21:31,33.5164872,-112.1387794,9
GAN,2025-10-01,20:20,40.6234345738866,-74.49036824951258,9
GAN,2025-10-01,21:19,33.4195602,-111.9462873,9
GAN,2025-10-01,20:46,33.41424576904365,-111.92490133362898,9
GAN,2025-10-01,19:03,33.41917170000001,-111.9136465,9
GAN,2025-10-01,21:29,42.2945704,-71.3089732,9
GAN,2025-10-01,21:27,42.4528571,-75.0637746,9
GAN,2025-10-01,18:20,33.36242228746595,-111.89803981486833,9
GAN,2025-10-01,21:14,42.36837,-83.35270969999999,9
GAN,2025-10-01,21:08,40.10023528010004,-75.34276938965374,8
GAN,2025-10-01,20:12,39.482511145953225,-74.68328770037388,7
GAN,2025-09-28,20:00,42.4646390460689,-75.06382786409864,9
GAN,2025-10-01,19:59,40.32419109787101,-75.32103081175069,8
GAN,2025-10-01,19:52,35.1740471,-79.3922539,9
GAN,2025-10-01,18:54,6.2645189,-75.5507533,9
GAN,2025-10-01,16:43,36.867434290007736,-78.36613796534422,8
GAN,2025-09-21,22:00,45.6669338,12.2430608,9
GAN,2025-09-21,22:11,45.6669338,12.2430608,9
GAN,2025-09-30,21:17,33.4255104,-111.9400054,9
GAN,2025-10-02,01:34,21.52857834285336,107.9573258860442,7
GAN,2025-10-01,01:10,44.7024726,-76.29542719999999,3
GAN,2025-09-30,22:05,36.171563,-115.1391009,9
GAN,2025-09-22,20:30,40.2826275,-74.005545,7
GAN,2025-09-21,20:50,40.1509464,-74.1016578,7
GAN,2025-09-19,23:30,40.2954621,-74.02905179999999,8
GAN,2025-09-19,22:30,40.2954621,-74.02905179999999,8
GAN,2025-09-22,20:30,40.2826275,-74.005545,7
GAN,2025-09-18,20:35,40.6421019,-74.32233939999999,7
GAN,2025-10-01,20:35,-31.904542561479,116.16803024026756,9
GAN,2025-09-25,22:08,-31.40091661667017,-57.977629908812574,8
GAN,2025-09-16,22:30,42.40713685948947,9.537007134254356,5
GAN,2025-09-19,21:52,-31.3879469,-57.961187,8
GAN,2025-09-30,20:29,33.4202412707157,-111.93853694677745,9
GAN,2025-09-30,21:55,33.3977601701698,-111.5244730774886,9
GAN,2025-09-30,22:08,42.4528571,-75.0637746,9
GAN,2025-09-30,21:34,-33.718272,-56.328192,9
GAN,2025-09-30,20:46,27.852649140569987,-82.17793672924624,9
GAN,2025-09-30,20:29,27.852582536791093,-82.1779321662589,9
GAN,2025-09-25,22:35,29.872467,-98.630716,3
GAN,2025-09-30,22:34,50.9460841,4.0502929,5
GAN,2025-09-28,20:06,33.42382004503024,-111.92937081809244,8
GAN,2025-09-28,20:00,51.64034067447638,-2.681458880603273,7
GAN,2025-09-29,17:44,0.0,0.0,9
GAN,2025-09-28,22:26,33.41429343458511,-111.92504839331473,7
GAN,2025-09-28,20:38,42.39477791729682,-71.15978090913757,9
GAN,2025-09-16,21:40,37.3221956,-89.5245851,7
GAN,2025-09-16,21:27,37.3199941,-89.5276456,7
GAN,2025-09-16,21:20,37.3199941,-89.5276456,9
GAN,2025-09-16,21:12,37.3149083,-89.5278604,9
GAN,2025-09-16,21:05,37.31626990000001,-89.5257242,9
GAN,2025-09-16,20:55,37.3137719,-89.5281625,7
GAN,2025-09-16,20:50,37.3137719,-89.5281625,7
GAN,2025-09-16,20:42,37.3134104,-89.53107609999999,7
GAN,2025-09-16,20:35,37.3149265,-89.5309266,8
GAN,2025-09-27,22:50,44.9735412,-93.2275757,9
GAN,2025-09-27,22:53,44.98150753257786,-93.24308182721366,9
GAN,2025-09-27,20:20,48.255768,-101.297707,3
GAN,2025-09-27,21:18,38.304755261021775,-85.5669936206696,9
GAN,2025-09-25,03:00,24.506264119583907,54.59286891889884,8
GAN,2025-09-27,02:33,38.887542,-119.818416,3
GAN,2025-09-26,23:59,37.51668122105279,-94.39420859546564,3
GAN,2025-09-27,00:47,38.29217384477609,-85.93404274515827,5
GAN,2025-09-26,23:03,38.28785245130902,-85.5586235792397,7
GAN,2025-09-26,23:41,37.54668663582284,-94.37072489075676,3
GAN,2025-09-26,23:15,44.969862,-93.2417461,9
GAN,2025-09-26,23:09,37.47842224031058,-94.26018887905532,5
GAN,2025-09-26,22:51,4.6820645,-74.1002491,8
GAN,2025-09-25,20:00,4.6769933,-74.0894803,8
GAN,2025-09-26,20:29,44.97308813013049,-93.26708222636856,9
GAN,2025-09-26,20:32,-34.502815633938816,-55.56522912473693,3
GAN,2025-09-26,22:17,58.50019183750589,11.35035380391642,3
GAN,2025-09-21,20:08,-6.893208590374806,107.60940169578896,9
GAN,2025-09-26,23:35,-6.893040732919084,107.60947996964804,9
GAN,2025-09-21,23:21,-6.885869076179328,107.61674330556424,9
GAN,2025-09-14,02:45,-6.8935391,107.7671224,7
GAN,2025-09-21,21:57,-6.2690021,106.9912189,9
GAN,2025-09-22,19:23,-6.9238784,107.6133888,9
GAN,2025-09-23,00:07,-6.878037186087108,107.61230874311342,9
GAN,2025-09-21,05:03,-6.973263599658345,107.7524500328979,9
GAN,2025-09-18,23:05,-6.878092838412411,107.61229532147934,9
GAN,2025-09-26,18:45,-6.864896,107.5871744,9
GAN,2025-09-18,23:05,-6.8780346,107.6122326,9
GAN,2025-09-26,18:43,-6.8780346,107.6122326,9
GAN,2025-09-26,14:43,0.0,0.0,9
GAN,2025-09-18,23:05,-6.878007031839158,107.6123239718341,9
GAN,2025-09-26,11:49,0.0,0.0,9
GAN,2025-09-22,21:38,-6.922311283552257,107.70123251427113,5
GAN,2025-09-19,21:00,-6.8718845301987965,107.61921346218033,9
GAN,2025-09-14,03:20,-6.891275252850275,107.76957765925395,8
GAN,2025-09-20,14:25,-6.872950343492161,107.62775943172072,9
GAN,2025-09-25,23:45,58.799122840687616,17.82096045459813,3
GAN,2025-09-26,02:13,0.0,0.0,9
GAN,2025-09-25,23:40,33.43517757765474,-86.85850362959467,7
GAN,2025-09-25,22:33,34.43044173906487,-103.16802571159742,5
GAN,2025-09-25,23:27,44.777641836077166,-93.78279892981972,5
GAN,2025-09-20,22:01,-6.877852000000001,107.6122184,9
GAN,2025-09-19,10:39,-6.877852000000001,107.6122184,9
GAN,2025-09-18,09:56,-6.877852000000001,107.6122184,9
GAN,2025-09-25,21:53,44.96991350689787,-93.24048243918804,9
GAN,2025-09-25,23:25,-34.50286787276224,-55.56527157551962,5
GAN,2025-09-22,21:21,-6.2579615,106.8500633,9
GAN,2025-09-25,21:40,-34.4930179,-55.5682647,7
GAN,2025-09-25,21:26,57.69644937891073,11.96894337674399,7
GAN,2025-09-04,14:53,80.05804956215623,-19.6875,1
GAN,2025-09-25,23:54,-6.3568742,106.7920631,9
GAN,2025-09-13,19:35,-6.92190215899466,107.76979737400748,9
GAN,2025-09-20,19:17,-6.8920856,107.6177663,9
GAN,2025-09-16,21:36,-6.949027900000001,107.7124208,9
GAN,2025-09-17,20:35,-6.89166756173423,107.61038704337749,9
GAN,2025-09-21,22:30,41.3631902,-81.63162919999999,9
GAN,2025-09-24,23:02,33.6335887,-112.2109413,9
GAN,2025-09-24,22:10,0.0,0.0,9
GAN,2025-09-14,03:51,-6.8943527,107.7673652,5
GAN,2025-09-25,14:26,0.0,0.0,1
GAN,2025-09-19,20:41,-6.8145434,107.6229532,9
GAN,2025-09-20,19:00,-6.885059,107.6192639,5
GAN,2025-09-24,00:59,42.36837,-83.35270969999999,9
GAN,2025-09-14,03:51,-6.894738388634887,107.7678580053528,8
GAN,2025-09-24,21:56,33.41352184049084,-111.89605614967518,8
GAN,2025-09-24,21:16,33.5927763,-112.2077211,9
GAN,2025-09-24,21:10,33.4221122,-111.9329997,9
GAN,2025-09-24,20:46,33.39042876079679,-111.9929964568188,9
GAN,2025-09-24,22:47,32.3293111,-96.6252679,5
GAN,2025-09-24,20:24,36.7919104,-75.9824384,8
GAN,2025-09-23,21:00,33.2531055,-86.8365879,7
GAN,2025-09-24,22:20,35.42769342075226,-79.04566456551133,3
GAN,2025-09-24,21:25,45.0683098,-93.0648182,9
GAN,2025-09-24,19:19,33.4255104,-111.9400054,9
GAN,2025-09-24,19:17,33.4255104,-111.9400054,9
GAN,2025-09-24,19:17,33.4255104,-111.9400054,9
GAN,2025-09-24,19:17,33.4255104,-111.9400054,9
GAN,2025-09-24,19:17,33.4255104,-111.9400054,9
GAN,2025-09-23,22:37,33.109628,-80.13909400000001,9
GAN,2025-09-24,19:48,30.7077712,-88.214353,9
GAN,2025-09-24,21:31,-34.502791315498285,-55.565284399927314,3
GAN,2025-09-24,19:18,36.16738772319696,-86.78197353410347,9
GAN,2025-09-24,19:18,36.16737919013213,-86.78181585019473,9
GAN,2025-09-24,18:45,35.0180498,-85.09709699999999,9
GAN,2025-09-22,19:30,33.4934243,-117.1488156,9
GAN,2025-09-23,21:00,46.14012804468194,-123.8280581644354,9
GAN,2025-09-24,19:02,25.7616798,-80.1917902,9
GAN,2025-09-23,20:31,33.502086,-86.8051588,9
GAN,2025-09-23,21:26,33.4195602,-111.9462873,9
GAN,2025-09-23,10:57,33.42376288269762,-111.92932539317846,8
GAN,2025-09-18,20:12,38.6774741,-90.382829,9
GAN,2025-09-21,02:20,-6.880278863931523,107.6138016847896,9
GAN,2025-09-24,17:36,25.3430916,55.3934244,9
GAN,2025-09-24,00:03,33.508777551478666,-86.81316567037258,9
GAN,2025-09-20,20:44,-6.8713688,107.6276701,8
GAN,2025-09-22,20:15,38.62742799999999,-90.1982439,9
GAN,2025-09-23,21:26,41.2991547,21.4946618,3
GAN,2025-09-22,20:29,-6.876143,107.6030286,9
GAN,2025-09-19,00:42,-6.8805095,107.5745839,9
GAN,2025-09-24,06:52,0.0,0.0,9
GAN,2025-09-23,23:34,48.118146,-123.4307413,7
GAN,2025-09-16,21:35,33.501509429767985,-86.80076489512355,9
GAN,2025-09-16,09:30,33.501019773812786,-86.80214569470661,8
GAN,2025-09-16,09:28,33.50020247082106,-86.80165061841612,8
GAN,2025-09-16,09:20,33.50084428812221,-86.80027330188148,9
GAN,2025-09-16,09:10,33.500329504819376,-86.80085334569162,8
GAN,2025-09-14,04:05,-6.0936238,106.6202887,9
GAN,2025-09-23,22:58,44.100346328467054,-103.20060344747591,9
GAN,2025-09-23,23:14,33.4354555,-86.8582859,7
GAN,2025-09-23,23:36,33.072118807656594,-86.77693560472267,5
GAN,2025-09-23,22:30,36.1314275,-86.7854547,9
GAN,2025-09-23,23:18,33.10764766506478,-86.89112663269043,5
GAN,2025-09-23,23:33,33.2442813,-86.8163773,7
GAN,2025-09-23,21:27,36.90496095404123,-111.45921144372424,5
GAN,2025-09-23,23:20,33.7825572,-86.9899538,5
GAN,2025-09-23,23:14,33.4921152,-86.8184842,8
GAN,2025-09-23,20:11,33.5048834,-86.8130395,9
GAN,2025-09-23,22:05,33.5426462,-86.79436779999999,9
GAN,2025-09-23,22:55,33.5185892,-86.8103567,8
GAN,2025-09-17,19:55,33.3678016,-86.8145839,5
GAN,2025-09-23,22:39,33.2442813,-86.8163773,9
GAN,2025-09-17,19:55,33.3677843,-86.8143785,5
GAN,2025-09-23,22:32,33.5185892,-86.8103567,9
GAN,2025-09-23,22:22,30.75702819999999,-88.1376023,1
GAN,2025-09-23,21:21,33.4907174797636,-86.8024720845832,7
GAN,2025-09-22,20:18,33.5037880128928,-86.81065665387622,1
GAN,2025-09-23,20:16,33.5176085,-112.0621685,9
GAN,2025-09-23,22:14,33.5474389,-86.758189,8
GAN,2025-09-23,22:09,33.3401108,-86.6302625,8
GAN,2025-09-23,22:13,33.5185892,-86.8103567,9
GAN,2025-09-23,19:00,33.498455573326844,-86.80470075512189,7
GAN,2025-09-23,22:03,33.50582799169114,-86.80552050433673,9
GAN,2025-09-23,22:05,33.286197476971324,-86.81836193879265,8
GAN,2025-09-23,22:02,33.45576740173101,-86.72344781356942,8
GAN,2025-09-16,20:30,33.504212846122215,-86.80291339612506,9
GAN,2025-09-16,20:30,33.5033866524794,-86.80452226938966,9
GAN,2025-09-16,20:30,33.50287374261391,-86.80345626426674,9
GAN,2025-09-16,20:30,33.502394460701694,-86.8045747843375,9
GAN,2025-09-22,21:50,33.5185892,-86.8103567,8
GAN,2025-09-23,21:57,33.39155837743351,-86.67618596272234,8
GAN,2025-09-23,19:55,0.0,0.0,7
GAN,2025-09-16,20:30,33.50257118697948,-86.80408041742632,9
GAN,2025-09-23,21:39,33.50009829092011,-86.8054628979085,9
GAN,2025-09-23,20:39,33.5149037,-86.84922569999999,8
GAN,2025-09-23,21:00,33.5003317,-86.8071398,8
GAN,2025-09-22,21:02,33.6064162,-86.8006733,8
GAN,2025-09-23,21:39,33.36943996435774,-86.7376960394776,7
GAN,2025-09-22,21:40,33.6102837,-86.7967857,9
GAN,2025-09-23,21:20,33.43765364975558,-86.75303202602912,9
GAN,2025-09-23,21:40,32.3792233,-86.3077368,9
GAN,2025-09-23,21:36,33.3420548,-86.86680369999999,8
GAN,2025-09-23,19:36,33.6818852,-112.391834,8
GAN,2025-09-23,21:34,33.61991454761235,-86.69104898888531,9
GAN,2025-09-18,22:30,33.539750996914584,-86.93623856684466,9
GAN,2025-09-23,22:22,32.20142121316732,-80.69706199226674,5
GAN,2025-09-23,21:21,33.443931193780415,-86.86288471603862,9
GAN,2025-09-23,21:10,44.97285085126679,-93.2365435038795,9
GAN,2025-09-22,21:14,33.50983170570996,-86.8071299585216,8
GAN,2025-09-23,21:11,33.6411432,-86.701105,8
GAN,2025-09-23,21:06,33.5185892,-86.8103567,9
GAN,2025-09-23,21:01,33.4043154,-86.6913124,7
GAN,2025-09-23,20:36,33.3530531,-86.7897018,7
GAN,2025-09-23,20:56,33.65695141456187,-86.81798859191159,8
GAN,2025-09-23,20:54,33.66746971698713,-86.66488788364427,8
GAN,2025-09-23,20:53,33.5067203398462,-86.75776083090783,9
GAN,2025-09-22,21:51,33.38879209766116,-86.71234478651857,9
GAN,2025-09-23,20:51,33.433183371728816,-86.72429883130033,9
GAN,2025-09-23,20:45,33.7147537,-86.53473439999999,3
GAN,2025-09-23,20:36,33.5185892,-86.8103567,8
GAN,2025-09-23,20:37,33.3402993,-86.5781245,9
GAN,2025-09-23,20:27,33.5185892,-86.8103567,9
GAN,2025-09-23,20:00,33.5185892,-86.8103567,7
GAN,2025-09-23,20:33,32.9976242,-87.6300075,7
GAN,2025-09-23,20:35,33.6738301,-86.4057231,3
GAN,2025-09-23,20:23,33.5909365,-86.49081679999999,7
GAN,2025-09-23,20:04,33.1765091,-86.31335500000002,7
GAN,2025-09-21,22:00,33.670593597401265,-86.8190615843306,9
GAN,2025-09-23,20:21,33.150452688618515,-86.78290355859596,8
GAN,2025-09-23,20:19,33.54780589197284,-86.54443112224514,9
GAN,2025-09-23,20:17,34.0629359,-118.2464023,5
GAN,2025-09-23,20:14,32.54614390055884,-86.22735827290154,7
GAN,2025-09-23,20:07,32.54595160384373,-86.2270610379837,7
GAN,2025-09-23,20:03,33.50840255319932,-86.81381062420078,9
GAN,2025-09-23,20:03,33.4249636,-86.83126060000001,8
GAN,2025-09-23,20:04,33.6549071147388,-86.76996447430318,9
GAN,2025-09-14,22:00,33.4125299,-86.7984949,9
GAN,2025-09-22,21:51,33.322528,-86.8827615,9
GAN,2025-09-23,10:25,33.40358589222698,-86.87423145893258,8
GAN,2025-09-23,21:35,-34.50278596393526,-55.56531703004466,5
GAN,2025-09-23,19:39,33.49144179015628,-86.80440435746316,9
GAN,2025-09-24,02:33,41.3416521,21.5555512,7
GAN,2025-09-22,19:06,33.5185892,-86.8103567,5
GAN,2025-09-22,22:35,35.12533612487039,-81.21428311038343,9
GAN,2025-09-23,19:21,33.4286049,-86.69094919999999,8
GAN,2025-09-23,19:14,33.3306722,-86.8789027,8
GAN,2025-09-23,19:07,0.0,0.0,8
GAN,2025-09-23,18:59,33.4053867,-86.8113781,8
GAN,2025-09-21,22:17,33.5185892,-86.8103567,9
GAN,2025-09-21,18:40,33.4333365,-86.8442364,9
GAN,2025-09-23,20:28,-31.3865452,-57.9551935,7
GAN,2025-09-22,21:50,32.25539939289255,-87.22559419945411,8
GAN,2025-09-24,04:48,23.1619092,89.2249022,9
GAN,2025-09-22,21:00,33.5185892,-86.8103567,5
GAN,2025-09-20,20:30,33.485856468395966,-86.81370538757747,8
GAN,2025-09-23,20:54,41.34129461442096,21.55180552774615,9
GAN,2025-09-23,20:45,0.0,0.0,9
GAN,2025-09-19,11:15,33.504442998500195,-87.02255736203757,5
GAN,2025-09-22,20:03,33.50077735785941,-86.80800365067319,7
GAN,2025-09-22,21:32,48.2329668,-101.2922906,9
GAN,2025-09-22,22:16,33.5185892,-86.8103567,8
GAN,2025-09-23,22:53,-6.8885758,107.6258889,9
GAN,2025-09-18,20:15,33.18047859253245,-86.82707824577092,9
GAN,2025-09-20,20:16,-6.8859287,107.6156448,8
GAN,2025-09-20,21:21,27.6905796813062,-81.14963411932118,3
GAN,2025-09-22,20:17,-6.852923499999999,107.593419,7
GAN,2025-09-23,20:50,-6.878477246924851,107.61832998251673,9
GAN,2025-09-22,21:21,32.0430494,-96.2689497,7
GAN,2025-09-22,21:14,32.0430494,-96.2689497,7
GAN,2025-09-22,20:35,-6.8859287,107.6156448,9
GAN,2025-09-23,06:27,45.038921031599976,-93.4238556872043,9
GAN,2025-09-23,03:15,50.75036521653561,-1.7877387378723109,5
GAN,2025-09-20,21:28,-6.8779105,107.6189815,8
GAN,2025-09-20,21:28,-6.877847809128661,107.61910159113394,8
GAN,2025-09-22,23:45,33.41961092272604,-111.938333916459,9
GAN,2025-09-22,23:58,45.30267450554148,-122.96839636558494,9
GAN,2025-09-23,01:51,33.35172408068369,-86.65638763002683,7
GAN,2025-09-22,23:19,33.4153741,-111.9295427,8
GAN,2025-09-22,20:50,33.50145455598251,-86.8111342330576,8
GAN,2025-09-22,20:50,33.50153341836407,-86.81149563381958,9
GAN,2025-09-22,20:47,33.50032157592825,-86.81039397010156,9
GAN,2025-09-22,20:45,33.50162152301606,-86.8100967824679,8
GAN,2025-09-22,20:48,33.50011673836852,-86.81062922444589,8
GAN,2025-09-23,00:31,39.62451920000001,-86.1343622,9
GAN,2025-09-22,23:42,33.34497607712946,-86.89289673027544,8
GAN,2025-09-22,23:41,33.5039082,-86.92898799999999,8
GAN,2025-09-22,20:45,33.50067863849952,-86.81062474361256,9
GAN,2025-09-22,20:50,33.41220780973897,-111.92999550833204,9
GAN,2025-09-22,20:45,43.2801935,-123.4009408,8
GAN,2025-09-22,22:47,31.794961692887828,-85.99485176663161,8
GAN,2025-09-22,20:47,36.90495912412685,-111.45921198859678,5
GAN,2025-09-22,22:43,31.794961692887828,-85.99485176663161,9
GAN,2025-09-22,20:42,0.0,0.0,9
GAN,2025-09-22,22:35,38.6623672,-90.39411040000002,9
GAN,2025-09-20,20:29,-6.881201799999999,107.6161493,9
GAN,2025-09-22,22:29,33.43594605465932,-86.86013212612247,9
GAN,2025-09-20,20:28,-6.881201799999999,107.6161493,9
GAN,2025-09-22,20:23,33.41220432120416,-111.92994911166213,9
GAN,2025-09-22,20:18,33.6818744,-112.3919274,8
GAN,2025-09-22,21:52,33.50468402056588,-86.81311367168071,7
GAN,2025-09-22,21:05,33.49805559248474,-86.80403455400196,9
GAN,2025-09-22,21:47,33.4564821,-86.91438869999999,8
GAN,2025-09-22,22:42,35.12552094803924,-81.21442275177552,5
GAN,2025-09-22,09:13,41.49908337832731,-87.07830922531022,8
GAN,2025-09-22,19:26,33.4169873,-111.920111,1
GAN,2025-09-22,22:37,35.125469432798745,-81.21450144761936,7
GAN,2025-09-22,21:32,33.5185892,-86.8103567,9
GAN,2025-09-22,21:32,33.28619746867488,-86.81836115142386,8
GAN,2025-09-22,21:19,33.4520527,-87.01583649999999,7
GAN,2025-09-22,23:21,-30.038858115330008,-70.7031886439739,9
GAN,2025-09-22,20:18,40.2361895,-111.7291307,3
GAN,2025-09-22,21:20,33.2978915,-86.8057044,9
GAN,2025-09-22,21:09,39.90932001756165,-94.69233751287172,8
GAN,2025-09-22,20:54,38.67641,-90.418253,9
GAN,2025-09-22,20:25,33.40815535666175,-86.79946570226893,9
GAN,2025-09-15,19:44,33.5016866,-86.8072835,8
GAN,2025-09-22,20:32,-6.94792361285016,107.7136675093373,9
GAN,2025-09-15,19:48,33.5029685,-86.8056842,9
GAN,2025-09-22,21:58,0.0,0.0,7
GAN,2025-09-15,19:36,33.502086,-86.8051588,9
GAN,2025-09-15,19:33,33.5013419,-86.8071588,8
GAN,2025-09-22,20:59,33.498253440801385,-86.80365425190925,9
GAN,2025-09-15,19:46,33.4953509,-86.7907981,8
GAN,2025-09-22,20:05,0.0,0.0,5
GAN,2025-09-16,19:55,33.501726,-86.80653,9
GAN,2025-09-22,20:45,30.385761242847227,-87.67323302939805,9
GAN,2025-09-22,20:40,33.48480020168315,-86.79950449133877,9
GAN,2025-09-22,20:20,33.362652479422486,-86.86917270909011,9
GAN,2025-09-22,21:14,35.91946341613497,-83.65086959029364,9
GAN,2025-09-22,20:14,38.6395476,-90.3971108,8
GAN,2025-09-22,20:10,38.94690260866157,-93.03906771365392,7
GAN,2025-09-22,20:14,38.6117381,-90.3866466,9
GAN,2025-09-22,20:10,33.161853,-87.73763339999999,7
GAN,2025-09-22,20:07,33.414560493912674,-86.90402121861085,3
GAN,2025-09-22,20:02,33.4459238,-87.1245486,8
GAN,2025-09-16,19:50,33.5025849671681,-86.8039829641571,9
GAN,2025-09-22,19:47,33.61035142353033,-86.4824017886068,9
GAN,2025-09-15,21:46,33.50840395086922,-86.81279841929593,9
GAN,2025-09-22,20:30,40.2826275,-74.005545,9
GAN,2025-09-22,20:37,42.8741204,-72.2795383,9
GAN,2025-09-22,21:33,-31.3910182,-57.9520172,9
GAN,2025-09-20,20:54,38.96305497060403,-94.99883857250347,5
GAN,2025-09-20,21:54,38.9801620610222,-94.95838685901175,5
GAN,2025-09-20,20:54,38.97665757775937,-94.95837742344077,9
GAN,2025-09-22,18:50,32.3792233,-86.3077368,9
GAN,2025-09-18,21:16,34.024063,-86.01153939999999,8
GAN,2025-09-23,04:58,-6.8851992,107.6136456,8
GAN,2025-09-22,21:59,41.338688640666646,21.544892898216627,7
GAN,2025-09-22,21:59,0.0,0.0,8
GAN,2025-09-22,21:30,0.0,0.0,8
GAN,2025-09-22,21:26,41.33868988663134,21.544894610914216,8
GAN,2025-09-22,21:25,0.0,0.0,7
GAN,2025-09-22,20:36,41.38869586708478,21.58695141499955,8
GAN,2025-09-21,21:05,33.5185892,-86.8103567,9
GAN,2025-09-21,21:00,33.5185892,-86.8103567,9
GAN,2025-09-15,19:26,32.4869996,-114.7821796,5
GAN,2025-09-21,21:40,30.25936645755307,-87.62466209937386,9
GAN,2025-09-15,21:17,-6.882016555620512,107.617794761816,8
GAN,2025-09-22,20:20,-6.8981942,107.6186964,9
GAN,2025-09-22,20:11,-6.8773806,107.6139239,9
GAN,2025-09-20,21:07,41.3068576,21.4797566,1
GAN,2025-09-18,19:57,-6.8841218,107.6192163,9
GAN,2025-09-18,21:03,41.3068576,21.4797566,1
GAN,2025-09-20,19:11,-6.882045126151969,107.61781584832528,5
GAN,2025-09-18,20:22,-6.882044606978794,107.61779345031567,8
GAN,2025-09-22,13:01,41.3519984,21.5424963,9
GAN,2025-09-22,13:01,41.35180963060226,21.54261442723567,9
GAN,2025-09-22,00:55,38.88755718015295,-119.81839251679553,3
GAN,2025-09-20,20:21,-6.9943883,107.5689765,5
GAN,2025-09-22,03:45,18.0018308,-66.6188972,7
GAN,2025-09-22,03:34,17.9999745,-66.6190455,7
GAN,2025-09-22,03:25,17.9977915,-66.6194924,7
GAN,2025-09-22,03:19,18.0001195,-66.6174674,7
GAN,2025-09-22,03:13,17.9992862,-66.6164164,7
GAN,2025-09-22,03:04,18.0023255,-66.6170835,7
GAN,2025-09-21,21:10,-6.4024844,106.7942405,9
GAN,2025-09-20,22:24,-6.4024844,106.7942405,9
GAN,2025-09-22,01:13,-34.4930358,-55.5684453,7
GAN,2025-09-21,22:38,31.739424445630107,-91.85283005248368,9
GAN,2025-09-21,23:24,43.00574000733798,-71.43506219162775,9
GAN,2025-09-21,20:23,18.56290719559608,-99.2370938863837,7
GAN,2025-09-21,21:49,0.0,0.0,9
GAN,2025-09-21,21:25,33.4079236,-86.7985076,9
GAN,2025-09-19,23:57,41.44540144114701,-82.18837246619479,7
GAN,2025-09-21,20:00,30.7786677,-88.2588731,7
GAN,2025-09-22,01:41,0.0,0.0,9
GAN,2025-09-21,20:25,33.5007322,-86.80296539999999,9
GAN,2025-09-21,21:21,-6.2579615,106.8500633,9
GAN,2025-09-21,22:05,-31.3782706,-57.9306406,8
GAN,2025-09-21,08:10,0.0,0.0,9
GAN,2025-09-21,21:06,43.1324214,-71.2407632,7
GAN,2025-09-21,21:18,-30.029913916185773,-70.70877815660776,8
GAN,2025-09-19,21:15,-30.02974415380742,-70.70889397064956,5
GAN,2025-09-21,19:07,33.52655786044738,-86.69836404978241,7
GAN,2025-09-21,18:49,42.6410975559568,-70.82040590147939,9
GAN,2025-09-21,16:18,30.259303200781996,-87.62472701316884,9
GAN,2025-09-21,22:01,50.9488737,4.0813914,5
GAN,2025-09-21,21:44,41.350255,21.5413784,7
GAN,2025-09-21,21:08,41.3526371,21.5460583,5
GAN,2025-09-22,00:53,-6.8832789,107.6118561,9
GAN,2025-09-19,23:28,41.85747382896598,2.563867967208231,3
GAN,2025-09-21,23:38,-6.1944491,106.8229198,9
GAN,2025-09-21,23:17,-6.8585657,107.6478422,9
GAN,2025-09-21,22:25,-6.9559,107.6295,8
GAN,2025-09-21,21:37,-6.1394339,106.7966377,9
GAN,2025-09-20,20:05,33.6818872,-112.3918603,8
GAN,2025-09-21,18:22,-6.882406329793726,107.61380880154246,9
GAN,2025-09-21,04:17,33.5007322,-86.80296539999999,9
GAN,2025-09-21,03:29,31.29555,-85.10549,3
GAN,2025-09-20,21:45,32.608950055695395,-110.73326272306048,3
GAN,2025-09-20,21:26,33.44395923897013,-111.54318429540056,7
GAN,2025-09-20,21:09,36.90495456648684,-111.45921857263012,5
GAN,2025-09-20,22:40,33.9538023,-86.72151749999999,7
GAN,2025-09-20,20:27,42.2586342,-87.840625,8
GAN,2025-09-20,22:13,41.44972342335591,-81.72454032985476,8
GAN,2025-09-20,22:35,34.79139,-84.9933856,8
GAN,2025-09-20,20:21,35.282548876616936,-106.71876324683286,5
GAN,2025-09-20,21:34,33.4793183295411,-86.81775112519362,3
GAN,2025-09-20,22:08,43.3200694,-75.2829465,8
GAN,2025-09-20,20:48,31.8731287,-96.3577589,7
GAN,2025-09-20,20:46,17.603720014765255,-65.86944121538934,9
GAN,2025-09-20,20:26,33.4017766,-86.954437,9
GAN,2025-09-20,20:26,34.055631904103464,-86.67056886109044,5
GAN,2025-09-17,21:00,39.47504840567092,-91.38656190486448,3
GAN,2025-09-16,22:49,39.69377552764414,-91.39171240713308,5
GAN,2025-09-20,20:55,0.0,0.0,3
GAN,2025-09-20,20:47,41.48649687849772,-82.08842951320418,8
GAN,2025-09-16,22:15,39.701217363863215,-91.35848246327662,5
GAN,2025-09-16,22:00,39.713284450074624,-91.35832610348773,9
GAN,2025-09-16,21:51,39.71139091504245,-91.35358124658048,8
GAN,2025-09-16,21:41,39.70610249617231,-91.35232110655063,5
GAN,2025-09-16,21:30,39.70404909166517,-91.34731154268194,5
GAN,2025-09-16,21:18,39.70089426953208,-91.34154012335848,5
GAN,2025-09-21,03:54,-6.925998039425957,107.59326144526722,9
GAN,2025-09-16,21:05,39.68969928271027,-91.33149418446123,5
GAN,2025-09-16,20:40,39.67152227983002,-91.3096446969574,5
GAN,2025-09-20,22:04,47.3428541,14.0345889,3
GAN,2025-09-21,01:00,-6.890555691067345,107.6204172341322,9
GAN,2025-09-19,23:20,29.872467,-98.630716,3
GAN,2025-09-20,23:29,-6.846388535092995,107.57597162969466,9
GAN,2025-09-20,23:19,-6.846331816852881,107.5759951443615,9
GAN,2025-09-20,21:06,-6.9421997,107.621433,9
GAN,2025-09-20,20:20,-6.890701353699871,107.57002934603852,9
GAN,2025-09-20,22:39,-6.9136411,107.684988,9
GAN,2025-09-20,22:20,-6.8585784,107.6479807,7
GAN,2025-09-20,22:06,-6.938149956330951,107.6289393439034,9
GAN,2025-09-20,20:51,-6.890361700000001,107.6101912,9
GAN,2025-09-20,21:37,-6.938036436473554,107.62892305694714,9
GAN,2025-09-20,21:50,0.0,0.0,9
GAN,2025-09-20,21:39,-6.8788961,107.61802,8
GAN,2025-09-20,21:35,-6.938016368573599,107.62892107276664,9
GAN,2025-09-20,21:22,-6.8909748,107.6188894,9
GAN,2025-09-20,21:12,-6.8772824,107.603441,9
GAN,2025-09-20,21:19,-6.877073371483909,107.60351844541256,9
GAN,2025-09-20,20:51,-6.8774063,107.6154737,9
GAN,2025-09-20,20:19,-6.922314999999999,107.7010819,5
GAN,2025-09-20,21:08,-6.8787729,107.6187992,9
GAN,2025-09-20,21:05,-6.881827805235983,107.61801965284506,7
GAN,2025-09-20,21:03,-6.881827805235983,107.61801965284506,7
GAN,2025-09-20,20:59,-6.881827805235983,107.61801965284506,8
GAN,2025-09-20,20:48,-6.885059,107.6192639,8
GAN,2025-09-20,20:51,-6.8712944,107.6274092,8
GAN,2025-09-20,20:16,-6.877971110835373,107.61975534695996,9
GAN,2025-09-20,19:59,-6.889289293413938,107.59591536081864,9
GAN,2025-09-20,19:53,-6.220569999999999,106.8074888,9
GAN,2025-09-20,19:31,-33.83490255,151.09101233,9
GAN,2025-09-20,19:31,-34.41302786721252,154.21099395929173,8
GAN,2025-09-20,19:31,-32.497256564500155,152.1999874702612,9
GAN,2025-09-20,19:31,-33.8288194,151.0889325,9
GAN,2025-09-20,19:31,-33.8348424,151.0908961,9
GAN,2025-09-20,00:01,33.31831588311108,-117.20843607793502,8
GAN,2025-09-20,01:19,45.77449613437367,-84.3695382353825,3
GAN,2025-09-19,22:54,41.396237420066726,-82.7049151204233,8
GAN,2025-09-19,21:32,38.887547598961504,-119.81839927733658,3
GAN,2025-09-19,23:02,39.335056,-97.617355,3
GAN,2025-09-19,21:01,33.681899,-112.3918205,8
GAN,2025-09-19,22:29,0.0,0.0,8
GAN,2025-06-27,21:00,39.040449,-94.574369,8
GAN,2025-09-19,22:35,41.48646434204274,-82.08843858289914,8
GAN,2025-09-19,21:23,30.524828188151115,-87.91448988650035,9
GAN,2025-09-19,22:16,36.33463552320019,-80.70289366211672,7
GAN,2025-09-19,21:10,37.62809298777616,-93.7487420336903,3
GAN,2025-09-19,21:28,41.43522159805283,-82.23743768537669,8
GAN,2025-09-19,20:52,41.6632215,-77.8234031,3
GAN,2025-09-19,20:24,36.04533368422634,-79.98883744230184,8
GAN,2025-09-19,20:07,34.6407082,-82.1810433,8
GAN,2025-09-19,20:54,36.20823547097135,6.800753362122429,5
GAN,2025-09-18,23:00,47.99807310000001,9.4723187,5
GAN,2025-09-19,22:14,50.503887,4.469936,5
GAN,2025-09-19,22:00,50.9436407,6.9599758,8
GAN,2025-09-20,01:59,-6.926040415913507,107.59328392496695,9
GAN,2025-09-19,20:44,41.3492757,21.5445357,8
GAN,2025-09-19,23:59,-6.890606424517598,107.62038233566732,9
GAN,2025-09-18,01:11,33.43770520052412,-112.0088221761052,9
GAN,2025-09-19,22:03,-6.886206,107.6193131,9
GAN,2025-09-19,21:40,-6.8774333,107.6139941,9
GAN,2025-09-19,21:36,-6.877353111739408,107.6140456316306,9
GAN,2025-09-18,22:30,45.6131255,9.3233467,9
GAN,2025-09-18,23:18,39.62931677387411,-77.41005208923609,9
GAN,2025-09-18,21:46,33.5185892,-86.8103567,9
GAN,2025-09-18,22:49,38.258509,-85.483598,8
GAN,2025-09-18,21:22,33.5185892,-86.8103567,5
GAN,2025-09-18,22:28,40.213492571974655,-74.77783307639127,8
GAN,2025-09-18,21:10,33.44353591143911,-86.80434903849995,8
GAN,2025-09-18,21:14,33.26724879514722,-86.8999359665456,8
GAN,2025-09-18,21:09,33.26724879514722,-86.8999359665456,9
GAN,2025-09-18,21:07,33.20400791963705,-87.57794523504502,9
GAN,2025-09-18,20:58,33.48039404508279,-86.80352843993809,9
GAN,2025-09-18,20:58,33.20404801931549,-87.57796583343998,9
GAN,2025-09-18,20:54,33.7108153,-86.5348992,9
GAN,2025-09-18,20:44,33.4022641,-86.85554909999999,9
GAN,2025-09-18,20:55,40.9973906,-82.2610651,7
GAN,2025-09-18,20:38,34.05564947626069,-86.6705428860251,9
GAN,2025-09-18,22:40,-34.8716275,-56.1994273,9
GAN,2025-09-18,21:18,38.2405252,-85.5979997,8
GAN,2025-09-18,20:16,33.1086539,-86.5835907,9
GAN,2025-09-18,20:08,33.50768524284205,-86.77631475192588,9
GAN,2025-09-18,20:49,42.73481020000001,-71.6581267,8
GAN,2025-09-18,20:50,41.4318804,-82.0715688,9
GAN,2025-09-18,20:36,41.48647931536103,-82.08840327403655,8
GAN,2025-09-18,20:39,41.6632215,-77.8234031,3
GAN,2025-09-18,19:19,33.1086539,-86.5835907,9
GAN,2025-09-18,20:12,34.6407082,-82.1810433,8
GAN,2025-09-18,20:55,-33.84413765506518,-70.95705341250998,3
GAN,2025-09-18,20:26,-34.4930353,-55.5684359,7
GAN,2025-09-17,21:00,39.71171171171172,-91.34681500490528,3
GAN,2025-09-18,23:07,47.34305295215884,14.034473223358557,3
GAN,2025-09-18,22:06,45.8684604,13.9390162,8
GAN,2025-09-18,21:49,43.2387244,13.1787672,8
GAN,2025-09-18,21:43,47.34303695315304,14.03448256948621,3
GAN,2025-09-18,20:54,46.52125836555995,6.569841285364082,8
GAN,2025-09-18,13:21,33.50281326355975,-86.8019887804985,9
GAN,2025-09-18,13:20,33.501410832928705,-86.80243591477367,8
GAN,2025-09-17,20:30,33.501108257198034,-86.80358342587643,9
GAN,2025-09-18,20:10,41.3504858,21.536736,7
GAN,2025-09-18,12:49,0.0,0.0,3
GAN,2025-09-17,21:15,-6.883754499999999,107.6170624,9
GAN,2025-09-18,22:35,-6.8834705,107.6165374,9
GAN,2025-09-17,21:32,38.52856031301541,-90.58662989913992,5
GAN,2025-09-17,22:32,38.54350873648463,-90.53360697373446,5
GAN,2025-09-17,22:25,38.54663557957215,-90.53819435287735,7
GAN,2025-09-17,22:18,38.55020503917529,-90.53920101847362,5
GAN,2025-09-17,22:12,38.55316369131214,-90.5451078864458,5
GAN,2025-09-18,17:58,45.85245173568697,13.951553146905349,9
GAN,2025-09-18,21:29,-6.885824276465773,107.61540728827164,9
GAN,2025-09-18,21:44,-6.878130119151035,107.6122944228311,9
GAN,2025-09-18,20:53,-6.8823573,107.6205767,9
GAN,2025-09-18,20:49,-6.878786,107.6180465,9
GAN,2025-09-18,20:23,-6.881897413737805,107.6177901637759,8
GAN,2025-09-18,20:38,-6.8774292,107.6154624,9
GAN,2025-09-18,20:24,-6.8831038,107.6092653,9
GAN,2025-09-18,20:14,-6.8787901,107.6180791,9
GAN,2025-09-18,20:12,0.0,0.0,9
GAN,2025-09-18,20:04,0.0,0.0,9
GAN,2025-09-18,19:46,-6.8900835,107.6103449,9
GAN,2025-09-18,18:36,-6.8862054,107.6193369,9
GAN,2025-09-18,17:00,-6.8842427,107.6148864,9
GAN,2025-09-17,21:38,-6.917445398183464,107.60771056351548,9
GAN,2025-09-18,01:07,35.427533019110605,-79.04624463643266,3
GAN,2025-09-17,02:00,33.4255104,-111.9400054,9
GAN,2025-09-18,00:15,41.4922847678235,-81.5503486178285,7
GAN,2025-09-17,21:22,33.61018,-112.21808,9
GAN,2025-09-16,20:28,37.3155321,-89.5303881,7
GAN,2025-09-16,22:07,36.171563,-115.1391009,9
GAN,2025-09-17,23:30,33.8769449369884,-81.1049582507512,9
GAN,2025-09-17,23:26,38.258509,-85.483598,9
GAN,2025-09-17,22:23,37.4508305,-91.6739896,3
GAN,2025-09-17,20:21,47.719792852717546,-122.31512265410738,9
GAN,2025-09-17,20:16,33.4255104,-111.9400054,8
GAN,2025-09-17,21:32,38.82195502136405,-90.27071256747008,8
GAN,2025-09-17,22:29,39.6722812,-84.2521632,7
GAN,2025-09-17,22:02,41.4932889,-81.7782137,8
GAN,2025-09-17,20:15,38.6111546,-90.3851412,9
GAN,2025-09-17,20:15,38.6111546,-90.3851412,9
GAN,2025-09-17,20:15,38.6111546,-90.3851412,9
GAN,2025-09-17,21:58,41.3962965,-82.7048592,9
GAN,2025-09-17,21:53,41.40328889636663,-82.20783930685843,7
GAN,2025-09-17,21:27,41.50822397740368,-81.59995285323569,8
GAN,2025-09-17,21:35,42.83200108160949,-71.02817883910815,7
GAN,2025-09-17,20:17,38.67760164014626,-90.3925491049035,9
GAN,2025-09-17,21:28,35.78630207109814,-78.66633821286136,9
GAN,2025-09-17,18:27,33.4255104,-111.9400054,9
GAN,2025-09-17,21:08,41.4318804,-82.0715688,8
GAN,2025-09-17,21:04,38.2405252,-85.5979997,9
GAN,2025-09-17,21:04,41.51082286177896,-81.61156296730042,8
GAN,2025-09-16,20:58,48.255967250000005,-101.29680849999998,8
GAN,2025-09-13,20:38,0.0,0.0,9
GAN,2025-09-17,20:35,34.64270579802572,-82.18180226445739,9
GAN,2025-09-17,20:22,41.4244837,-82.3659688,8
GAN,2025-09-17,16:42,33.416371,-111.9350971,9
GAN,2025-09-18,04:58,23.1618372,89.2248813,8
GAN,2025-09-17,19:50,-34.4930462,-55.5684138,3
GAN,2025-09-16,21:28,33.109628,-80.13909400000001,9
GAN,2025-09-17,22:39,59.3175177,18.1382007,9
GAN,2025-09-17,21:25,59.73407013133221,17.89288126242454,9
GAN,2025-09-13,20:56,37.82898138728007,-90.50470164676172,5
GAN,2025-09-17,21:00,47.4292583,19.4573559,5
GAN,2025-09-18,00:45,-6.8779296,107.6126059,9
GAN,2025-09-17,13:57,-31.4085694,-57.9711092,5
GAN,2025-09-17,13:57,-31.4085391,-57.9710817,1
GAN,2025-09-15,08:39,35.28286,-106.718614,5
GAN,2025-09-14,20:41,35.2828383,-106.7186559,5
GAN,2025-09-17,23:39,-6.886267823046487,107.61957761560024,9
GAN,2025-09-17,23:10,-6.883801,107.6176136,9
GAN,2025-09-16,21:38,41.2623308,-111.9449255,7
GAN,2025-09-16,14:35,30.4381952,-87.6445696,8
GAN,2025-09-15,20:03,35.0194647,-89.7882126,9
GAN,2025-09-17,20:38,-6.890388616305706,107.61054386593844,9
GAN,2025-09-17,08:24,38.6821033,-90.3853748,9
GAN,2025-09-16,06:06,41.3824454,-82.2478166,8
GAN,2025-09-16,22:06,38.88755708025316,-119.81839418126582,3
GAN,2025-09-16,22:06,38.88755708025316,-119.81839418126582,3
GAN,2025-09-16,21:19,36.9049548441397,-111.45921946811131,7
GAN,2025-09-16,23:39,28.99123358321576,-82.47040198998559,5
GAN,2025-09-16,22:09,33.4717732,-86.80082279999999,9
GAN,2025-09-16,21:00,42.3255928,-83.3310422,5
GAN,2025-09-16,22:01,38.6049022,-90.2189131,8
GAN,2025-09-16,22:57,41.42905961880345,-82.20138018507728,9
GAN,2025-09-16,21:52,30.617831,-87.58417,7
GAN,2025-09-16,22:45,38.258509,-85.483598,9
GAN,2025-09-16,21:38,32.3182314,-86.902298,9
GAN,2025-09-16,20:50,38.41287672823898,-96.1799318907209,9
GAN,2025-09-16,21:14,33.6333627,-86.723571,9
GAN,2025-09-16,21:04,37.4507002,-91.6739175,3
GAN,2025-09-16,21:08,33.6333431,-86.7235632,9
GAN,2025-09-16,22:55,-30.2371168,-71.0789067,5
GAN,2025-09-16,20:52,33.0994912,-86.8264102,9
GAN,2025-09-16,20:52,33.0994912,-86.8264102,3
GAN,2025-09-16,20:40,33.0994912,-86.8264102,3
GAN,2025-09-16,21:30,41.39623955027131,-82.70491670244077,7
GAN,2025-09-16,21:30,41.4318804,-82.0715688,8
GAN,2025-09-16,20:55,40.99530113718517,-82.2613258398594,8
GAN,2025-09-16,21:06,38.2405252,-85.5979997,9
GAN,2025-09-16,20:07,33.6534041,-86.807158,7
GAN,2025-09-16,20:00,33.046395466515406,-86.86610679954748,8
GAN,2025-09-16,19:24,33.6773237,-86.396648,8
GAN,2025-09-16,19:22,33.6773237,-86.396648,8
GAN,2025-09-16,21:48,-34.29386345937163,150.54257889874972,5
GAN,2025-09-07,20:13,40.2357002,-111.7286716,5
GAN,2025-09-15,20:30,33.8514737,-118.3704803,9
GAN,2025-09-16,21:30,38.34543144035078,20.71283015506181,5
GAN,2025-09-16,20:42,0.0,0.0,8
GAN,2025-09-15,19:12,32.2676022,-109.2268305,8
GAN,2025-09-16,20:26,-6.8780032,107.5642368,9
GAN,2025-09-15,21:43,33.1252776,-117.181084,8
GAN,2025-09-15,23:07,33.421656777597455,-86.62976064995405,5
GAN,2025-09-15,21:02,32.84657894325142,-117.20516022508872,8
GAN,2025-09-15,21:00,32.74274093408276,-117.11293600593817,7
GAN,2025-09-15,23:08,33.6335496,-86.7238163,9
GAN,2025-08-21,21:45,12.030819372785748,-68.25344998641569,3
GAN,2025-09-15,20:50,36.90495644977181,-111.45921943221046,7
GAN,2025-08-20,21:20,45.3466473,-122.8524268,7
GAN,2025-08-18,22:44,45.4027039,-122.8045345,5
GAN,2025-08-18,21:46,45.4027039,-122.8045345,7
GAN,2025-09-15,23:23,39.154528,-84.3877046,8
GAN,2025-09-15,23:18,39.15519388998,-84.38471449444047,9
GAN,2025-09-15,22:04,33.448308145199206,-87.00183143116227,9
GAN,2025-09-15,20:06,33.6817931,-112.3917664,8
GAN,2025-09-16,09:52,-6.8903202,107.6121048,9
GAN,2025-09-15,21:48,33.46343611315315,-86.8317867492442,8
GAN,2025-09-15,22:21,38.258509,-85.483598,9
GAN,2025-09-15,21:16,33.50035835570256,-86.80176305008787,9
GAN,2025-09-15,21:12,33.50035835570256,-86.80176305008787,8
GAN,2025-09-15,21:04,34.54575960666546,-86.01411260245773,7
GAN,2025-09-15,21:02,34.349532,-87.1193522,7
GAN,2025-09-15,21:07,33.50219174598519,-86.80296167853747,9
GAN,2025-09-15,21:09,33.500851656329615,-86.80287955662479,9
GAN,2025-09-14,22:00,39.693693693693696,-91.34638304486856,5
GAN,2025-09-15,21:05,33.49914962223063,-86.80362847640308,9
GAN,2025-09-15,21:06,33.50257331239085,-86.80318932068147,9
GAN,2025-09-15,21:06,33.49995357299926,-86.80328598461203,9
GAN,2025-09-15,21:05,33.50306902523132,-86.8019954547637,9
GAN,2025-09-15,21:05,33.502636105751705,-86.80180874150241,8
GAN,2025-09-15,21:00,33.502837979805136,-86.80216966119606,8
GAN,2025-09-15,21:02,33.5001094705316,-86.80343660893392,9
GAN,2025-09-15,20:51,33.6223004,-86.3107223,5
GAN,2025-09-15,21:00,34.7608459,-86.5809358,7
GAN,2025-09-15,21:00,34.349532,-87.1193522,7
GAN,2025-09-15,20:55,39.20938665318352,-96.33783098215235,3
GAN,2025-09-15,21:00,44.1451163,-93.9969901,5
GAN,2025-09-15,21:58,38.2405252,-85.5979997,9
GAN,2025-09-15,20:53,32.3293111,-96.6252679,8
GAN,2025-09-15,21:40,39.6722812,-84.2521632,7
GAN,2025-09-15,20:23,33.1832357,-86.8430533,8
GAN,2025-09-15,20:16,33.581066,-86.2346281,9
GAN,2025-09-15,21:14,41.391334905074565,-82.27867886899604,9
GAN,2025-09-15,20:04,39.33754392688725,-93.03308241369994,9
GAN,2025-09-15,20:05,33.5958032,-86.6882157,8
GAN,2025-09-15,19:34,0.0,0.0,9
GAN,2025-09-15,19:33,33.41438531795174,-86.65477274885016,7
GAN,2025-09-16,00:19,-6.886256736147941,107.61957970982566,9
GAN,2025-09-15,23:26,-6.8323523,107.6185352,9
GAN,2025-09-15,23:05,41.8448679,140.7274348,8
GAN,2025-09-15,00:13,37.1609,-113.4532,5
GAN,2025-09-15,19:56,-6.8831856,107.6092397,9
GAN,2025-09-14,20:54,32.9628232,-117.0358646,3
GAN,2025-09-14,22:26,43.2217408,-90.1010837,7
GAN,2025-09-14,23:06,44.99747421972596,-79.37505568859046,3
GAN,2025-09-14,19:32,33.6818762,-112.391825,8
GAN,2025-09-14,21:47,41.50194935265409,-81.48865774013093,7
GAN,2025-09-14,21:57,38.2405252,-85.5979997,8
GAN,2025-09-14,21:11,41.3330151,21.5559056,9
GAN,2025-08-20,01:36,37.659247220795095,-121.90667846368171,7
GAN,2025-08-20,01:34,37.67709208026499,-121.90619875101628,7
GAN,2025-08-20,01:34,37.66203994492266,-121.88264137987755,7
GAN,2025-08-20,01:33,37.69701257770617,-121.89306660101,9
GAN,2025-08-20,01:31,37.67864143478167,-121.87765297026527,7
GAN,2025-08-20,01:30,37.66034438590867,-121.86259499011408,9
GAN,2025-08-20,01:19,37.66534051481132,-121.86135688078524,7
GAN,2025-08-20,01:00,37.65422384815468,-121.86915145616018,5
GAN,2025-08-20,01:10,37.66117921157926,-121.87548382292138,9
GAN,2025-08-20,01:15,37.69388398833844,-121.91507791937676,7
GAN,2025-09-14,19:00,33.182868561817315,131.5755256697859,9
GAN,2025-09-13,21:22,39.87085121891355,-101.69180434802053,7
GAN,2025-09-13,20:06,41.3570125,21.5578227,7
GAN,2025-09-13,11:19,0.0,0.0,9
GAN,2025-09-13,18:30,-6.9174639,107.6191228,9
GAN,2025-09-12,23:32,36.4620633,-81.338397,3
GAN,2025-09-12,21:15,36.42030307688282,-81.48034282024432,3
GAN,2025-09-12,22:22,35.78615310713369,-78.67714762457419,8
GAN,2025-09-12,21:00,41.43274123706439,-81.3898388576563,7
GAN,2025-09-12,22:12,0.0,0.0,8
GAN,2025-09-12,21:48,0.9000193847095702,16.05272915274063,9
GAN,2025-09-12,21:46,0.0,0.0,8
GAN,2025-09-12,21:20,47.4438663,19.4734506,5
GAN,2025-09-12,13:59,38.63922613956041,-90.39741064792103,9
GAN,2025-09-12,21:09,21.528611853766822,107.95756471607612,7
GAN,2025-09-12,00:01,44.96959936227418,-93.24119265347665,9
GAN,2025-09-11,23:27,44.97313928331673,-93.23491267762964,9
GAN,2025-09-11,21:29,44.969721389725166,-93.24062740316796,9
GAN,2025-09-11,21:52,35.8181883,-78.8673936,7
GAN,2025-09-11,20:44,44.9698757369624,-93.24143158781116,9
GAN,2025-09-11,20:37,44.9697806,-93.2417576,9
GAN,2025-09-11,21:33,35.786143724573385,-78.67713346977169,8
GAN,2025-09-11,22:00,51.315841,3.8542571,7
GAN,2025-09-11,01:31,44.97131570149259,-93.22950982141865,9
GAN,2025-09-10,22:46,44.9723619,-93.2376995,9
GAN,2025-01-26,01:46,-43.50124551208642,146.15420902695044,3
GAN,2025-02-28,02:01,-43.5964183547183,146.68567624253808,3
GAN,2025-06-22,02:00,-42.7864998,146.0594368,3
GAN,2025-08-16,21:05,-42.903513342585775,146.39845380038167,3
GAN,2025-08-24,23:06,39.827326,-86.6823514,1
GAN,2025-09-09,20:48,52.0454144,6.832128,9
GAN,2025-06-20,11:17,40.67207028102606,-105.23670781268696,3
GAN,2025-09-09,00:20,39.75132461579316,-86.52669548469633,9
GAN,2025-09-08,20:48,45.026655171964734,-93.41902612035572,9
GAN,2025-09-08,00:20,39.75976557591376,-86.54617443138714,8
GAN,2025-09-07,22:05,40.10720190896268,-85.70154918749729,9
GAN,2025-09-06,11:13,0.0,0.0,9
GAN,2025-09-05,00:14,40.035584794570674,-82.1976467097876,7
GAN,2025-08-16,22:23,26.855782877423003,-111.90951078224992,3
GAN,2025-08-16,21:30,26.912827346780777,-111.95876397136684,3
GAN,2025-08-16,21:13,26.90420333338176,-111.95614872512904,3
GAN,2025-08-23,22:40,27.25616007032768,-112.31658963543894,3
GAN,2025-08-23,20:50,27.226592468311075,-112.20884033720344,3
GAN,2025-09-03,21:17,41.26651015914744,-72.84259291981125,7
GAN,2025-09-01,21:22,39.665701,-104.7906334,7
GAN,2025-07-27,00:07,38.416902430045845,-96.17740876518664,8
GAN,2025-07-27,01:17,38.41690917079683,-96.1767706733264,8
GAN,2025-07-27,01:14,38.41639983653009,-96.17678402698527,8
GAN,2025-07-27,01:10,38.4159590784332,-96.1767898187815,9
GAN,2025-07-27,01:07,38.41552226167666,-96.17679415441036,9
GAN,2025-07-27,01:04,38.414987884515696,-96.17680513418443,9
GAN,2025-07-27,01:01,38.41441545147855,-96.17678047340264,8
GAN,2025-07-27,00:58,38.41340015104469,-96.176837115999,9
GAN,2025-07-27,00:55,38.41286043190626,-96.17680163993276,9
GAN,2025-07-27,00:52,38.41232324618097,-96.17682072868438,7
GAN,2025-07-27,00:46,38.415673110250864,-96.18022363338883,7
GAN,2025-07-27,00:40,38.416282143818535,-96.18019415384047,7
GAN,2025-07-27,00:36,38.416231052272806,-96.17975564361274,7
GAN,2025-07-27,00:33,38.41615956694563,-96.17889270484122,7
GAN,2025-07-27,00:28,38.41526945004935,-96.17943891768104,7
GAN,2025-07-27,00:25,38.41527230999191,-96.17910488684744,9
GAN,2025-07-27,00:20,38.41598458506706,-96.1787058793497,7
GAN,2025-07-27,00:14,38.416359980816765,-96.1780201460364,7
GAN,2025-07-27,00:11,38.41690998082321,-96.17791069115522,8
GAN,2025-07-27,00:03,38.41593826828403,-96.17745713056374,7
GAN,2025-07-27,00:00,38.41591320605229,-96.17798666900087,7
GAN,2025-07-26,23:57,38.41567250308511,-96.1780031367268,7
GAN,2025-07-26,23:54,38.41534109715602,-96.1779822066284,7
GAN,2025-07-26,23:49,38.41529992672719,-96.17860747205007,7
GAN,2025-07-26,23:46,38.41500146272901,-96.17856222177257,7
GAN,2025-07-26,23:40,38.41432020408234,-96.17889562810134,7
GAN,2025-07-26,23:34,38.41452237251014,-96.17842471598442,7
GAN,2025-07-26,23:30,38.414986162592754,-96.17744277238263,8
GAN,2025-07-26,23:27,38.414980154733655,-96.17798543278543,9
GAN,2025-07-26,23:25,38.41451173114271,-96.1779973299113,8
GAN,2025-07-26,23:21,38.41425251743932,-96.17802128459653,8
GAN,2025-07-26,23:17,38.41311940252034,-96.17743736911356,9
GAN,2025-07-26,23:11,38.41266478234781,-96.1791913159282,9
GAN,2025-07-26,23:09,38.41236775957974,-96.17944053029773,8
GAN,2025-07-26,23:06,38.41236497725806,-96.17874755678518,7
GAN,2025-07-26,23:03,38.4127231971232,-96.178727374689,7
GAN,2025-07-26,23:00,38.412344919747184,-96.1780091604195,7
GAN,2025-07-26,22:57,38.41270315838595,-96.17806424727416,9
GAN,2025-07-26,22:54,38.41312017823184,-96.17806158253433,9
GAN,2025-07-26,22:50,38.41351505993693,-96.17809184658536,7
GAN,2025-07-26,22:45,38.41401210406568,-96.17679268457358,9
GAN,2025-07-26,22:43,38.41402330187129,-96.17742903756512,7
GAN,2025-07-26,22:39,38.413918045787085,-96.17803465108116,8
GAN,2025-07-26,22:36,38.413850936855546,-96.17842250311097,7
GAN,2025-09-01,01:02,37.161011,-113.4587155,5
GAN,2025-08-31,21:36,34.015035473010535,-118.35748910021216,9
GAN,2025-08-31,21:00,0.0,0.0,8
GAN,2025-08-31,23:43,40.03558789200043,-82.1976397491921,5
GAN,2025-07-26,22:34,38.413894554210565,-96.1787335271037,7
GAN,2025-07-26,22:30,38.41321865916513,-96.17908885130382,8
GAN,2025-07-26,22:25,38.41346697392334,-96.17874938956754,7
GAN,2025-07-26,22:21,38.413077190038784,-96.1787425600177,8
GAN,2025-07-26,22:17,38.41339140835531,-96.17931630099184,7
GAN,2025-07-26,22:08,38.41521156049368,-96.18128550854333,7
GAN,2025-07-26,22:06,38.41471721736891,-96.18129980176602,7
GAN,2025-07-26,22:01,38.41426741165746,-96.1813167600382,7
GAN,2025-07-23,00:29,38.413911990872215,-96.17926147170832,5
GAN,2025-07-23,00:26,38.41411096209957,-96.1793149544075,7
GAN,2025-07-23,00:23,38.41422260998706,-96.17971009049496,8
GAN,2025-07-23,00:20,38.41390804948316,-96.17959644948289,9
GAN,2025-07-23,00:15,38.41322550019755,-96.18015070293576,7
GAN,2025-07-23,00:12,38.41379596027426,-96.18011744699795,8
GAN,2025-07-23,00:08,38.41360146874413,-96.17966556348856,7
GAN,2025-07-23,00:06,38.41318226466547,-96.17961524765116,8
GAN,2025-07-23,00:04,38.41287778619692,-96.17960379098872,9
GAN,2025-07-23,00:00,38.41253758820884,-96.17999611594252,7
GAN,2025-07-22,23:56,38.41276171573994,-96.18012321504496,7
GAN,2025-07-22,23:52,38.41282712345242,-96.18116957762273,9
GAN,2025-07-22,23:49,38.41239387137252,-96.1813814612718,8
GAN,2025-07-22,23:46,38.412374254106346,-96.18074283232488,7
GAN,2025-07-22,23:43,38.41253334929596,-96.1802503181366,7
GAN,2025-07-22,23:40,38.412693627474525,-96.18062389470926,7
GAN,2025-07-22,23:37,38.41288825929159,-96.1806627253622,7
GAN,2025-07-22,23:34,38.41319639519223,-96.18064619869337,8
GAN,2025-07-22,23:30,38.41341997637758,-96.18065074698328,9
GAN,2025-07-22,23:27,38.41405211841561,-96.18098229156088,7
GAN,2025-07-22,23:21,38.41388763717518,-96.18068548061134,9
GAN,2025-07-22,23:18,38.41432381739237,-96.18069152211996,9
GAN,2025-07-22,23:15,38.41445263384277,-96.17990169033033,8
GAN,2025-07-22,23:12,38.414510656084566,-96.18012979276976,7
GAN,2025-07-22,23:08,38.414554439334594,-96.18063854574952,7
GAN,2025-07-22,23:05,38.41485578505157,-96.18108719311272,7
GAN,2025-07-22,23:03,38.4149447969704,-96.1806436572429,8
GAN,2025-07-22,23:00,38.41527605609832,-96.18072549880358,9
GAN,2025-07-22,22:56,38.41575010570942,-96.1807859500318,7
GAN,2025-07-22,22:53,38.41598411135651,-96.18078566082276,5
GAN,2025-07-22,22:49,38.41632118786255,-96.1808010095383,7
GAN,2025-07-22,22:47,38.41638633166797,-96.18120983466694,7
GAN,2025-07-31,22:44,38.41640405467476,-96.18164619127516,8
GAN,2025-07-22,22:42,38.4160040406365,-96.18165914072723,7
GAN,2025-07-22,22:39,38.41571627075063,-96.18165662165752,8
GAN,2025-07-22,22:36,38.41526073444469,-96.18168000890276,8
GAN,2025-07-22,22:33,38.41491449835805,-96.1816854542239,8
GAN,2025-07-22,22:31,38.41463594384289,-96.1816703852682,7
GAN,2025-07-22,22:28,38.41443027661853,-96.1816894346912,7
GAN,2025-07-22,22:26,38.41412624401293,-96.18166350069556,9
GAN,2025-07-22,22:21,38.41390939638763,-96.1816057510256,7
GAN,2025-07-22,22:19,38.41371784175254,-96.18068224746484,7
GAN,2025-07-22,22:16,38.41375097337614,-96.18116566224114,7
GAN,2025-07-22,22:12,38.413742260016896,-96.18159410752992,7
GAN,2025-07-22,22:10,0.0,0.0,7
GAN,2025-07-22,22:08,38.41327949928687,-96.18160136735936,8
GAN,2025-07-22,22:00,38.41314482717471,-96.1816021798832,9
GAN,2025-07-22,22:00,38.41280177771769,-96.18147396751766,9
GAN,2025-08-31,00:46,36.93773351688289,-82.61039724153827,8
GAN,2025-08-31,00:04,36.89371407152026,-82.62847211219488,3
GAN,2025-08-31,00:04,0.0,0.0,3
GAN,2025-08-13,22:03,53.274001,-9.0512662,5
GAN,2025-08-31,05:10,38.887547598961504,-119.81839927733658,3
GAN,2025-08-15,22:36,53.27806960523851,-9.05756104673593,7
GAN,2025-08-30,02:14,38.88755704871156,-119.818391442172,3
GAN,2025-08-29,22:49,50.9489841,4.081696,5
GAN,2025-08-29,22:44,50.9460841,4.0502929,5
GAN,2025-08-29,22:44,42.6599455,77.1896731,9
GAN,2025-08-29,22:26,23.7712836,90.3679601,9
GAN,2025-08-28,23:10,38.543564423413855,-90.53346536448436,5
GAN,2025-08-28,23:04,38.54656916235884,-90.53748325487508,5
GAN,2025-08-28,22:57,38.55020924866045,-90.5391695975774,7
GAN,2025-08-28,22:50,38.55313819073825,-90.54522233809854,5
GAN,2025-08-29,03:12,38.88753773710546,-119.81839752809852,3
GAN,2025-08-28,23:53,38.59213307212244,-90.37392161437111,7
GAN,2025-08-28,23:53,38.59155485541301,-90.37010891435662,7
GAN,2025-08-28,20:39,47.71973108385337,-122.31526540182576,9
GAN,2025-08-28,21:54,41.8459169,-70.9495226,9
GAN,2025-08-28,21:42,41.8459169,-70.9495226,9
GAN,2025-08-28,21:35,41.8459169,-70.9495226,9
GAN,2025-08-26,20:30,34.1866635,-118.3877732,9
GAN,2025-08-28,22:13,0.0,0.0,5
GAN,2025-08-19,21:25,41.328400751253135,15.65616334770593,5
GAN,2025-08-27,20:30,41.8177248,-70.8993278,5
GAN,2025-08-21,23:22,34.346511865779775,133.9571365433665,9
GAN,2025-08-21,23:22,34.34622259194474,133.95705785815383,7
GAN,2025-08-20,23:02,44.6496868,-93.24272,5
GAN,2025-08-20,22:00,41.80824342319468,-70.91010117228555,5
GAN,2025-08-27,22:25,41.7693696,-70.94272,9
GAN,2025-08-27,22:09,40.71198206744688,-105.86276394531248,9
GAN,2025-08-27,20:57,41.8177248,-70.8993278,5
GAN,2025-08-27,23:10,40.9813894,16.4351762,3
GAN,2025-08-27,15:07,34.1509272,-118.4486989,8
GAN,2025-08-26,21:15,34.1669607,-118.3909842,9
GAN,2025-08-26,20:30,34.95099737711314,-117.11001918911516,9
GAN,2025-08-27,14:52,24.5271348225978,-105.9356689453125,9
GAN,2025-08-27,14:50,21.94304553343822,-101.00830078125,9
GAN,2025-08-27,14:50,0.0,0.0,9
GAN,2025-08-26,14:49,0.0,0.0,9
GAN,2025-08-22,22:29,38.49501617275352,-96.3369031493391,3
GAN,2025-08-26,22:01,41.499376885404935,15.918381936773134,5
GAN,2025-08-26,22:33,34.20368292215719,-118.45351772189518,9
GAN,2025-08-26,22:25,34.1685064,-118.4052629,9
GAN,2025-08-26,20:09,34.146533,-118.3724223,9
GAN,2025-08-26,20:57,34.2645694,-118.4673438,9
GAN,2025-08-26,23:39,40.03558812108066,-82.1976380304438,5
GAN,2025-08-26,23:56,-31.3879469,-57.961187,9
GAN,2025-08-26,22:44,-31.3862013364092,-57.95708496389541,9
GAN,2025-08-26,21:07,-31.3956698,-57.9478723,8
GAN,2025-08-26,20:13,-32.875250366093105,-55.72196337700858,9
GAN,2025-08-24,23:47,40.21051288752476,-92.6303192391098,3
GAN,2025-08-24,21:57,40.17872709126281,-92.64823056571684,3
GAN,2025-08-23,21:20,39.4145621,-91.2310446,5
GAN,2025-08-25,23:55,29.871726,-98.63141,3
GAN,2025-08-24,21:45,29.872305,-98.631109,3
GAN,2025-08-23,21:50,40.17872833800836,-92.64814597008524,3
GAN,2025-08-25,23:10,40.03559354707894,-82.19762610698139,3
GAN,2025-08-25,21:53,39.8601166,-75.8854752,5
GAN,2025-08-23,20:15,35.6610708,139.8785627,9
GAN,2025-08-22,23:30,39.729169,-91.3917889,7
GAN,2025-08-22,23:10,39.73768099999999,-91.3835178,5
GAN,2025-08-23,21:46,39.6987482,-91.3647273,5
GAN,2025-08-24,22:07,39.700731,-91.35868,5
GAN,2025-08-23,22:25,39.7038793,-91.34747910000002,5
GAN,2025-08-22,21:50,39.7118496,-91.3540846,8
GAN,2025-08-23,22:40,39.7116668,-91.3538667,8
GAN,2025-08-25,04:14,0.0,0.0,8
GAN,2025-08-25,22:15,50.9490225,4.0816413,7
GAN,2025-08-24,23:03,38.543498078552105,-90.5335653376314,5
GAN,2025-08-24,22:57,38.54662314487747,-90.53817487266224,5
GAN,2025-08-24,22:50,38.55021954873954,-90.53917291721216,5
GAN,2025-08-24,22:41,38.55308759510963,-90.5447756017354,5
GAN,2025-08-16,22:30,52.576256,13.4119424,3
GAN,2025-08-23,01:00,52.594755,13.3833477,3
GAN,2025-08-25,01:51,38.88756836136277,-119.81841989619431,3
GAN,2025-08-25,04:15,46.4312213,6.9106799,8
GAN,2025-08-24,22:15,39.6722812,-84.2521632,7
GAN,2025-08-24,21:52,-31.3984179,-57.9517825,7
GAN,2025-08-24,22:26,50.9490051,4.0816857,5
GAN,2025-08-23,22:10,29.871819,-98.631531,3
GAN,2025-08-22,21:30,-34.8339954,-56.216449,9
GAN,2025-08-24,15:51,-34.8339954,-56.216449,9
GAN,2025-08-22,11:50,39.0406477,-94.5745213,8
GAN,2025-08-24,22:15,-34.02030718083024,115.10270363810952,3
GAN,2025-08-23,23:53,50.9480208,4.0799335,5
GAN,2025-08-19,21:36,0.0,0.0,5
GAN,2025-08-24,21:17,26.64128170622318,128.16717608755366,3
GAN,2025-08-23,20:43,-31.9332386,-57.8987166,8
GAN,2025-08-24,04:08,43.13723216082701,-5.647859649901608,3
GAN,2025-08-24,04:08,43.13667149480704,-5.646560705677885,5
GAN,2025-08-23,21:48,30.40246022241785,-98.00892140697086,8
GAN,2025-08-23,22:09,-30.704925007314014,-57.10817494252253,9
GAN,2025-08-23,20:13,-31.3995517,-57.953034,8
GAN,2025-08-23,22:09,41.511896558875904,15.865810608695066,3
GAN,2025-08-23,21:39,-31.385398,-57.9566214,9
GAN,2025-08-23,21:21,-31.3889663,-57.9571899,9
GAN,2025-08-20,22:10,34.5545167,-111.8619751,3
GAN,2025-08-23,20:43,-31.9333032,-57.8985476,8
GAN,2025-08-23,23:33,51.2296499,3.6790444,5
GAN,2025-08-22,21:30,43.8678389,-72.057576,3
GAN,2025-08-23,01:16,38.592138876086175,-90.3739183709726,7
GAN,2025-08-22,20:48,-34.839355720865925,-56.208529258630136,9
GAN,2025-08-22,22:18,39.6511039,-76.989262,5
GAN,2025-08-22,22:30,38.02956270000001,-96.42356370000002,3
GAN,2025-08-23,22:50,-41.07356413410399,145.90029239846265,9
GAN,2025-08-23,22:53,-26.75936477525935,152.86450138933964,3
GAN,2025-08-23,21:48,42.6361575,141.5628732,8
GAN,2025-08-23,00:42,37.51677852666458,-94.39431248094849,3
GAN,2025-08-22,23:55,37.478462304404864,-94.26029167228106,5
GAN,2025-08-22,22:58,37.54666739092977,-94.37070085651378,3
GAN,2025-08-22,22:52,41.5082127158925,-81.59997884334753,8
GAN,2025-08-22,22:53,30.363950534014997,-98.12346437613976,5
GAN,2025-08-22,22:50,30.36524645572843,-98.12196003412434,5
GAN,2025-08-22,22:51,30.365424463553744,-98.12221772977908,7
GAN,2025-08-22,22:51,30.36397669438769,-98.12344603434246,7
GAN,2025-08-22,21:55,41.159660183955175,-81.47467750587705,7
GAN,2025-08-22,23:01,40.21335339566156,-74.77787995043576,8
GAN,2025-08-22,21:01,-34.91312813292939,-56.16741993561072,8
GAN,2025-08-22,01:55,24.600690390898315,-110.74565092172897,3
GAN,2025-08-22,01:13,24.764211680078237,-110.6680075583852,3
GAN,2025-08-23,00:17,59.482543946930335,13.128950261181416,3
GAN,2025-08-22,21:48,44.087287640501366,12.522502637399642,9
GAN,2025-08-22,20:32,35.57811746401727,139.56570831363973,9
GAN,2025-08-22,02:50,38.88756944030732,-119.81842010534284,3
GAN,2025-08-22,01:22,41.94745457446467,-88.46064530896089,7
GAN,2025-08-21,22:45,37.8440654,-78.3812037,3
GAN,2025-08-21,22:08,37.7422168,-78.401384,3
GAN,2025-08-21,21:02,41.6953786,-88.1356345,9
GAN,2025-08-21,21:28,18.0019967,-66.6192016,7
GAN,2025-08-21,21:14,18.0001303,-66.6194868,7
GAN,2025-08-21,21:05,17.9977027,-66.6195652,8
GAN,2025-08-21,20:57,17.9998323,-66.6171244,7
GAN,2025-08-21,20:51,17.9992541,-66.6164245,7
GAN,2025-08-21,20:40,18.0024539,-66.6168013,7
GAN,2025-08-21,23:46,57.69624490654972,11.969077834054517,7
GAN,2025-08-20,22:48,39.80655939975916,-94.76721338060707,5
GAN,2025-08-20,22:38,39.76060354777904,-94.77660211025508,7
GAN,2025-08-20,10:23,39.78776653376968,-94.82242202828816,7
GAN,2025-08-20,22:16,39.78339995796012,-94.8322814858683,7
GAN,2025-08-20,22:12,39.78584966571708,-94.82946619751876,7
GAN,2025-08-20,23:07,39.791050376100976,-94.82075414331447,7
GAN,2025-08-21,02:20,38.887561251960015,-119.81841943831668,3
GAN,2025-08-18,22:15,36.8197201614854,-92.42564694708952,3
GAN,2025-08-18,21:50,36.82137088837978,-92.43277899859255,3
GAN,2025-08-18,22:00,36.81221436266591,-92.41792903961688,3
GAN,2025-08-18,21:30,36.83031558416309,-92.42744773296975,3
GAN,2025-08-20,23:02,39.665701,-104.7906334,7
GAN,2025-08-20,21:15,45.3593865,-122.8579771,7
GAN,2025-08-20,22:11,45.452376,-94.4250541,9
GAN,2025-08-20,20:48,-23.773253919408628,-69.00000929832458,9
GAN,2025-08-20,20:47,-30.2374509,-71.0784252,9
GAN,2025-08-20,20:39,-30.2376314,-71.0785303,9
GAN,2025-08-20,20:26,-30.2375403,-71.0785096,1
GAN,2025-08-21,00:04,41.025437934064605,29.0097454998592,7
GAN,2025-08-20,12:09,-31.38648735897328,-57.96295317919578,9
GAN,2025-08-20,21:18,35.5780348931239,139.5656005478205,9
GAN,2025-08-20,19:19,35.87605975967732,139.7903216644432,9
GAN,2025-08-20,01:46,38.88756391626353,-119.81842057854692,3
GAN,2025-08-20,00:47,37.161000304347496,-113.4588143080368,5
GAN,2025-08-19,21:21,36.90495488532554,-111.4592144484638,7
GAN,2025-08-19,21:55,39.665701,-104.7906334,7
GAN,2025-08-19,20:52,43.0351563,-88.0609335,9
GAN,2025-08-20,02:48,31.31898050622609,31.465346636729777,9
GAN,2025-08-20,02:29,89.99979881490789,-100.92660797475467,9
GAN,2025-08-20,00:25,36.7641589,22.9433613,9
GAN,2025-08-19,23:50,44.629804278620064,22.646913498766068,8
GAN,2025-08-18,21:35,36.90495561179923,-111.45921375702204,7
GAN,2025-08-18,23:52,41.49247522213653,-81.55030106445322,7
GAN,2025-08-18,21:05,33.6817905,-112.3916885,8
GAN,2025-08-18,23:15,40.03559075739805,-82.19763376006496,3
GAN,2025-08-18,21:50,30.1385193410374,-99.14128007999416,5
GAN,2025-08-18,22:07,41.50229509732132,-81.48906403635128,7
GAN,2025-08-18,21:47,41.3899704072229,-81.47698090009625,7
GAN,2025-08-18,22:29,39.6722812,-84.2521632,7
GAN,2025-08-18,22:26,40.21334805953421,-74.77772572382342,8
GAN,2025-08-19,00:35,37.06768231326637,-7.966157783170598,9
GAN,2025-08-18,00:10,48.73293036508988,2.2480271620568626,7
GAN,2025-08-18,20:53,44.0857056569366,12.53802385035018,8
GAN,2025-08-18,12:55,33.2249386,-105.7426883,9
GAN,2025-08-16,21:20,33.52420220892588,130.54067726384747,5
GAN,2025-08-18,00:15,38.88756347831212,-119.81842397762314,3
GAN,2025-08-17,21:06,33.6819322,-112.3919256,8
GAN,2025-08-16,21:37,39.6406806,-76.9888342,5
GAN,2025-08-16,23:25,27.37065186652333,-112.7347036541142,3
GAN,2025-08-16,22:10,27.55631604746357,-112.90212239136537,3
GAN,2025-08-16,20:38,27.51939506675513,-112.95329072655372,3
GAN,2025-08-16,22:33,38.93371181474159,-92.33229869149406,8
GAN,2025-08-16,22:23,38.92818400869255,-92.30815143054755,7
GAN,2025-08-16,22:05,38.86514592667261,-92.30508677542518,5
GAN,2025-08-16,21:55,38.87319282332012,-92.32571110231255,5
GAN,2025-08-16,21:45,38.88098565684236,-92.333367806691,5
GAN,2025-08-16,21:32,36.7377981,-119.7871247,9
GAN,2025-08-15,22:09,38.5435000610169,-90.53356666675194,7
GAN,2025-08-15,22:02,38.5466038398378,-90.53814019416085,7
GAN,2025-08-15,21:54,38.55019245576696,-90.53918367840976,7
GAN,2025-08-15,21:46,38.55309467912551,-90.54489641378586,7
GAN,2025-08-17,22:24,34.295983650219235,133.95201771481874,7
GAN,2025-08-17,19:41,42.6360587,141.5629339,8
GAN,2025-08-16,23:22,30.444265522739304,-91.13015888258128,9
GAN,2025-08-16,23:15,30.443350346787312,-91.10648657203755,9
GAN,2025-08-16,22:47,30.356128483267067,-91.08909200843772,9
GAN,2025-08-16,22:28,30.457009600704605,-98.01094414766112,8
GAN,2025-08-16,22:30,30.45646495803859,-98.01150379269392,7
GAN,2025-08-16,22:27,30.267153,-97.7430608,9
GAN,2025-08-16,22:29,30.456280946979657,-98.01173958166235,7
GAN,2025-08-16,20:00,38.88375001407697,140.33649473449424,3
GAN,2025-08-13,20:00,42.5343353,142.1707865,3
GAN,2025-08-16,22:38,37.7425207,-78.4014826,3
GAN,2025-08-16,22:09,40.21354351073213,-74.77780139623562,8
GAN,2025-08-16,20:55,-30.2431284,-71.0829326,7
GAN,2025-08-16,20:19,-30.2609,-71.0815567,3
GAN,2025-08-16,20:00,-30.2548107,-71.083995,5
GAN,2025-08-16,19:16,-30.2330414,-71.0826469,7
GAN,2025-08-16,19:21,-30.229181,-71.0867922,9
GAN,2025-08-16,22:41,51.2296319,3.679028,5
GAN,2025-08-16,20:49,42.4257769,25.6344644,9
GAN,2025-08-16,23:00,-5.522471794638051,120.44655816283564,9
GAN,2025-08-15,22:23,36.42602489645349,-118.9145707417921,1
GAN,2025-08-15,23:17,41.51049794913629,-81.61149646115518,8
GAN,2025-08-15,22:58,40.03559925675686,-82.1976213606943,3
GAN,2025-08-15,21:34,0.0,0.0,9
GAN,2025-08-15,21:14,44.7940322,-68.5921259,3
GAN,2025-08-16,00:29,41.60936275689276,2.4447974763749203,8
GAN,2025-08-15,23:26,50.17357493002144,19.55756515308991,7
GAN,2025-08-14,22:33,46.4735532,30.7332264,7
GAN,2025-08-14,17:37,0.0,0.0,9
GAN,2025-08-14,11:40,-35.414721,149.0689172,5
GAN,2025-08-12,01:15,39.4723328,-0.3997696,8
GAN,2025-08-12,07:37,42.6408928,-70.8207269,7
GAN,2025-08-13,10:20,0.0,0.0,9
GAN,2025-08-12,23:27,42.6408928,-70.8207269,8
GAN,2025-08-12,23:25,0.0,0.0,8
GAN,2025-08-12,23:22,42.6408928,-70.8207269,8
GAN,2025-08-12,22:01,40.026469,-74.5756196,9
GAN,2025-08-12,21:46,42.63761968355893,-70.81471061340609,8
GAN,2025-08-12,21:08,42.63747889453631,-70.81441815958428,8
GAN,2025-08-12,20:47,42.63756101440388,-70.81465668529219,7
GAN,2025-08-12,20:19,42.6408928,-70.8207269,8
GAN,2025-08-12,21:10,42.6408928,-70.8207269,8
GAN,2025-08-11,20:33,40.05076316982978,-74.8794512530258,5
GAN,2025-08-11,20:20,40.06385255800412,-74.86947836362187,9
GAN,2025-06-28,00:38,45.52868648095113,7.08764309244772,3
GAN,2025-08-12,00:01,40.03560063558561,-82.19762227419173,5
GAN,2025-08-11,20:19,-30.2375032,-71.0878114,9
GAN,2025-08-11,21:43,41.34937559999999,21.5528045,9
GAN,2025-08-11,00:55,0.0,0.0,9
GAN,2025-08-11,00:54,-6.140554782450295,46.22758900744734,9
GAN,2025-08-10,20:30,40.0289026,-74.8807662,9
GAN,2025-08-10,23:32,0.0,0.0,9
GAN,2025-08-10,23:31,0.0,0.0,9
GAN,2025-08-10,21:00,40.0289026,-74.8807662,9
GAN,2025-08-09,20:55,39.9489512,-74.9862978,9
GAN,2025-07-19,23:40,39.91696964440469,9.414878744257642,3
GAN,2025-08-09,22:56,36.7467005,-95.9783538,9
GAN,2025-08-08,23:16,54.47517936801608,18.46543441894691,9
GAN,2025-08-07,23:16,36.14422251840568,-75.25472094531249,9
GAN,2025-08-07,21:28,33.47925794751427,-86.81154319286598,3
GAN,2025-07-26,23:41,44.1328451,3.3471104,3
GAN,2025-08-06,04:25,38.88749626000417,-119.81839753449944,3
GAN,2025-08-04,23:13,43.1499353,-123.3957008,8
GAN,2025-08-05,03:20,23.1619084,89.2249069,9
GAN,2025-08-04,02:11,38.88751384474888,-119.81839637478885,3
GAN,2025-08-03,20:40,32.0861489,-110.7493578,5
GAN,2025-08-03,11:24,31.960146,-111.598312,9
GAN,2025-08-03,00:09,39.3699181,-77.1709746,5
GAN,2025-08-03,03:50,38.88751215545444,-119.81839690449966,3
GAN,2025-08-02,22:27,39.48721814469189,8.45651510976199,5
GAN,2025-08-02,03:40,33.3369093623755,-111.42569702812754,5
GAN,2025-08-02,00:29,38.88750445773148,-119.81839529209344,3
GAN,2025-07-28,00:40,-26.628995669314254,152.86205213636845,3
GAN,2025-07-28,00:25,-26.650098517432205,152.81233916105043,3
GAN,2025-07-28,00:20,-26.630882607126047,152.76885834767288,3
GAN,2025-07-27,23:40,-26.5115333,152.8232493,3
GAN,2025-07-27,23:10,-26.58749358095976,152.73733067991654,3
GAN,2025-07-27,22:50,-26.548350430717942,152.7129614677288,3
GAN,2025-07-27,22:12,-26.598500193564718,152.72779550966192,3
GAN,2025-07-27,22:05,-26.624237195592965,152.68976473200644,3
GAN,2025-07-27,21:50,-26.65761320526852,152.6892383127213,3
GAN,2025-07-27,21:00,-26.710047238074463,152.70221217280957,3
GAN,2025-07-27,20:50,-26.729175698468136,152.76018705700568,3
GAN,2025-07-27,20:30,-26.684317154435774,152.75732431853604,3
GAN,2025-07-26,18:35,0.0,0.0,9
GAN,2025-07-29,17:14,0.0,0.0,9
GAN,2025-07-27,20:05,-26.72557751241836,152.82526068012902,3
GAN,2025-07-27,19:30,-26.760683180968645,152.81029800993386,3
GAN,2025-07-31,00:48,42.78141868526244,-5.914256273402114,3
GAN,2025-08-01,22:25,79.62999072905669,-3.281242847442627,9
GAN,2025-08-01,01:47,38.88748422069172,-119.81839374119664,3
GAN,2025-04-27,22:20,46.813088,13.8015931,3
GAN,2025-07-29,23:50,29.871799,-98.6315,3
GAN,2025-07-31,10:54,0.0,0.0,9
GAN,2025-07-31,03:27,38.88751384474888,-119.81839637478885,3
GAN,2025-07-29,23:23,40.186187265102575,-92.5804070574047,7
GAN,2025-07-29,23:19,40.19255249398196,-92.58484566401148,8
GAN,2025-07-29,23:16,40.195116290270114,-92.5837314846491,7
GAN,2025-07-29,23:00,40.18367691354774,-92.58012306495006,5
GAN,2025-07-29,23:08,40.177699781070906,-92.60104387062113,5
GAN,2025-07-30,13:15,40.177724854225566,-92.60112887799912,5
GAN,2025-07-31,00:30,34.7806376321724,135.42294557766746,9
GAN,2025-07-30,01:06,38.54352148248378,-90.5335879028316,7
GAN,2025-07-30,01:00,38.5466262210349,-90.5381709721388,7
GAN,2025-07-30,00:52,38.5501885180358,-90.53918891194766,7
GAN,2025-07-30,00:42,38.55310442358304,-90.54488233604732,7
GAN,2025-07-29,22:01,29.6633431,-98.430717,7
GAN,2025-07-29,22:01,41.7360305,-72.79502699999999,9
GAN,2025-07-29,21:17,42.94845602300727,-78.52427165870682,1
GAN,2025-07-29,21:45,-30.008746,-51.1599606,9
GAN,2025-07-29,21:24,-9.6005112,-35.7215142,9
GAN,2025-07-29,22:52,38.6565149,23.5564016,7
GAN,2025-07-29,21:55,41.34937559999999,21.5528045,9
GAN,2025-07-29,08:26,-34.8619854,-56.2077383,5
GAN,2025-07-29,00:38,34.05251925790724,-118.41700805917696,8
GAN,2025-07-29,01:22,13.1348518,-59.6154754,7
GAN,2025-07-28,22:28,39.372328,-77.17064409999999,5
GAN,2025-07-28,22:13,44.7471678,-72.1701923,1
GAN,2025-07-29,01:21,41.336832,69.3174272,9
GAN,2025-07-26,01:31,32.7811072,-108.2523648,7
GAN,2025-07-24,20:35,24.4330079,54.56763059999999,9
GAN,2025-07-27,23:04,41.47665699188994,-81.52951805487987,7
GAN,2025-07-23,22:00,36.83034426806996,-92.42743829052854,3
GAN,2025-07-26,22:08,47.192531927602765,-95.17121163661824,7
GAN,2025-07-26,21:56,47.1930904041327,-95.1700536111778,8
GAN,2025-07-26,21:57,37.2461047,-77.4004872,7
GAN,2025-07-27,00:47,45.88802125178007,-0.6499482229295106,3
GAN,2025-07-27,00:08,-1.2587259,36.8934009,8
GAN,2025-07-26,09:02,43.865497676593634,6.464539288327015,3
GAN,2025-07-25,20:58,33.6819233,-112.3918445,8
GAN,2025-07-25,23:12,-30.23647464218375,-71.076609990416,9
GAN,2025-07-25,23:05,-30.2364684,-71.0762943,9
GAN,2025-07-25,20:27,-30.2389292,-71.0865949,9
GAN,2025-07-25,20:25,-30.2390718,-71.0868223,9
GAN,2025-07-25,19:44,-30.237303551895582,-71.08217798272491,8
GAN,2025-07-25,19:26,-30.2350978,-71.0810927,9
GAN,2025-07-25,20:00,-17.7791576,31.1099195,8
GAN,2025-07-24,23:00,43.906067,-73.06682099999999,3
GAN,2025-07-24,23:03,37.16093729785787,-113.45884355117308,5
GAN,2025-07-25,22:17,35.57807809004248,139.56549743618606,9
GAN,2025-07-25,20:43,35.7245792,140.0580726,9
GAN,2025-07-24,23:10,44.31409258,-96.26137562,3
GAN,2025-07-24,22:20,39.3762145,-77.154704,5
GAN,2025-07-24,23:21,-34.7929443,-55.9977872,9
GAN,2025-07-24,23:19,-34.7929443,-55.9977872,9
GAN,2025-07-24,23:19,-34.7929443,-55.9977872,5
GAN,2025-07-24,23:19,0.0,0.0,1
GAN,2025-07-24,23:19,-34.7929351,-55.997757,5
GAN,2025-07-24,23:18,0.0,0.0,8
GAN,2025-07-24,23:18,-34.7929351,-55.997757,9
GAN,2025-07-24,23:17,-34.7929351,-55.997757,9
GAN,2025-07-24,21:54,39.1439689,-77.2016062,9
GAN,2025-07-24,23:09,-33.58323441943617,-55.457919867582206,9
GAN,2025-07-24,21:53,39.1439689,-77.2016062,9
GAN,2025-07-24,23:04,-34.7929578,-55.9977937,9
GAN,2025-07-24,22:36,-34.836142,-55.990116,9
GAN,2025-07-24,22:33,-34.836075609004226,-55.98984207862765,9
GAN,2025-07-24,20:51,-36.72665750968525,-51.4750104010653,8
GAN,2025-07-24,20:46,-34.86661623958372,-56.020252749902426,9
GAN,2025-07-24,20:36,-37.478645760553526,-52.85112414921632,9
GAN,2025-07-24,19:21,-61.345337643398,70.54568322368011,9
GAN,2025-07-24,20:17,-34.7491411,-55.716486,9
GAN,2025-07-24,19:39,-34.74311910390805,-55.720440762741966,8
GAN,2025-07-24,19:10,-34.8532972897808,-56.15591953604231,8
GAN,2025-07-24,19:16,-34.9011287,-56.1719285,9
GAN,2025-07-24,00:48,38.54350207083803,-90.53359510461766,5
GAN,2025-07-24,00:43,38.54649786350078,-90.53804789304009,5
GAN,2025-07-24,00:36,38.55017720763687,-90.53919801068902,7
GAN,2025-07-24,00:30,38.55304034915697,-90.5448324242944,5
GAN,2025-07-23,22:40,39.78746373533247,-94.82299540970727,7
GAN,2025-07-23,22:53,39.79104166432735,-94.8208925578396,7
GAN,2025-07-23,22:35,39.783293188483526,-94.83217578286914,7
GAN,2025-07-23,22:30,39.785787474608505,-94.82910788661492,7
GAN,2025-07-24,02:20,38.88750698447569,-119.8183972079672,3
GAN,2025-07-24,01:45,37.371888,-78.26817199999999,3
GAN,2025-07-23,21:27,36.90495150175204,-111.4592163896618,9
GAN,2025-07-23,21:24,33.33710576692447,-111.42548522699964,5
GAN,2025-07-23,22:50,40.21081336499815,-92.63048339172488,3
GAN,2025-07-23,22:42,40.21050174029961,-92.63034199551596,3
GAN,2025-07-23,22:33,40.19519739545532,-92.64786127576112,3
GAN,2025-07-23,22:20,40.19010872126552,-92.6487550433512,3
GAN,2025-07-23,22:15,40.18402940126191,-92.64153647317876,3
GAN,2025-07-23,22:06,40.17865640783518,-92.6484488780225,3
GAN,2025-07-23,22:03,40.17845701918964,-92.64929980223488,3
GAN,2025-07-22,22:15,40.177779779405554,-92.60097260762402,5
GAN,2025-07-23,20:47,35.2462181,-111.8354892,7
GAN,2025-07-23,23:36,40.0356072036869,-82.1976142890979,3
GAN,2025-07-23,22:23,30.66238950424975,-98.0154450581802,3
GAN,2025-07-23,22:35,43.8626679,-79.4517189,7
GAN,2025-07-23,22:08,42.7511611,-72.1224758,7
GAN,2025-07-23,20:37,-30.2351544,-71.08128889999999,8
GAN,2025-06-21,23:00,38.18022663959815,-78.38832485953415,3
GAN,2025-07-22,23:17,37.16093729785787,-113.45884355117308,5
GAN,2025-07-23,18:23,41.4809893,22.6125873,9
GAN,2025-07-19,07:54,-34.767908,-55.6544506,7
GAN,2025-07-23,21:36,34.2541553765432,132.67223772143012,7
GAN,2025-07-23,01:00,43.2832512,-72.482816,3
GAN,2025-07-22,21:58,43.2832512,-72.482816,3
GAN,2025-07-22,21:50,40.8813568,-124.1088,9
GAN,2025-07-22,22:14,37.0787043,-111.662736,7
GAN,2025-07-22,22:31,41.49680217257099,-81.53891637591599,7
GAN,2025-07-22,22:16,41.50198957479614,-81.4884104494353,7
GAN,2025-07-22,22:41,40.0356072036869,-82.1976142890979,3
GAN,2025-07-22,21:25,0.0,0.0,5
GAN,2025-03-10,22:29,45.49082227633953,15.541556088346583,9
GAN,2025-03-10,22:28,45.49247329012648,15.535425357518742,9
GAN,2025-03-10,22:33,45.50005750805655,15.525583643799996,9
GAN,2025-03-10,22:34,45.487008985684376,15.53834435612389,9
GAN,2025-03-10,22:28,45.45772455269209,15.576484293914412,8
GAN,2025-03-10,22:23,45.49672703537406,15.47876223378653,5
GAN,2025-03-10,22:05,45.5128960093497,15.520503998141896,8
GAN,2025-07-22,00:08,37.47798334706304,-94.25917647679026,5
GAN,2025-07-21,23:30,37.5466834995055,-94.37069926540195,3
GAN,2025-07-22,00:26,40.0356072036869,-82.1976142890979,3
GAN,2025-07-22,00:07,40.2132687602492,-74.77794554321878,8
GAN,2025-07-21,22:13,41.508281348922914,-81.5999899065374,8
GAN,2025-07-21,22:52,39.3762145,-77.154704,5
GAN,2025-07-21,22:42,42.8041237,-83.81547909999999,8
GAN,2025-07-21,21:44,39.1439689,-77.2016062,9
GAN,2025-07-21,21:41,39.1439689,-77.2016062,9
GAN,2025-07-21,21:38,39.01344139641379,-76.87519254475623,9
GAN,2025-07-21,21:34,39.01344139641379,-76.87519254475623,9
GAN,2025-07-21,20:37,-30.2339359,-71.0836572,8
GAN,2025-07-21,20:36,0.0,0.0,8
GAN,2025-07-21,21:22,-30.008746,-51.1599606,8
GAN,2025-07-21,21:22,-30.03013711357849,-51.16386482493429,9
GAN,2025-07-21,21:17,-9.6005152,-35.7215335,9
GAN,2025-07-21,19:10,-8.745220029562196,-63.8715324644472,8
GAN,2025-07-22,01:27,38.4837931,-1.6905538,5
GAN,2025-07-21,21:52,35.577965417003455,139.56553383249977,9
GAN,2025-07-21,20:03,-33.8889,151.1249,9
GAN,2025-07-21,01:20,38.8874914855586,-119.81839609668714,3
GAN,2025-07-21,00:00,41.4937076,-81.5500427,7
GAN,2025-07-20,22:41,41.6953701,-88.1356565,9
GAN,2025-07-19,21:25,27.43008292117819,-112.52738746961428,3
GAN,2025-07-20,22:00,0.0,0.0,9
GAN,2025-07-20,22:57,-30.030404218992423,-51.16387081609918,9
GAN,2025-07-20,19:50,-34.792792792792795,-54.9171289043808,9
GAN,2025-07-19,22:56,38.54349614304387,-90.53365884922049,7
GAN,2025-07-19,23:03,38.5465798040038,-90.53825972531952,7
GAN,2025-07-19,22:46,38.55018128642663,-90.53921873814586,7
GAN,2025-07-19,22:37,38.55312744693451,-90.54510081213942,5
GAN,2025-07-20,20:59,35.57731742077129,139.56534077496437,9
GAN,2025-07-19,23:53,38.88750541687042,-119.8183979173594,3
GAN,2025-07-20,00:27,37.51669558503336,-94.39432633818735,3
GAN,2025-07-19,23:23,37.9003168,-78.47130489999999,3
GAN,2025-07-19,21:56,18.0021024,-66.6187469,7
GAN,2025-07-19,21:42,17.9998997,-66.6200614,7
GAN,2025-07-19,21:34,17.9975081,-66.6185987,8
GAN,2025-07-19,21:26,18.0002469,-66.6177105,7
GAN,2025-07-19,21:19,17.9992725,-66.6164915,7
GAN,2025-07-19,21:07,18.0025133,-66.6167387,7
GAN,2025-07-19,23:02,-26.769160972811427,152.86922758991423,3
GAN,2025-07-19,19:32,-34.8583769,-56.1406457,9
GAN,2025-07-19,00:30,40.4833749,-74.9461359,5
GAN,2025-07-19,23:40,32.70322894159063,51.6387531378839,9
GAN,2025-07-19,23:37,32.70322894159063,51.6387531378839,9
GAN,2025-07-19,23:32,32.70322894159063,51.6387531378839,9
GAN,2025-07-19,21:44,41.34937559999999,21.5528045,9
GAN,2025-07-19,00:30,38.887508244766046,-119.81839698337696,3
GAN,2025-07-18,21:42,41.21380841568496,-71.56844553010966,3
GAN,2025-07-18,22:37,37.9003168,-78.47130489999999,3
GAN,2025-07-18,22:21,41.25639940773618,-75.4835401433772,8
GAN,2025-07-18,09:46,-53.61247445387343,-51.7525549,3
GAN,2025-07-18,20:22,-34.79820915779352,-54.918420456647006,1
GAN,2025-07-16,21:17,33.9990179,-117.8204768,5
GAN,2025-07-17,21:50,27.32605905771139,-112.2482189485344,5
GAN,2025-07-18,19:54,-34.808927300002686,-56.08655046626758,9
GAN,2025-07-18,19:22,-34.82789,-56.1471285,9
GAN,2025-07-18,18:45,-34.82789,-56.1471285,9
GAN,2025-07-18,23:40,23.1619245,89.2249198,9
GAN,2025-07-18,20:34,-33.5445558,151.3058986,5
GAN,2025-07-17,20:52,34.7549858476026,-86.55623823532424,8
GAN,2025-07-16,22:40,27.26268859261716,-112.30141718703632,3
GAN,2025-07-16,22:05,27.194769318138075,-112.2127608166402,3
GAN,2025-07-16,21:22,27.325412952981612,-112.2453810373338,3
GAN,2025-07-17,22:31,39.48722337441181,8.45649969370798,3
GAN,2025-07-16,22:30,38.88751270825248,-119.81839815227406,3
GAN,2025-07-16,23:36,33.5185892,-86.8103567,9
GAN,2025-07-16,21:37,34.75483420452209,-86.55969668552379,7
GAN,2025-07-16,21:48,43.7551104,-72.5057536,5
GAN,2025-07-16,22:22,-29.36449380460115,-50.8206423283848,9
GAN,2025-07-16,19:57,0.0,0.0,9
GAN,2025-07-16,19:57,0.0,0.0,9
GAN,2025-07-16,19:57,0.0,0.0,9
GAN,2025-06-27,22:50,39.92007202845736,-93.9553274948614,3
GAN,2025-07-15,22:15,40.21082096365296,-92.63048599051704,3
GAN,2025-07-15,23:36,-34.7688597,-55.5892641,8
GAN,2025-07-15,23:33,0.0,0.0,8
GAN,2025-07-15,17:28,-34.7688573,-55.5915844,9
GAN,2025-07-15,18:45,0.0,0.0,9
GAN,2025-07-15,03:14,0.0,0.0,5
GAN,2025-03-02,01:00,-34.84509813950635,-54.637289576645365,7
GAN,2025-07-03,12:30,-85.71355619903623,53.26433003030752,9
GAN,2025-07-14,20:20,-30.62730201371382,153.0136153676002,9
GAN,2025-07-12,21:18,33.9990179,-117.8204768,5
GAN,2025-07-13,19:14,-34.5,-54.9166667,7
GAN,2025-07-13,19:04,-34.77228775623792,-54.91723699500518,9
GAN,2025-07-13,00:46,-34.7524252,-55.7244803,7
GAN,2025-07-12,21:45,-34.77225256357227,-54.91718556367172,9
GAN,2025-07-02,21:30,33.6061105357103,-86.79961799773858,9
GAN,2025-07-11,14:03,42.62788777140508,9.343619699198692,5
GAN,2025-07-11,13:59,42.6280363,9.3437221,5
GAN,2025-07-12,19:15,-27.5679729,152.4220619,9
GAN,2025-07-11,22:33,0.0,0.0,8
GAN,2025-07-11,21:26,-34.85814520511254,-55.99660401928871,9
GAN,2025-07-11,21:20,-34.85401679272304,-55.99882544767932,9
GAN,2025-05-26,22:51,37.371888,-78.26817199999999,3
GAN,2025-05-25,22:00,37.371888,-78.26817199999999,3
GAN,2025-05-20,17:46,37.371888,-78.26817199999999,3
GAN,2025-06-09,22:00,37.36806754822295,-78.26920657309428,3
GAN,2025-06-14,19:20,-38.35303398622258,146.42965581895126,3
GAN,2025-07-10,22:27,-34.7566766,-55.7055987,9
GAN,2025-07-10,22:19,-34.762936111762414,-55.711874181191895,9
GAN,2025-07-10,21:05,-34.74277765274118,-55.71282018732155,9
GAN,2025-07-10,21:51,41.34937559999999,21.5528045,9
GAN,2025-07-09,09:46,37.3873875,-122.0749424,5
GAN,2025-07-09,23:01,42.63532524502394,9.353083148365156,5
GAN,2025-07-09,13:41,-34.77225173947402,-54.91718159661941,9
GAN,2025-07-07,21:33,37.3873875,-122.0749424,7
GAN,2025-07-06,21:23,36.25599707235037,-115.1196754275566,9
GAN,2025-07-06,12:30,34.41235354007822,135.58488614176136,8
GAN,2025-07-05,22:11,40.71415059997253,-73.98543876399192,9
GAN,2025-07-02,22:00,36.4799547,-121.7327145,3
GAN,2025-07-05,17:04,38.88089500310898,38.97839814460456,7
GAN,2025-07-05,04:03,35.3576673,-118.2602185,5
GAN,2025-07-04,23:56,40.035610115283845,-82.19761330308883,5
GAN,2025-07-03,21:48,37.3873875,-122.0749424,7
GAN,2025-07-03,21:49,-5.2068352,-37.3587968,9
GAN,2025-06-21,23:20,38.55025863773032,-90.5392605209505,7
GAN,2025-07-03,18:20,38.55023759209648,-90.53923191112791,7
GAN,2025-07-02,23:50,40.03559244908534,-82.19763512335247,5
GAN,2025-07-02,22:05,20.76263458810385,-86.96020480615049,8
GAN,2025-07-02,15:45,33.42830781914706,-111.8804630524168,9
GAN,2025-07-02,21:26,41.34937559999999,21.5528045,9
GAN,2025-06-28,22:13,39.53540788997906,-95.06158521288872,3
GAN,2025-06-26,23:27,37.4759389,-112.2407148,3
GAN,2025-06-27,22:37,37.4759389,-112.2407148,3
GAN,2025-06-25,22:20,37.4759389,-112.2407148,3
GAN,2025-06-23,23:12,36.41394520974885,-112.13276090118032,3
GAN,2025-06-23,11:12,36.41405441667658,-112.13247515783108,3
GAN,2025-06-20,21:28,35.0241873,-110.6973571,3
GAN,2025-07-02,20:12,17.5373152,78.2897643,9
GAN,2025-07-02,02:25,38.886914,-119.818422,3
GAN,2025-06-22,23:54,44.7043548,-76.29721130000001,3
GAN,2025-06-22,23:51,44.7024726,-76.29542719999999,3
GAN,2025-06-28,23:36,26.78474436652681,-111.86186110558104,3
GAN,2025-06-28,22:33,26.766835261075972,-111.89029936577842,3
GAN,2025-06-28,22:13,26.717981807666163,-111.9084008522152,3
GAN,2025-06-28,21:49,26.63530653184361,-111.83271455701194,3
GAN,2025-06-30,22:04,41.28916652871402,-72.3560550842322,9
GAN,2025-06-29,23:28,32.0423016,-115.9224367,3
GAN,2025-06-29,21:19,37.3884583,-122.0777806,8
GAN,2025-06-29,22:30,39.613321,-105.0166498,9
GAN,2025-06-29,21:24,36.2558084846442,-115.11923341062094,9
GAN,2025-06-28,22:00,36.0591151,-112.1091934,3
GAN,2025-06-29,20:07,33.1971164,-111.50532,9
GAN,2025-06-28,20:55,36.0591151,-112.1091934,5
GAN,2025-06-28,21:24,37.3873875,-122.0749424,7
GAN,2025-06-29,21:09,-5.186646695150412,-37.35307806084058,9
GAN,2025-06-29,12:12,33.42819064042653,-111.88049722910606,9
GAN,2025-06-28,00:53,33.5185892,-86.8103567,7
GAN,2025-06-29,00:15,45.60994,0.8252499999999999,3
GAN,2025-06-29,00:20,38.88762275,-119.81836175,3
GAN,2025-06-28,23:11,33.5426462,-86.79436779999999,9
GAN,2025-06-28,23:00,33.5185892,-86.8103567,9
GAN,2025-06-28,20:41,33.3967065,-112.5680897,9
GAN,2025-06-22,21:33,30.71056543908113,-88.10071031673361,9
GAN,2025-06-24,21:05,33.2003049517684,-87.52094927065602,8
GAN,2025-06-28,21:19,33.4950383,-86.7998015,9
GAN,2025-06-28,21:24,33.954678610787745,-85.03125881289273,9
GAN,2025-06-21,21:45,33.8839926,-84.51437609999999,9
GAN,2025-06-28,21:00,33.88184449086261,-87.29324121446763,9
GAN,2025-06-28,20:42,33.6704962,-86.8014639,9
GAN,2025-06-28,20:29,33.5185892,-86.8103567,9
GAN,2025-06-28,20:20,33.4950568,-86.799837,9
GAN,2025-06-28,20:56,0.0,0.0,5
GAN,2025-06-27,23:10,37.99786151903599,-105.69891201116693,1
GAN,2025-06-27,23:10,37.99801209842676,-105.69878827645428,5
GAN,2025-06-28,04:45,33.5185892,-86.8103567,3
GAN,2025-06-28,04:36,0.0,0.0,9
GAN,2025-06-28,01:25,38.887570375,-119.818343125,3
GAN,2025-06-26,21:09,37.3873875,-122.0749424,8
GAN,2025-06-27,21:59,37.85546368271842,-122.25557559350406,7
GAN,2025-06-27,22:16,33.5992413,-86.6464405,9
GAN,2025-06-27,21:15,-23.3030349,-47.5141877,5
GAN,2025-06-27,21:57,34.2306756,77.2776898,8
GAN,2025-06-27,21:20,-18.795590065437175,143.4226838128114,3
GAN,2025-06-27,02:33,38.88828060837603,-119.81803953441748,3
GAN,2025-06-26,21:02,37.3873875,-122.0749424,8
GAN,2025-06-26,23:18,-34.908518330735696,-56.155992780313255,9
GAN,2025-06-26,21:00,33.4145791,-86.8205808,9
GAN,2025-06-26,20:37,32.0030609,-88.034319,9
GAN,2025-06-25,22:26,-5.17813701592282,-37.36396019797336,9
GAN,2025-06-26,22:24,-15.9644497301907,-47.82368471082718,5
GAN,2025-06-26,22:23,-34.8222151,-56.1221515,9
GAN,2025-06-26,21:54,-15.96452057097096,-47.82364858124691,7
GAN,2025-06-26,22:14,-5.214072785826834,-37.36391909884594,9
GAN,2025-06-26,20:54,-15.8375595,-48.0223679,9
GAN,2025-06-26,20:33,-5.167838887639117,-37.36511449063246,9
GAN,2025-06-26,20:29,-22.8873531,-47.2018756,9
GAN,2025-06-26,20:24,-22.715250845887454,-47.35658118181076,9
GAN,2025-06-26,21:49,46.995924022129685,15.451086817331827,9
GAN,2025-06-24,23:11,33.7501275,-84.3885209,8
GAN,2025-06-26,20:16,-18.147742,144.3167,3
GAN,2025-06-26,00:02,-5.167838887639117,-37.36511449063246,8
GAN,2025-06-25,23:53,-15.7975154,-47.89188739999999,9
GAN,2025-06-25,23:30,-34.8833215,-56.1382887,9
GAN,2025-06-25,20:48,33.32625139929123,-86.54199408051144,9
GAN,2025-06-25,22:32,-34.91046402760144,-56.14827284224023,9
GAN,2025-06-25,22:25,-34.9105502,-56.1481168,9
GAN,2025-06-25,21:25,37.2088238,-77.4354503,8
GAN,2025-06-25,21:53,-15.96442584273039,-47.82369312088881,7
GAN,2025-06-25,21:52,-15.96452070504498,-47.8236486989507,7
GAN,2025-06-25,21:49,-34.9105987,-56.2104433,9
GAN,2025-06-25,21:22,-22.8873531,-47.2018756,8
GAN,2025-06-25,21:03,-22.9488815,-47.30775449999999,9
GAN,2025-06-25,20:22,-22.7152552,-47.356239,9
GAN,2025-06-25,20:19,-15.8378123,-48.0227217,9
GAN,2025-06-25,20:17,-23.3063757,-47.5310737,5
GAN,2025-06-25,20:05,-34.8701356,-56.0997555,8
GAN,2025-06-25,23:49,41.64138522907033,-0.8834926075457838,9
GAN,2025-06-25,23:45,41.641675259386176,-0.8829772693501869,9
GAN,2025-06-21,21:54,27.226355472528727,-112.21044339503293,3
GAN,2025-06-21,21:54,27.43025062916353,-112.52753300929923,3
GAN,2025-06-15,22:00,27.33959889428599,-112.26952106655426,5
GAN,2025-06-25,19:49,0.0,0.0,9
GAN,2025-06-24,12:16,-34.86963454365888,-56.13171884765746,9
GAN,2025-06-24,21:54,-34.81865647231594,-55.96442969822176,8
GAN,2025-06-25,00:03,42.2161251054059,-74.61984560780147,3
GAN,2025-06-25,19:09,-16.91608585331752,145.77273270486077,8
GAN,2025-06-25,01:07,38.8875832,-119.8183482,3
GAN,2025-06-25,09:35,41.8322477,12.5783852,7
GAN,2025-06-24,23:27,41.286603007181824,13.01716319677292,5
GAN,2025-06-25,00:32,33.4949829,-86.8039088,9
GAN,2025-06-24,21:41,36.9049522033535,-111.45922240437793,8
GAN,2025-06-24,22:20,32.3473134,-86.249877,8
GAN,2025-06-24,22:26,33.5185892,-86.8103567,9
GAN,2025-06-24,22:20,46.820103826928126,-92.05039217256382,9
GAN,2025-06-24,22:02,32.80231069708145,-97.27253986121826,9
GAN,2025-06-24,22:04,33.525794945701605,-86.56860899129316,9
GAN,2025-06-24,23:50,-34.81120473732548,-56.12323818388522,9
GAN,2025-06-24,21:38,34.7519,-86.6825,9
GAN,2025-06-24,21:42,34.73914243424555,-86.89048134313452,8
GAN,2025-06-24,22:42,40.21331110464369,-74.77764509030968,8
GAN,2025-06-24,21:36,33.2956275,-86.7718017,8
GAN,2025-06-24,21:25,33.2956275,-86.7718017,9
GAN,2025-06-24,23:30,-34.876449717455145,-56.10021873314386,9
GAN,2025-06-24,23:20,-34.8110211,-56.1231065,9
GAN,2025-06-24,23:13,-34.819706487896696,-56.15830210427585,9
GAN,2025-06-24,22:26,-34.798856,-56.1241283,9
GAN,2025-06-24,22:17,-34.811543,-56.1388406,9
GAN,2025-06-24,22:33,-34.8264789,-56.1459094,8
GAN,2025-06-24,22:23,-34.8267192,-56.1460578,8
GAN,2025-06-24,22:22,-34.82552116238673,-56.15969021467817,9
GAN,2025-06-24,21:52,-34.86932449875936,-56.132189212987605,9
GAN,2025-06-24,22:05,-34.857655223091626,-56.14261516089987,9
GAN,2025-06-24,21:58,-34.8148164,-56.141527,8
GAN,2025-06-24,22:00,0.0,0.0,8
GAN,2025-06-24,19:41,33.28539962519257,-86.87451883101635,9
GAN,2025-06-24,21:49,-34.8242488,-56.14079539999999,9
GAN,2025-06-24,21:44,0.0,0.0,1
GAN,2025-06-24,21:36,-32.522779,-55.765835,9
GAN,2025-06-24,21:25,-34.8077667,-56.1419824,7
GAN,2025-06-24,21:30,-34.45537091647079,-55.87699749403362,9
GAN,2025-06-24,21:27,-22.318038,-49.024063,9
GAN,2025-06-24,21:19,0.0,0.0,5
GAN,2025-06-24,21:24,-34.8148928,-56.1503249,9
GAN,2025-06-24,20:43,-34.8018076271526,-56.11498810698512,9
GAN,2025-06-24,21:04,-34.8322681595161,-56.1335953727117,9
GAN,2025-06-24,20:48,-34.8337635,-56.13610689999999,9
GAN,2025-06-24,21:04,-34.83525466142743,-56.14684254321245,9
GAN,2025-06-24,21:08,-34.8261078,-56.1738008,9
GAN,2025-06-24,21:02,0.0,0.0,8
GAN,2025-06-24,21:01,0.0,0.0,9
GAN,2025-06-24,20:03,-34.8291072,-56.2069504,9
GAN,2025-06-24,20:03,-34.8291072,-56.2069504,9
GAN,2025-06-24,20:03,-34.8261137,-56.1738096,9
GAN,2025-06-24,20:03,-34.8261137,-56.1738096,9
GAN,2025-06-24,20:39,-34.7920011,-56.1149099,9
GAN,2025-06-24,01:00,26.654335824950227,-81.98712219367546,7
GAN,2025-06-24,20:34,-34.8213875,-56.1302344,9
GAN,2025-06-24,20:31,-34.9055016,-56.1851147,9
GAN,2025-06-24,20:26,-34.82825915786986,-56.13178378844702,9
GAN,2025-06-24,20:25,-34.8213875,-56.1302344,9
GAN,2025-06-24,20:19,-34.8720691,-56.1398605,9
GAN,2025-06-24,20:10,-34.8697256,-56.170047,9
GAN,2025-06-24,20:09,-34.8721602,-56.1226687,9
GAN,2025-06-24,20:07,-34.8721487,-56.1397577,9
GAN,2025-06-24,19:52,-34.82807185113738,-56.13022327423096,8
GAN,2025-06-24,20:10,-34.8687016,-56.1306223,9
GAN,2025-06-24,20:02,-34.813401,-56.1381493,8
GAN,2025-06-24,19:40,-34.8716895,-56.1728212,7
GAN,2025-06-24,20:00,-75.2402043710915,-104.87372875213624,9
GAN,2025-06-24,19:53,-34.9055016,-56.1851147,9
GAN,2025-06-24,19:34,-34.82489597460047,-56.13752172557987,8
GAN,2025-06-24,19:21,-34.815719479624185,-56.14213272371286,9
GAN,2025-06-24,19:34,-34.815641269352845,-56.1422826585437,9
GAN,2025-06-24,19:33,0.0,0.0,9
GAN,2025-06-24,19:21,-34.815719479624185,-56.14213272371286,9
GAN,2025-06-24,19:21,-34.815719479624185,-56.14213272371286,9
GAN,2025-06-24,19:21,-34.815719479624185,-56.14213272371286,9
GAN,2025-06-24,19:14,-34.8159125,-56.1035134,8
GAN,2025-06-24,19:11,-22.7182809,-47.3583784,9
GAN,2025-06-24,19:10,-34.814920674149526,-56.13518130166226,9
GAN,2025-06-24,18:11,-8.0,-34.843600024741505,9
GAN,2025-06-20,23:15,37.908683394543296,-79.79785741125828,3
GAN,2025-06-21,23:22,38.95321768762258,-92.36957997253428,7
GAN,2025-06-21,23:00,38.94290343193836,-92.32891921486237,8
GAN,2025-06-21,22:51,38.94647293854114,-92.32877449163496,7
GAN,2025-06-21,22:44,38.94709306534203,-92.32630333521256,8
GAN,2025-06-21,22:22,38.87321243104847,-92.32568695250642,5
GAN,2025-06-21,22:13,38.86572192368259,-92.32158945780472,5
GAN,2025-06-21,22:07,38.86518114236987,-92.30511983433856,5
GAN,2025-06-23,21:23,36.90495158279556,-111.45922317299843,8
GAN,2025-06-23,23:55,43.8627064,-79.451743,7
GAN,2025-06-23,22:48,0.0,0.0,9
GAN,2025-06-23,22:26,41.389920222731,-81.47706396207663,7
GAN,2025-06-23,21:19,34.1795607,-86.82655690000001,9
GAN,2025-06-23,22:17,0.0,0.0,7
GAN,2025-06-23,21:50,32.4408961,-85.03060599999999,9
GAN,2025-06-23,21:42,-17.81365252664746,-63.17456642754692,9
GAN,2025-06-23,18:48,-16.3332,-48.9525,7
GAN,2025-06-23,20:38,-34.9055016,-56.1851147,9
GAN,2025-06-23,21:56,41.34937559999999,21.5528045,9
GAN,2025-06-22,22:22,37.99798670047348,-105.6988148758978,1
GAN,2025-06-23,02:00,38.88753160175013,-119.81830060640478,3
GAN,2025-06-23,18:20,-37.8443223,145.0032436,8
GAN,2025-06-23,12:53,6.531259803802379,99.06295919770383,9
GAN,2025-06-22,23:19,36.25576567443934,-115.11914742318822,9
GAN,2025-06-22,23:21,33.39027129688129,-112.03827945009031,9
GAN,2025-06-23,01:38,41.49286381847856,-81.55040989345608,7
GAN,2025-06-22,22:35,37.997810625874365,-105.69897808147212,7
GAN,2025-06-22,22:34,37.99782948926782,-105.69896058198846,1
GAN,2025-06-22,21:18,37.8572037,-122.2441127,9
GAN,2025-06-22,23:06,45.0682572,-93.0648021,9
GAN,2025-06-22,22:53,41.6953785,-88.135642,9
GAN,2025-06-22,22:35,39.1134952,-92.3275548,3
GAN,2025-06-22,20:19,33.50182167406003,-112.1626116252253,1
GAN,2025-06-22,22:17,41.47876266145778,-81.4989461010248,8
GAN,2025-06-22,22:31,41.49689069131484,-81.53877716245034,7
GAN,2025-06-22,22:07,41.502055885428135,-81.48848911318281,8
GAN,2025-06-22,23:02,40.6887895,-74.3074053,9
GAN,2025-06-22,21:33,34.0351588,-84.6060449,5
GAN,2025-06-22,22:39,0.0,0.0,9
GAN,2025-06-22,22:17,-16.3332,-48.9525,9
GAN,2025-06-22,21:29,-15.96442847875788,-47.82368064788678,7
GAN,2025-06-22,21:06,-15.964523790578044,-47.823649994362434,7
GAN,2025-06-22,20:17,-22.9488815,-47.30775449999999,9
GAN,2025-06-23,00:54,38.4839233,-1.6905317,5
GAN,2025-06-18,20:42,23.88717525195685,-110.15185637911728,3
GAN,2025-06-18,20:42,23.86107494564472,-110.1712488321334,5
GAN,2025-05-26,22:01,24.003457848142908,-110.29223236423084,7
GAN,2025-05-25,21:44,24.33566842926509,-110.31152724239004,3
GAN,2025-06-21,23:03,40.03560844359114,-82.19761253132481,5
GAN,2025-06-21,23:33,33.657365301078485,-112.08555110949987,9
GAN,2025-06-21,23:32,33.657365301078485,-112.08555110949987,9
GAN,2025-06-21,23:16,33.657365301078485,-112.08555110949987,8
GAN,2025-06-21,21:30,36.90495209380519,-111.45922076453212,8
GAN,2025-06-21,22:09,37.99820324467125,-105.6986694515096,1
GAN,2025-06-21,20:55,33.39671955366582,-112.56795169251149,9
GAN,2025-06-21,22:59,0.0,0.0,8
GAN,2025-06-21,23:36,-15.964431358805468,-47.82368024807528,7
GAN,2025-06-21,23:35,-15.964524169317468,-47.82364963907322,7
GAN,2025-06-21,20:34,-16.3332,-48.9525,9
GAN,2025-06-21,21:31,41.34937559999999,21.5528045,9
GAN,2025-06-20,22:45,37.998050341570256,-105.6987935459954,1
GAN,2025-06-16,22:42,-8.1304455,113.2239572,8
GAN,2025-06-21,01:15,47.9732041,15.9738228,3
GAN,2025-06-21,00:56,40.03558945089927,-82.19764470461163,3
GAN,2025-06-20,21:49,34.1049468,-116.4631589,5
GAN,2025-06-20,21:13,33.70898509811293,-112.14633398706827,8
GAN,2025-06-20,21:10,33.70898509811293,-112.14633398706827,8
GAN,2025-06-20,21:09,36.904951348745605,-111.45922131687296,8
GAN,2025-06-20,20:23,33.2917968,-112.4291464,9
GAN,2025-06-16,22:00,36.4799547,-121.7327145,3
GAN,2025-06-20,21:04,-34.9119745,-56.1707457,9
GAN,2025-06-20,20:36,-34.79816348551314,-56.11611494516639,9
GAN,2025-06-20,20:51,-22.9488815,-47.30775449999999,9
GAN,2025-06-20,19:58,-34.844739701552555,-56.14176005654166,9
GAN,2025-06-20,19:31,-22.887362,-47.2016602,9
GAN,2025-06-20,19:17,-22.715241608487258,-47.3566362052065,9
GAN,2025-06-19,23:30,47.99807310000001,9.4723187,5
GAN,2025-06-19,23:30,37.99783300741436,-105.69897082809312,1
GAN,2025-06-20,12:01,-34.8707573,-56.1866143,8
GAN,2025-06-20,03:01,0.0,0.0,8
GAN,2025-06-20,03:00,0.0,0.0,8
GAN,2025-06-20,01:49,0.0,0.0,8
GAN,2025-06-20,01:10,38.88754823156884,-119.81831765872384,3
GAN,2025-06-19,22:58,34.1050768,-116.4632394,5
GAN,2025-06-19,00:07,33.50628330527792,-86.80387604516035,9
GAN,2025-06-19,21:28,36.90495099374294,-111.4592217148494,8
GAN,2025-06-20,00:04,-34.878166370491,-56.142589365496114,9
GAN,2025-06-19,23:31,-34.8780976,-56.1425622,9
GAN,2025-06-19,22:26,40.03560574689023,-82.19760254995238,5
GAN,2025-06-19,23:10,-34.8754491,-56.1636355,9
GAN,2025-06-19,19:47,-34.8824738,-56.1042937,9
GAN,2025-06-19,00:06,37.99795576617078,-105.69888359305668,1
GAN,2025-06-19,01:12,38.88761883333333,-119.8183595,3
GAN,2025-06-19,02:59,40.03198790985451,-75.68382465374553,9
GAN,2025-06-18,22:41,39.665701,-104.7906334,7
GAN,2025-06-18,22:11,35.2828655,-106.718625,5
GAN,2025-06-18,21:13,36.904950876609846,-111.459222107196,8
GAN,2025-06-18,23:06,17.9921661,-66.6535665,7
GAN,2025-06-15,12:30,40.54515073967614,-121.35288484386416,3
GAN,2025-06-18,21:57,18.0018113,-66.6191396,8
GAN,2025-06-18,21:39,17.9999726,-66.6189573,8
GAN,2025-06-18,21:29,17.9977013,-66.6183143,8
GAN,2025-06-18,22:26,-34.85225106203652,-56.1389969095592,9
GAN,2025-06-18,21:19,17.9989664,-66.6200281,8
GAN,2025-06-18,21:08,17.9992491,-66.6164441,8
GAN,2025-06-18,20:56,18.0024861,-66.6168289,8
GAN,2025-06-18,21:23,-34.8176932,-56.1344855,9
GAN,2025-06-18,20:30,-7.1073038,-34.8550998,9
GAN,2025-06-18,20:34,-34.9013106,-56.1870618,9
GAN,2025-06-18,20:24,-15.964749462548603,-47.824105465897176,7
GAN,2025-06-18,20:10,-15.964754353219538,-47.82381669888439,7
GAN,2025-06-18,20:08,-22.8872045,-47.20153740000001,9
GAN,2025-06-18,19:40,-34.9038412,-56.1757593,9
GAN,2025-06-18,19:42,-34.9035864,-56.1759516,9
GAN,2025-06-18,19:38,-35.12349440788738,-56.24886861418428,9
GAN,2025-06-18,19:43,-15.8377464,-48.0229295,9
GAN,2025-06-18,19:37,-34.9037024,-56.1757367,9
GAN,2025-06-18,23:50,41.31337533849968,2.069849856613688,8
GAN,2025-06-18,18:34,-22.7152552,-47.356239,9
GAN,2025-06-18,18:18,-23.47722770999361,-47.01076649483812,9
GAN,2025-06-17,23:43,37.99817550237713,-105.6987078690788,1
GAN,2025-05-21,21:43,35.2828671,-106.7186426,5
GAN,2025-06-17,22:13,35.2828769,-106.7186551,5
GAN,2025-06-18,00:23,-34.90252838046967,-56.17537958189576,8
GAN,2025-06-17,21:38,30.1383311764128,-99.14119692397828,9
GAN,2025-06-17,21:30,-23.3030881,-47.514187,3
GAN,2025-06-17,21:24,-23.3981972,-45.8868,5
GAN,2025-06-07,21:52,40.490919608411154,-122.95764600175718,8
GAN,2025-06-17,20:44,-16.301666,-48.952213,9
GAN,2025-06-17,20:42,-22.8872045,-47.20153740000001,9
GAN,2025-06-17,19:57,-15.96458784846741,-47.82361454313507,7
GAN,2025-06-17,20:01,-22.9488815,-47.30775449999999,9
GAN,2025-06-17,19:22,-23.6674529,-46.7345522,9
GAN,2025-06-17,19:18,-27.693076071022965,-48.82779771547592,8
GAN,2025-06-17,19:17,-27.692502916588943,-48.83397017244491,8
GAN,2025-06-17,19:16,-27.692942072182078,-48.82778352109452,8
GAN,2025-06-17,18:57,-27.6702768,-48.5307947,9
GAN,2025-06-17,00:30,29.871806,-98.631509,3
GAN,2025-06-17,11:43,-27.294583048924206,-64.18530172503591,9
GAN,2025-06-16,22:20,38.887611,-119.818355,3
GAN,2025-06-16,22:05,43.7604538,-121.5439973,7
GAN,2025-06-16,21:41,30.13847802889804,-99.1412968503452,8
GAN,2025-06-16,22:41,17.9931654,-66.6536533,7
GAN,2025-06-16,20:13,-22.9488815,-47.30775449999999,9
GAN,2025-06-16,20:14,-22.8873763,-47.2015597,9
GAN,2025-06-16,20:01,-23.3063757,-47.5310737,7
GAN,2025-06-16,22:35,51.524897722602425,7.480973386400725,9
GAN,2025-06-16,21:49,41.34937559999999,21.5528045,9
GAN,2025-06-15,23:15,36.2558055327749,-115.11953499167224,9
GAN,2025-06-15,22:25,47.6053504,-122.1787648,9
GAN,2025-06-15,21:15,37.8574213,-122.2439471,9
GAN,2025-06-14,20:48,40.71401681420652,-73.98543926576905,8
GAN,2025-06-12,21:45,36.4799547,-121.7327145,7
GAN,2025-06-14,19:34,23.16189474,89.22487234,9
GAN,2025-06-13,21:19,47.56245433871157,-122.16521213163146,9
GAN,2025-06-13,21:16,47.562845014334776,-122.16508276769468,9
GAN,2025-06-13,23:05,48.37329451288732,10.86452743091523,9
GAN,2025-05-31,05:21,32.5686397,-96.9564156,8
GAN,2025-05-29,05:10,32.5686397,-96.9564156,9
GAN,2025-06-11,22:52,47.8605431,-122.1385612,9
GAN,2025-06-11,22:47,47.8605431,-122.1385612,9
GAN,2025-06-11,23:11,42.7684119,-71.2965385,7
GAN,2025-06-11,23:22,-30.0088861,-51.1601237,1
GAN,2025-06-11,22:04,40.03559200433456,-82.19762786994804,7
GAN,2025-06-11,11:53,0.0,0.0,8
GAN,2025-06-10,21:55,-9.6005402,-35.721536,9
GAN,2025-06-10,23:34,23.1617872,89.224944,9
GAN,2025-05-27,00:30,42.109641274463065,0.2589860921985876,3
GAN,2025-06-09,23:23,47.8209301,-122.3151313,9
GAN,2025-06-09,22:26,23.1614418,89.2272568,9
GAN,2025-05-18,01:45,41.8572074,2.5636934,3
GAN,2025-05-18,00:52,41.8572074,2.5636934,3
GAN,2025-05-17,23:55,41.8574084162742,2.563887375967111,3
GAN,2025-04-23,20:00,-22.3814095,143.0473676,3
GAN,2025-04-23,20:00,-22.3827201,143.0464707,3
GAN,2025-04-23,20:00,-22.3849979,143.0462391,3
GAN,2025-04-23,20:00,-22.3873005,143.0456554,3
GAN,2025-04-23,20:00,-22.389633,143.0454725,3
GAN,2025-04-23,20:00,-22.3904443,143.0453273,5
GAN,2025-06-06,18:53,-34.8990044,-56.1542868,8
GAN,2025-06-06,13:53,-5.7581969,-35.2484871,9
GAN,2025-06-01,20:26,-34.846652033578465,-56.137266254835176,9
GAN,2025-06-04,23:30,47.808110391415376,-122.37359382434938,8
GAN,2025-06-05,23:53,38.91005785986429,-77.17096150643194,9
GAN,2025-06-05,21:07,-34.7782664,-56.0334665,9
GAN,2025-06-05,19:30,0.0,0.0,9
GAN,2025-05-25,02:00,48.0349076569655,-110.22856236841132,3
GAN,2025-05-25,02:30,47.91022976657275,-110.4726940734325,3
GAN,2025-06-05,00:03,38.91005785986429,-77.17096150643194,9
GAN,2025-06-05,00:23,0.0,0.0,9
GAN,2025-06-04,19:59,-34.838207,-56.1355026,9
GAN,2025-05-29,20:39,-34.87740521062965,-56.14854453631525,8
GAN,2025-05-19,20:01,-34.87525187920836,-56.158167737763456,9
GAN,2025-06-02,21:15,26.7037,-80.1953,9
GAN,2025-06-04,11:07,0.0,0.0,9
GAN,2025-06-03,23:41,40.03562890316269,-82.19757791891783,7
GAN,2025-05-25,00:10,32.04859297831548,-115.92430041382016,3
GAN,2025-06-03,20:59,-34.86515795560916,-56.15340804504131,9
GAN,2025-06-03,20:47,-34.8519291,-56.17901579999999,9
GAN,2025-06-03,20:03,-34.880489027771866,-56.171325814956816,9
GAN,2025-06-03,18:54,-34.87219463199584,-56.18734696810794,9
GAN,2025-05-25,19:04,-34.80264980084197,-55.904459587987,8
GAN,2025-06-02,23:40,40.0355996649622,-82.19758256523454,5
GAN,2025-06-02,22:31,39.0234612,-77.4811972,9
GAN,2025-06-02,21:28,39.0181644,-77.5202688,9
GAN,2025-05-31,22:00,-34.633497023735785,-56.424330673469065,7
GAN,2025-06-02,21:58,-34.88261870000001,-56.1624928,9
GAN,2025-06-02,20:45,-34.8860997822296,-56.16587837266734,8
GAN,2025-06-02,20:52,-34.88567382215945,-56.15991943985793,9
GAN,2025-06-02,20:37,-34.87821669882891,-56.16763048205668,8
GAN,2025-06-02,22:52,26.0667,50.5577,9
GAN,2025-06-02,21:25,41.34937559999999,21.5528045,9
GAN,2025-05-30,20:30,44.0240202,-121.3479821,7
GAN,2025-06-02,02:08,38.88749184380382,-119.81823982114469,3
GAN,2025-06-01,23:28,47.2750139728316,-122.29952761781092,9
GAN,2025-06-01,23:03,49.2113602,-122.9041532,9
GAN,2025-06-01,23:02,49.2112059,-122.904399,9
GAN,2025-05-25,22:19,47.1770777,-122.1868601,5
GAN,2025-05-24,22:00,47.1770777,-122.1868601,5
GAN,2025-05-27,22:00,47.18316940366397,-122.28908631460368,8
GAN,2025-06-01,20:19,47.1853785,-122.2928974,9
GAN,2025-05-22,21:48,47.17705040967738,-122.28478925228067,9
GAN,2025-05-21,22:28,47.01789701653667,-122.25488237275216,3
GAN,2025-05-21,17:54,47.01770759948737,-122.2544004809665,3
GAN,2025-05-20,22:07,47.01777127382282,-122.25438458951274,3
GAN,2025-05-19,22:00,47.01756404930004,-122.25436316433712,5
GAN,2025-06-01,20:40,-27.054354511753868,-50.1724659359375,9
GAN,2025-06-01,20:31,-34.8469045900429,-56.13762710401672,9
GAN,2025-06-01,20:06,-34.8231657,-56.1629749,9
GAN,2025-06-01,18:54,-34.8531541,-56.161775,8
GAN,2025-06-01,18:57,-31.37536,-57.950208,7
GAN,2025-06-01,01:55,38.8876178,-119.818363,3
GAN,2025-06-01,02:45,0.0,0.0,9
GAN,2025-05-31,08:03,0.0,0.0,9
GAN,2025-05-31,22:18,47.83671301757627,-122.30932001632924,8
GAN,2025-05-31,23:52,40.03557796788834,-82.19759397457824,5
GAN,2025-05-31,20:29,-34.886079116741165,-56.1636751829231,9
GAN,2025-05-31,23:20,39.0094214,-77.49153679999999,9
GAN,2025-05-31,22:24,-34.9055016,-56.1851147,8
GAN,2025-05-31,21:21,-34.76931506813566,-56.22459567530769,7
GAN,2025-05-31,20:58,-34.84472251059844,-55.9744967074501,9
GAN,2025-05-31,20:17,-34.8534948,-56.1728275,9
GAN,2025-05-31,20:26,-34.8820473,-56.1595421,9
GAN,2025-05-31,20:16,-34.8823683,-56.1595202,9
GAN,2025-05-31,19:31,-34.77438010059733,-55.75592903525028,9
GAN,2025-05-27,22:18,47.255134,-122.4420002,7
GAN,2025-05-26,23:09,47.255134,-122.4420002,8
GAN,2025-05-31,16:45,-34.8779934,-56.1664733,8
GAN,2025-05-20,22:05,0.0,0.0,5
GAN,2025-05-20,21:00,0.0,0.0,9
GAN,2025-05-30,21:06,42.346511922303534,-71.1687177066025,8
GAN,2025-05-31,00:21,37.7231716,-90.4533846,5
GAN,2025-05-31,00:03,-33.0149532,-54.9282565,7
GAN,2025-05-30,21:55,37.7231716,-90.4533846,3
GAN,2025-05-30,21:27,37.7231716,-90.4533846,5
GAN,2025-05-09,21:39,-34.853238514817136,-56.16847279120702,8
GAN,2025-05-30,20:06,-34.85346724741665,-56.17283821105957,8
GAN,2025-05-23,23:05,-34.8750813,-56.1723187,9
GAN,2025-05-30,06:44,-34.8380269,-56.1192817,9
GAN,2025-05-30,01:00,47.2356536,-122.5504041,9
GAN,2025-05-27,23:16,47.2164547,-122.4494555,8
GAN,2025-05-29,23:22,-5.7737216,-35.2452608,9
GAN,2025-05-29,22:52,-23.477276840546427,-47.01081310958528,9
GAN,2025-05-29,21:20,-34.8684229,-56.1777186,9
GAN,2025-05-29,20:00,-34.9053244,-56.1461573,9
GAN,2025-05-29,22:02,-34.9053244,-56.1461573,9
GAN,2025-05-29,20:00,-34.9053244,-56.1461573,9
GAN,2025-05-29,21:36,-34.8513365,-56.147536,9
GAN,2025-05-29,21:21,-34.89527670862565,-56.17855854587414,9
GAN,2025-05-29,21:16,-34.895264866652084,-56.17852299084975,9
GAN,2025-05-09,04:20,25.81344235284485,-111.31003161375898,5
GAN,2025-05-29,20:59,-34.87078745525589,-56.1754318811955,9
GAN,2025-05-29,20:59,-34.87078745525589,-56.1754318811955,9
GAN,2025-05-29,20:21,-23.4090803,-45.9787514,8
GAN,2025-05-29,20:19,-34.9036633,-56.175643,8
GAN,2025-05-29,19:50,-34.87963098163456,-56.157815101860656,8
GAN,2025-05-29,19:44,-34.7963392,-56.2429952,9
GAN,2025-05-29,19:05,-23.5557714,-46.6395571,9
GAN,2025-05-29,11:35,0.0,0.0,9
GAN,2025-05-29,03:26,43.13477636499287,-5.635367614402105,3
GAN,2025-05-29,02:45,38.887676,-119.818383,3
GAN,2025-05-26,00:56,-34.85219227723993,-56.12874004402212,8
GAN,2025-05-28,11:01,-34.85235359402649,-56.12921236223718,8
GAN,2025-05-28,02:58,38.8876454,-119.81837109999998,3
GAN,2025-05-27,23:34,47.0723525,-122.3198803,8
GAN,2025-05-27,21:44,27.328789098945457,-112.2625257113169,5
GAN,2025-05-27,20:54,33.6818721,-112.3917656,8
GAN,2025-05-27,22:26,-27.379449,-70.3307733,7
GAN,2025-05-27,21:58,-27.309497675471803,-70.04395342175803,3
GAN,2025-05-27,20:58,-31.060368387692243,-103.1414653453125,7
GAN,2025-05-27,20:35,-22.7143028,-43.5277217,9
GAN,2025-05-19,23:15,49.6216247718803,12.198652268812015,3
GAN,2025-05-19,22:30,49.679333130371845,12.169021208061933,5
GAN,2025-05-27,19:09,-28.22748735097916,160.11610624298595,7
GAN,2025-05-27,00:25,38.88763425,-119.81836775,3
GAN,2025-05-27,00:23,38.88764854481901,-119.8183709224794,7
GAN,2025-05-26,21:51,24.00347034639396,-110.29226345149053,5
GAN,2025-05-26,22:46,47.1980537,-122.5604952,9
GAN,2025-05-26,21:52,47.166703,-122.2949963,9
GAN,2025-05-27,00:27,45.55922913355871,-84.67168473029474,3
GAN,2025-05-26,21:36,36.904951687601496,-111.4592231095832,8
GAN,2025-05-26,20:57,32.514115574017886,-110.89509020811916,3
GAN,2025-05-26,22:16,40.3651349,-74.9367221,9
GAN,2025-05-26,21:27,40.17367226011289,-74.06831260112888,5
GAN,2025-05-26,21:25,40.69153622416433,-80.08463479468762,9
GAN,2025-05-27,00:59,39.76576576576576,-8.813679906266211,8
GAN,2025-05-25,21:42,40.69152481186181,-80.08468220677304,8
GAN,2025-05-26,13:47,-34.8633001,-56.2125792,9
GAN,2025-05-26,11:59,-34.86086249128426,-56.21618270874024,9
GAN,2025-05-26,11:57,-34.8634181888072,-56.21259019364705,9
GAN,2025-05-25,21:44,24.33572197288781,-110.31114509896392,3
GAN,2025-05-25,21:00,33.6818169,-112.3918772,8
GAN,2025-05-25,23:35,40.03552099948415,-82.19763804595702,3
GAN,2025-05-25,23:16,-23.292368,-45.8888467,9
GAN,2025-05-25,22:19,-23.123361558734285,-46.54063008115933,9
GAN,2025-05-25,21:12,-34.8625552,-56.1788323,5
GAN,2025-05-24,22:24,39.6501135,-76.9926861,5
GAN,2025-05-25,21:44,-34.847923,-56.1533726,8
GAN,2025-05-25,21:45,0.0,0.0,9
GAN,2025-05-25,21:27,-23.55510747570264,-47.13505398556829,9
GAN,2025-05-25,21:19,-23.3030653,-47.5141697,5
GAN,2025-05-25,19:11,-34.8650295,-56.1784106,9
GAN,2025-05-25,20:47,41.34937559999999,21.5528045,9
GAN,2025-05-24,22:44,37.62445742808033,-79.55464107355047,3
GAN,2025-05-25,22:05,28.4128179,77.0708482,9
GAN,2025-05-25,21:26,28.3692817,76.996643,9
GAN,2025-05-25,00:31,38.88763425,-119.81836775,3
GAN,2025-05-24,22:41,47.1980342,-122.5605363,7
GAN,2025-05-24,22:32,47.86302189674701,-122.29446557263358,9
GAN,2025-05-24,22:29,47.86306918426772,-122.29461518390832,9
GAN,2025-05-24,21:50,47.1665991,-122.2949332,8
GAN,2025-05-24,21:47,47.25655358072143,-122.58477814190002,8
GAN,2025-05-24,21:04,36.90494868664935,-111.45922497492212,8
GAN,2025-05-24,23:43,40.03559059916876,-82.19761637766783,3
GAN,2025-05-24,22:13,31.5898783,-100.5431534,5
GAN,2025-05-24,23:27,-23.123428541193693,-46.54075291271661,9
GAN,2025-05-24,22:10,-23.1587297,-46.6037475,8
GAN,2025-05-24,22:05,-34.84209227045575,-56.13367544630482,7
GAN,2025-05-24,20:34,-23.950106353326586,-46.575449109077454,9
GAN,2025-05-19,01:01,40.36629662720006,-3.5973358154296875,5
GAN,2025-05-15,00:59,40.42647220195352,-3.5658858244838587,9
GAN,2025-05-05,23:56,40.242427,-3.7592255,7
GAN,2025-05-24,22:15,-26.758517437196065,152.86408672891116,3
GAN,2025-05-24,20:15,-26.759178791131426,152.86433374282635,3
GAN,2025-05-22,20:15,-24.1128797,152.7140185,3
GAN,2025-05-21,20:30,-24.1128797,152.7140185,3
GAN,2025-05-23,23:42,47.0723525,-122.3198803,8
GAN,2025-05-18,22:00,36.02882469946349,-121.5503386566578,8
GAN,2025-05-24,02:43,-34.8211466,-56.1639071,9
GAN,2025-05-24,00:27,51.27824461063934,-98.56145824306807,1
GAN,2025-05-23,21:30,0.0,0.0,5
GAN,2025-05-23,23:37,51.27825523265757,-98.56146197775244,3
GAN,2025-05-23,21:04,36.90494868664935,-111.45922497492212,8
GAN,2025-05-23,20:47,34.6121532,-111.8649266,7
GAN,2025-05-23,22:05,-34.8748668,-56.1731867,9
GAN,2025-05-23,22:05,-34.88288288288288,-56.18531131246868,9
GAN,2025-05-23,11:57,0.0,0.0,1
GAN,2025-05-23,00:37,38.8876454,-119.81837109999998,3
GAN,2025-05-22,22:17,35.28374272801905,-120.84044694900513,8
GAN,2025-05-22,21:52,36.90494812255558,-111.45922495875531,8
GAN,2025-05-23,01:19,-34.836847265033555,-56.20171970376434,9
GAN,2025-05-22,20:50,34.6123906,-111.8653692,7
GAN,2025-05-22,21:32,-23.12342925948327,-46.5407555811292,9
GAN,2025-05-22,21:15,-34.9055016,-56.1851147,9
GAN,2025-05-22,20:12,-34.86888585955373,-56.226184158645474,9
GAN,2025-05-22,01:52,37.99832921470384,-105.6989137190196,1
GAN,2025-05-22,21:36,39.87732,32.8563952,9
GAN,2025-05-22,23:34,34.2018337,77.5065813,5
GAN,2025-05-22,14:15,-34.8557324,-56.1960066,9
GAN,2025-04-28,22:14,40.43337148117447,-3.285911751718422,3
GAN,2025-04-28,22:18,40.43340902347303,-3.286013310925626,3
GAN,2025-05-04,22:53,40.47546615172621,-3.388723682503396,9
GAN,2025-05-21,21:16,33.6815997,-112.3816157,8
GAN,2025-05-20,23:08,40.46506283891439,-3.359488432940916,9
GAN,2025-05-21,21:00,27.33717762969101,-112.26920372807896,8
GAN,2025-05-22,00:27,17.9918695,-66.6528583,7
GAN,2025-05-21,20:57,36.90494530857048,-111.45922660575846,8
GAN,2025-05-21,20:52,-23.2101345,-47.5232786,9
GAN,2025-05-21,21:36,39.87732,32.8563952,9
GAN,2025-05-02,09:30,35.14838397941545,-120.65234056342032,1
GAN,2025-05-20,22:43,44.9620902,-124.0159354,3
GAN,2025-05-21,12:11,-34.1912305,-53.8570119,8
GAN,2025-05-21,10:53,-23.2406125,-45.9144929,9
GAN,2025-05-21,00:52,38.88763761681136,-119.81836766002364,3
GAN,2025-05-21,13:18,32.7784344,78.9922719,7
GAN,2025-05-21,00:13,35.2827524,-120.6596156,7
GAN,2025-05-21,00:04,35.2827524,-120.6596156,7
GAN,2025-05-20,21:37,35.55635546140248,-120.7192114103533,9
GAN,2025-05-19,22:43,35.099316004948534,-111.53672555938988,3
GAN,2025-05-20,22:18,37.16098107436961,-113.45880300861792,5
GAN,2025-05-20,21:52,35.2828623,-106.7186706,5
GAN,2025-05-20,21:04,36.90494159564997,-111.45922895184616,8
GAN,2025-05-20,21:00,33.6818044,-112.3918857,8
GAN,2025-05-20,23:07,-30.2336682,-71.0835145,9
GAN,2025-05-20,22:24,26.0571136,-80.2881536,9
GAN,2025-05-20,21:46,-23.55638436931876,-11.855594879525766,8
GAN,2025-05-20,20:55,-23.1160348,-46.5336416,9
GAN,2025-05-18,19:41,-23.33837033382621,-45.88813004046492,9
GAN,2025-05-20,19:50,-23.477237384645505,-47.010814107662,9
GAN,2025-05-20,22:05,51.1524553,14.9688941,9
GAN,2025-05-19,22:25,39.3762145,-77.154704,5
GAN,2025-05-20,19:58,11.1271225,78.6568942,9
GAN,2025-05-20,01:17,38.88761156799135,-119.81836013219788,3
GAN,2025-05-19,22:15,35.284194875963294,-120.68536691349722,9
GAN,2025-05-20,01:06,41.49287517832768,-81.55033999546977,7
GAN,2025-05-19,20:58,33.6818901,-112.3917619,8
GAN,2025-05-19,21:19,34.51618453229241,-117.43365060778802,5
GAN,2025-05-20,00:07,40.213309989906726,-74.77800569116918,8
GAN,2025-05-19,20:43,33.49481283222376,-111.67442799945924,7
GAN,2025-05-19,23:20,41.73255987016747,-77.64336293915048,9
GAN,2025-05-19,22:32,41.4967767753469,-81.53861710865743,7
GAN,2025-05-19,22:11,41.47872919560806,-81.49921259499695,7
GAN,2025-05-19,22:01,41.50179905735059,-81.48831373129403,7
GAN,2025-05-19,21:43,41.389927074654935,-81.47719261614733,8
GAN,2025-05-19,21:57,40.03560700748973,-82.19759937243298,5
GAN,2025-05-19,21:24,40.86001068149295,-72.5598873183365,9
GAN,2025-05-19,21:42,-23.1689692,-46.6055463,8
GAN,2025-05-17,23:03,35.64401429999999,-121.1893211,5
GAN,2025-05-19,20:25,40.1745755,-74.0677986,9
GAN,2025-05-10,21:00,35.6368759,-120.6545022,5
GAN,2025-05-19,12:53,37.99768523792234,-105.69874143118383,1
GAN,2025-05-19,22:44,52.9915716,70.2274941,9
GAN,2025-05-19,22:43,52.9916917,70.2296936,9
GAN,2025-05-18,23:13,38.88761156799135,-119.81836013219788,3
GAN,2025-05-18,22:05,35.09935982187677,-111.5368666847921,3
GAN,2025-05-18,21:17,33.6818373,-112.3918713,8
GAN,2025-05-19,00:10,37.2439936,-80.019445,5
GAN,2025-05-18,20:42,33.3170155,-111.5971599,8
GAN,2025-05-18,19:35,-28.55171461132321,-56.71582460403442,9
GAN,2025-05-18,18:47,-23.1155873,-46.5532067,7
GAN,2025-05-18,18:26,-23.124830985974928,-46.54321086830633,9
GAN,2025-05-18,22:25,34.1679663,77.4589488,5
GAN,2025-05-13,07:30,40.4416309,-3.592152,9
GAN,2025-04-29,04:10,0.0,0.0,3
GAN,2025-04-28,23:38,26.2310525,-111.9979681,3
GAN,2025-04-28,23:01,26.2682538,-111.9459414,3
GAN,2025-04-28,22:18,26.2630945,-111.9638663,3
GAN,2025-05-16,01:40,40.4524268,-3.133319,1
GAN,2025-05-14,22:38,40.4742533,-3.3864734,9
GAN,2025-05-10,23:33,40.4739545,-3.3754116,9
GAN,2025-05-13,23:12,36.7377981,-119.7871247,9
GAN,2025-05-16,22:51,40.4758433,-3.3868382,9
GAN,2025-05-16,22:32,40.481045,-3.3932241,9
GAN,2025-05-16,22:10,31.7678318,35.2234391,9
GAN,2025-05-14,21:50,36.7916817,-119.4411476,9
GAN,2025-05-16,00:03,36.6087747,-119.4351129,8
GAN,2025-05-15,22:13,-34.9055016,-56.1851147,8
GAN,2025-04-05,20:23,0.0,0.0,9
GAN,2025-04-04,21:21,0.0,0.0,9
GAN,2025-04-03,23:38,0.0,0.0,9
GAN,2025-04-02,22:23,0.0,0.0,9
GAN,2025-04-01,21:19,0.0,0.0,9
GAN,2025-05-15,18:26,-37.4066923,144.9798236,9
GAN,2025-05-14,21:59,33.7649189475897,-118.40770793212133,7
GAN,2025-05-14,20:59,36.7916817,-119.4411476,9
GAN,2025-05-14,23:09,48.371735502996174,10.862293480041792,9
GAN,2025-03-14,20:00,38.1341477,-121.2722194,8
GAN,2025-05-14,21:32,39.87732,32.8563952,9
GAN,2025-05-14,23:27,23.1618796,89.2250876,9
GAN,2025-05-13,21:56,39.94638309572649,-105.00593186544693,9
GAN,2025-05-12,20:30,35.1216424,-120.6212821,9
GAN,2025-05-13,19:51,39.8892599039451,32.80597834128915,9
GAN,2025-05-13,19:50,39.8892600065296,32.805978235584256,9
GAN,2025-05-12,22:29,39.946360855169296,-105.00582160973276,9
GAN,2025-05-12,21:31,40.40178053652463,-104.79034571065264,9
GAN,2025-05-12,01:53,28.1247744,-15.4402816,9
GAN,2025-05-10,20:01,28.6934076,-81.5322149,7
GAN,2025-05-11,22:25,40.035612854072,-82.19761008848218,7
GAN,2025-05-11,22:08,42.71126330000001,-73.1994775,9
GAN,2025-02-28,20:39,39.0845812,-96.0282195,5
GAN,2025-05-11,21:28,40.9553698,-76.8843924,9
GAN,2025-04-20,23:04,38.86833441935327,-99.34093895060144,9
GAN,2025-05-07,22:10,41.3446239,21.5709709,9
GAN,2025-05-07,21:05,41.3481645820917,21.571176715606978,9
GAN,2025-04-27,00:12,31.8746972,35.217757,7
GAN,2025-05-10,21:50,0.0,0.0,9
GAN,2025-05-11,14:37,0.0,0.0,8
GAN,2025-05-11,14:34,45.60132760655169,10.05688129726206,9
GAN,2025-03-17,22:00,55.994373,92.77404,7
GAN,2025-05-10,23:40,40.035574676270535,-82.19764324231049,7
GAN,2025-05-11,02:12,23.1618072,89.224908,9
GAN,2025-05-10,20:32,0.0,0.0,9
GAN,2025-03-21,20:57,0.0,0.0,9
GAN,2025-05-09,22:37,40.5962752,-105.0902528,9
GAN,2025-05-09,22:03,35.58133,-80.87593,9
GAN,2025-05-06,21:52,35.5931059160649,-80.88416374578786,9
GAN,2025-05-09,22:09,39.0015229,-76.6747716,7
GAN,2025-05-09,21:45,40.03560111843268,-82.19761358438231,7
GAN,2025-05-09,20:31,39.25617356535486,-94.9054136803812,1
GAN,2025-05-09,21:37,39.87732,32.8563952,9
GAN,2025-04-27,00:02,40.3772059,-105.5216651,9
GAN,2025-04-06,21:44,43.52707483822399,-114.31792978563156,3
GAN,2025-04-28,22:51,43.527155990060194,-114.31799547736996,3
GAN,2025-05-08,21:19,40.0883712,-104.8051712,8
GAN,2025-04-26,23:57,40.4742533,-3.3864734,9
GAN,2025-04-18,23:53,40.4524268,-3.133319,1
GAN,2025-04-25,23:46,40.5053844,-3.3331936,9
GAN,2025-04-20,21:14,40.6917331,-80.0625592,5
GAN,2025-02-28,21:56,39.4748693,-118.7770407,9
GAN,2025-05-06,19:23,40.691643924653626,-80.06250964928856,5
GAN,2025-05-02,23:43,40.4801153,-3.7346836,9
GAN,2025-05-01,23:28,36.4832206,-4.9754969,9
GAN,2025-05-05,20:56,40.68451659999999,-80.1345497,7
GAN,2025-04-28,23:11,47.01829600946473,-122.25480720686474,3
GAN,2025-04-25,22:06,47.01779816828213,-122.25428433553122,5
GAN,2025-04-28,22:07,47.017294898184026,-122.2541891150779,9
GAN,2025-04-25,22:33,47.01773248810213,-122.2542052501214,9
GAN,2025-04-23,22:15,47.26785996158824,-122.75966255225556,8
GAN,2025-05-07,22:26,40.87808,-124.1055232,9
GAN,2025-05-07,23:22,38.910042425694606,-77.17088284421692,5
GAN,2025-04-23,21:37,47.16994612279751,-122.28850535734328,7
GAN,2025-04-24,23:00,47.1770777,-122.1868601,5
GAN,2025-05-07,21:51,0.0,0.0,9
GAN,2025-03-11,22:16,0.0,0.0,5
GAN,2025-05-07,15:54,39.9375847542366,32.63471607932911,9
GAN,2025-05-07,15:52,39.93760444551141,32.63468921976419,9
GAN,2025-05-07,13:25,38.06642913453522,23.85882758642854,9
GAN,2025-05-07,04:30,40.95476322956342,-76.88399122850427,9
GAN,2025-05-07,04:45,40.9547583040765,-76.88400341239563,9
GAN,2025-04-22,21:20,36.07124328607111,-94.17012023898752,1
GAN,2025-05-05,21:26,36.1339942,-120.2403979,8
GAN,2025-05-05,23:22,36.137302,-120.356842,9
GAN,2025-04-12,22:09,40.7003884,-80.1068315,9
GAN,2025-05-06,22:58,40.0583238,-74.4056612,9
GAN,2025-05-06,22:17,39.9931696,-74.7855812,9
GAN,2025-05-06,21:02,39.97858563951349,-74.88944670639079,7
GAN,2025-05-06,10:06,39.7410304,-104.8838144,9
GAN,2025-04-28,21:32,42.449464584573526,-72.67870879317758,3
GAN,2025-05-06,14:03,39.9375233,32.6347161,9
GAN,2025-05-06,03:25,38.88734310573902,-119.81828348753317,3
GAN,2025-05-06,10:43,39.9375358,32.6347658,9
GAN,2025-05-05,21:28,37.33874,-121.8852525,9
GAN,2025-04-28,00:23,39.94321452620147,-75.04224519481848,9
GAN,2025-04-28,09:10,39.90820178150887,-75.01358289088616,9
GAN,2025-05-05,22:38,35.5820319,-80.8140473,7
GAN,2025-05-05,08:38,47.68529279386853,-122.3204207573431,9
GAN,2025-05-04,23:19,40.07143716104824,-105.23403303615584,8
GAN,2025-05-04,21:58,38.87038951583819,-99.30495599184049,8
GAN,2025-05-02,20:00,41.3427915,21.5681633,1
GAN,2025-05-02,20:00,41.3446598,21.5709711,1
GAN,2025-04-24,21:40,35.8726,-84.1375,9
GAN,2025-04-26,21:30,35.88113737167977,-84.16945538401524,8
GAN,2025-05-02,20:58,40.68451659999999,-80.1345497,8
GAN,2025-05-04,05:15,32.56857166881767,-96.9561046234001,7
GAN,2025-03-14,02:41,40.95873980474872,-76.88534928764368,9
GAN,2025-05-04,00:44,39.9940572,-74.8737816,7
GAN,2025-05-03,23:21,40.41672790000001,-3.7032905,9
GAN,2025-04-25,21:25,40.5068164,-3.3702819,9
GAN,2025-05-03,21:54,41.34937559999999,21.5528045,9
GAN,2025-05-03,21:54,41.34937559999999,21.5528045,9
GAN,2025-04-28,00:08,40.0079532,-105.2672474,9
GAN,2025-04-28,12:07,40.007962,-105.2672351,9
GAN,2025-04-15,21:59,40.4344286,-3.7131782,9
GAN,2025-05-02,23:52,0.0,0.0,7
GAN,2025-05-02,22:09,33.3703197,-112.5837766,5
GAN,2025-05-02,23:45,33.6101376,-112.1452032,9
GAN,2025-05-02,21:37,33.4255104,-111.9400054,9
GAN,2025-05-02,23:17,33.37872602998205,-111.95501761318933,7
GAN,2025-05-02,23:21,33.42449853426603,-111.93954113098955,9
GAN,2025-05-02,22:19,34.971287645107445,-110.97917166598316,9
GAN,2025-05-02,22:10,33.38366778466917,-111.91943704976296,9
GAN,2025-04-28,21:53,33.41799962494128,-111.9208555878767,9
GAN,2025-05-03,00:47,33.4255104,-111.9400054,9
GAN,2025-05-02,21:43,33.41795502559951,-111.92088128651872,9
GAN,2025-05-02,21:43,33.417955025460685,-111.92088128644008,9
GAN,2025-05-02,21:43,33.41795502525749,-111.92088128632452,9
GAN,2025-05-01,21:31,33.413265208583795,-111.92725242097576,3
GAN,2025-05-02,20:42,33.7228761634933,-111.7183763684004,9
GAN,2025-05-02,20:25,33.4948764,-111.9216734,9
GAN,2025-05-02,20:03,33.5910441,-111.7972384,9
GAN,2025-05-02,20:01,33.675897895531,-117.84813540440209,9
GAN,2025-05-02,20:02,33.4883912248789,-111.97177807585452,9
GAN,2025-05-02,19:57,33.41930418944666,-111.92566173270788,9
GAN,2025-05-01,21:30,33.4482266,-112.0776781,9
GAN,2025-04-28,01:21,-26.795692658608413,152.9956636927144,3
GAN,2025-04-28,01:14,-26.80854886244798,152.9683440746116,5
GAN,2025-04-28,01:05,-26.785845742158845,152.9206567717266,3
GAN,2025-04-28,00:55,-26.7313709,152.9019655,3
GAN,2025-04-28,00:46,-26.691772918375104,152.8925379676028,3
GAN,2025-05-02,21:02,42.29457937985833,-71.30662473867052,8
GAN,2025-04-28,00:34,-26.65210577149301,152.87744774546982,3
GAN,2025-04-28,00:24,-26.62884216153188,152.861956431837,3
GAN,2025-04-28,00:09,-26.649627264247336,152.81198130106367,3
GAN,2025-04-27,23:59,-26.630416674450014,152.76778792246273,3
GAN,2025-04-27,23:15,-26.5878355,152.7363909,3
GAN,2025-04-27,22:55,-26.5992101,152.7268773,3
GAN,2025-04-27,22:48,-26.6245446,152.689283,3
GAN,2025-04-27,22:37,-26.6785203,152.6955846,3
GAN,2025-04-27,21:36,-26.71221498677739,152.70117831601672,3
GAN,2025-04-27,21:23,-26.727760772166263,152.76314485434804,3
GAN,2025-04-27,20:33,-26.6840436597605,152.76008409388382,3
GAN,2025-04-27,20:00,-26.688032465470755,152.804670902883,3
GAN,2025-04-27,19:44,-26.725949142823023,152.82392206834004,3
GAN,2025-04-27,18:45,-26.7603083,152.8098306,3
GAN,2025-04-27,18:45,-26.75976379081067,152.86398619165186,3
GAN,2025-05-02,20:10,40.0167104,-74.9326092,9
GAN,2025-05-02,20:58,-31.303634731334256,-57.81035603215312,9
GAN,2025-05-01,21:31,33.4255104,-111.9400054,9
GAN,2025-05-02,20:03,-31.3781372,-57.9707749,9
GAN,2025-05-01,21:30,33.3122624,-112.0357137,9
GAN,2025-05-01,20:56,33.39818151482531,-111.94202775713649,8
GAN,2025-05-01,14:03,33.4255104,-111.9400054,9
GAN,2025-05-02,11:03,33.384975792442255,-111.95398846108716,9
GAN,2025-04-29,21:24,33.3061605,-111.8412502,9
GAN,2025-04-04,21:25,0.0,0.0,1
GAN,2025-04-25,20:35,0.0,0.0,9
GAN,2025-05-01,21:11,39.9384112,-75.0216561,7
GAN,2025-05-02,03:08,38.887406353599694,-119.81830147886411,3
GAN,2025-05-02,00:03,0.0,0.0,7
GAN,2025-05-01,23:37,33.47598024385899,-112.00732948530076,9
GAN,2025-05-01,22:44,37.3368721,-121.7879988,9
GAN,2025-05-01,20:37,0.0,0.0,9
GAN,2025-05-01,22:18,33.177294,-111.5468301,5
GAN,2025-05-01,20:58,32.30208028605378,-110.87949244781908,5
GAN,2025-05-01,20:58,33.3528264,-111.789027,9
GAN,2025-05-01,21:02,41.8781136,-87.6297982,5
GAN,2025-04-30,01:05,39.9984121519791,-105.26188152562467,9
GAN,2025-04-30,01:35,40.0027671,-105.2958566,8
GAN,2025-05-01,23:27,38.91003627765117,-77.17093639657672,9
GAN,2025-04-22,23:17,38.1768636,-83.4357151,8
GAN,2025-04-30,23:32,41.59065289999999,-72.9963473,9
GAN,2025-05-01,19:19,39.4787439,-104.9446664,9
GAN,2025-03-29,21:42,39.285191,-106.9024702,1
GAN,2025-04-29,20:46,33.9608961,-117.5931738,9
GAN,2025-04-30,21:30,40.601826793675805,-111.58353051678807,5
GAN,2025-05-01,02:00,33.4190217,-111.9623204,5
GAN,2025-05-01,15:10,33.4153218,-111.9403137,9
GAN,2025-05-01,18:56,-31.3797983,-57.9697225,1
GAN,2025-04-30,22:52,33.45437121337994,-112.07514404709092,9
GAN,2025-04-26,22:57,39.9582261,-105.3386205,7
GAN,2025-04-20,22:32,40.5068164,-3.3702819,9
GAN,2025-05-01,13:39,40.012353737448166,-105.27953510238504,9
GAN,2025-04-28,22:30,39.962203827710745,-105.3578831044554,5
GAN,2025-04-30,00:34,33.39921874370559,-111.60330453746708,9
GAN,2025-05-01,22:57,29.2750867,82.1873926,3
GAN,2025-05-01,19:00,-8.178552936834926,111.20441023714972,3
GAN,2025-05-01,19:00,-8.178500805136283,111.20446985921296,3
GAN,2025-05-01,14:09,0.0,0.0,9
GAN,2025-04-30,23:45,46.75700949883736,8.069867871306723,3
GAN,2025-04-30,23:35,46.757264193558825,8.066129804447835,3
GAN,2025-04-30,20:51,-37.7986985,144.9602156,8
GAN,2025-04-30,22:41,33.505358646871635,-112.04925900403808,9
GAN,2025-04-25,22:44,34.1722605,-118.5447573,3
GAN,2025-04-27,21:18,34.0730715,-118.4016265,8
GAN,2025-04-27,21:34,40.0000091,-105.2819276,3
GAN,2025-04-30,20:47,33.41550540868934,-111.92808532791436,9
GAN,2025-04-29,21:45,33.4287015,-111.8818222,9
GAN,2025-04-22,23:25,40.0713335,-105.2327245,5
GAN,2025-04-23,23:34,38.1768636,-83.4357151,9
GAN,2025-04-27,22:26,38.1768636,-83.4357151,9
GAN,2025-04-29,22:25,40.0016525,-105.3074913,3
GAN,2025-04-29,22:25,40.00295709223569,-105.26198892501765,3
GAN,2025-04-29,21:15,40.00295709223569,-105.26198892501765,8
GAN,2025-04-26,21:35,39.953613821893285,-105.33708133999176,3
GAN,2025-04-26,20:55,40.00030976915696,-105.26780979728493,8
GAN,2025-04-30,19:28,40.000505820744166,-105.2677744275788,8
GAN,2025-04-30,21:26,43.8903251,-72.19755339999999,3
GAN,2025-04-30,20:48,43.8903251,-72.19755339999999,9
GAN,2025-04-20,22:52,38.1768636,-83.4357151,9
GAN,2025-04-23,22:52,0.0,0.0,8
GAN,2025-04-25,21:57,38.1768636,-83.4357151,9
GAN,2025-04-26,21:49,40.018821,-105.2782183,9
GAN,2025-04-30,20:39,40.8722395,-74.5871024,8
GAN,2025-04-29,20:46,39.38106629590775,-74.57048803801489,8
GAN,2025-04-29,21:22,41.3446632,21.5709812,1
GAN,2025-05-01,01:21,41.344661,21.5709804,1
GAN,2025-04-29,20:30,41.34555570000001,21.554335,9
GAN,2025-04-30,20:10,-31.369124,-57.9732749,5
GAN,2025-04-28,21:15,40.0189728,-105.2747406,8
GAN,2025-04-26,20:00,40.0189728,-105.2747406,8
GAN,2025-04-26,20:00,40.0189728,-105.2747406,9
GAN,2025-04-26,16:50,40.0189728,-105.2747406,8
GAN,2025-04-26,20:00,40.0189728,-105.2747406,7
GAN,2025-04-28,21:15,40.0189728,-105.2747406,9
GAN,2025-04-28,01:34,39.998879512018746,-105.24859740532489,5
GAN,2025-04-28,21:46,33.42894047439769,-111.88632636227511,9
GAN,2025-04-28,03:01,43.13468250382648,-5.635633636959227,3
GAN,2025-04-25,04:34,43.13601455891577,-5.633991039762567,3
GAN,2025-04-24,04:27,42.796664853485694,-5.988321809615576,3
GAN,2025-04-28,22:30,50.5355212032204,14.131915758856724,9
GAN,2025-04-26,21:30,29.5566358,-98.4997518,3
GAN,2025-04-25,21:45,40.008662,-105.2734508,7
GAN,2025-04-23,21:45,38.1648896,-83.4535424,9
GAN,2025-04-23,21:30,37.32701543379656,-83.62275113958081,9
GAN,2025-04-26,21:45,39.99815374630566,-105.24866776915746,8
GAN,2025-04-26,21:45,39.99797360090783,-105.24852186302093,8
GAN,2025-03-22,23:15,43.69075707963081,-114.39813784704091,3
GAN,2025-04-28,21:43,39.9971884,-105.2794615,5
GAN,2025-04-30,11:04,0.0,0.0,9
GAN,2025-04-29,21:40,47.232784089196656,-122.55070783311398,9
GAN,2025-04-30,11:49,39.8912248,-74.9218324,9
GAN,2025-04-28,23:27,50.606556307359625,14.16240692138672,7
GAN,2025-04-28,17:23,50.60028137507551,14.179588906622351,5
GAN,2025-04-29,00:00,38.188985396926725,-83.43178746513055,9
GAN,2025-04-28,22:00,38.189035772070106,-83.431811701288,1
GAN,2025-04-30,12:52,41.8341658,14.267677,3
GAN,2025-04-30,03:00,0.0,0.0,3
GAN,2025-04-30,04:59,33.6665788,-86.67639,9
GAN,2025-04-30,02:45,46.75794956628437,8.072849578252272,3
GAN,2025-04-28,23:12,33.4626349,-86.7355137,8
GAN,2025-04-29,23:46,33.41895576067492,-111.92543666292168,9
GAN,2025-04-29,22:55,34.18710103733781,-117.42708979889984,8
GAN,2025-04-29,23:45,41.947601441744766,-88.46067269998821,7
GAN,2025-04-26,21:14,33.3321121,-86.5852513,8
GAN,2025-04-27,22:00,0.0,0.0,8
GAN,2025-04-27,22:30,80.97847200228597,-54.1488698453125,8
GAN,2025-04-27,22:30,40.9502762,-76.8824162,9
GAN,2025-04-29,20:00,33.6925986,135.3379217,5
GAN,2025-04-27,22:00,40.9502762,-76.8824162,9
GAN,2025-04-29,22:48,34.11021169868236,-86.88505516793258,9
GAN,2025-04-29,20:01,33.6927167,135.3376006,5
GAN,2025-04-29,23:43,40.95413299805312,-76.88621326864161,9
GAN,2025-04-29,22:41,33.502086,-86.8051588,9
GAN,2025-04-29,22:43,33.50412073436036,-86.81066859244434,9
GAN,2025-04-28,21:44,33.57114025868889,-86.70330572974703,9
GAN,2025-04-29,23:32,40.95424235726964,-76.88486615220651,9
GAN,2025-04-29,22:29,30.383667568599613,-91.15589041424585,3
GAN,2025-04-28,21:44,33.5712503,-86.7032931,9
GAN,2025-04-26,20:48,39.57831805248307,-106.10865662684964,3
GAN,2025-04-29,20:44,39.57830104027934,-106.10767681971102,3
GAN,2025-04-26,20:43,40.00569470273788,-105.26568602916532,3
GAN,2025-04-26,20:44,34.716495,-86.673621,9
GAN,2025-04-29,21:23,33.499964696390435,-86.80400542684183,9
GAN,2025-04-29,22:03,38.91003211492846,-77.17090828710528,9
GAN,2025-04-29,20:59,29.5446076,-95.0982773,9
GAN,2025-04-29,21:01,0.0,0.0,9
GAN,2025-04-29,21:50,34.108545585620824,-83.86987933659864,9
GAN,2025-04-29,20:32,33.5909365,-86.49081679999999,9
GAN,2025-04-28,21:27,40.955124801364775,-76.8852350913018,8
GAN,2025-04-29,20:26,33.5069381,-86.81596859999999,9
GAN,2025-04-29,20:04,0.0,0.0,9
GAN,2025-04-28,22:00,42.2939355,-71.3034209,5
GAN,2025-04-29,21:29,-31.3879469,-57.961187,9
GAN,2025-04-23,21:34,40.144985939466274,-105.28057851470004,3
GAN,2025-04-19,21:27,33.427133,-86.68609099999999,9
GAN,2025-04-28,20:45,40.0064044,-105.2642952,9
GAN,2025-04-28,02:30,36.1526631,-81.7064803,3
GAN,2025-04-28,21:42,40.0093469,-105.293838,9
GAN,2025-04-25,20:26,33.6389491,-86.7955432,7
GAN,2025-04-29,15:21,40.0060463,-105.2675692,9
GAN,2025-04-25,23:27,40.0060463,-105.2675692,9
GAN,2025-04-28,21:45,38.9764364,-76.489642,5
GAN,2025-04-18,22:27,40.94999219560728,-76.8802131334827,9
GAN,2025-04-29,12:52,40.00791236586348,-105.26740894630606,9
GAN,2025-04-27,01:03,40.0005081,-104.9421962,9
GAN,2025-04-27,00:33,40.009665,-105.2800799,9
GAN,2025-04-28,21:22,41.59065289999999,-72.9963473,9
GAN,2025-04-28,23:30,40.9645293,-76.8844101,9
GAN,2025-04-24,21:30,40.9645293,-76.8844101,8
GAN,2025-04-27,22:30,39.9911869,-105.3194973,3
GAN,2025-04-21,21:00,36.899769,-104.441406,7
GAN,2025-04-27,10:18,39.989992,-105.319891,5
GAN,2025-04-28,23:12,34.13567116271463,-86.81157904994866,9
GAN,2025-04-28,20:52,40.0016525,-105.3074913,9
GAN,2025-04-26,22:33,32.60887258901344,-86.39267109207204,3
GAN,2025-04-04,22:04,33.5185892,-86.8103567,8
GAN,2025-04-27,21:28,40.95393877736858,-76.8867839440902,9
GAN,2025-04-28,21:31,40.95480960268166,-76.88400708196362,9
GAN,2025-04-29,03:22,38.8873286380466,-119.81827945962335,3
GAN,2025-04-29,00:25,50.71006248953893,4.687699265072656,3
GAN,2025-04-28,22:00,37.0029828,-121.5566373,9
GAN,2025-04-28,22:45,37.0029828,-121.5566373,9
GAN,2025-04-28,22:00,37.0029828,-121.5566373,9
GAN,2025-04-28,23:41,33.4385076,-86.83725679999999,9
GAN,2025-04-28,22:29,40.9089201,-123.6596995,9
GAN,2025-04-28,22:22,37.259125824502185,-121.94536763478422,7
GAN,2025-04-28,22:24,32.8146318,-117.1101896,9
GAN,2025-04-28,22:12,37.33874,-121.8852525,9
GAN,2025-04-28,22:11,47.25938685277485,-122.58348764340408,8
GAN,2025-04-28,22:09,33.177294,-111.5468301,5
GAN,2025-04-28,23:58,33.499839290234895,-86.8039775637032,9
GAN,2025-04-28,21:46,33.4255104,-111.9400054,9
GAN,2025-04-28,21:30,37.2198822,-122.0386252,5
GAN,2025-04-28,21:41,37.3453198,-121.9501433,8
GAN,2025-04-29,00:22,40.95419345954508,-76.88234945237811,8
GAN,2025-04-28,21:28,32.6104016740394,-110.79739935291283,3
GAN,2025-04-28,23:48,40.95539288355246,-76.88514383581507,9
GAN,2025-04-28,23:52,38.1856633,-83.4284315,9
GAN,2025-04-28,20:45,0.0,0.0,8
GAN,2025-04-28,23:12,33.4495320187586,-86.89473291930399,9
GAN,2025-04-28,23:15,0.0,0.0,9
GAN,2025-04-28,22:00,38.19459876710682,-83.42444932218037,9
GAN,2025-04-28,23:01,33.497440991572304,-86.80863316391672,9
GAN,2025-04-28,22:30,33.5259205,-86.7721633,9
GAN,2025-04-28,21:01,37.26932502051372,-122.02283797202102,9
GAN,2025-04-28,23:01,33.50268627076027,-86.81059890551758,9
GAN,2025-04-28,20:57,37.24699409999999,-121.9492487,8
GAN,2025-04-28,22:50,33.4843529,-86.8228625,9
GAN,2025-04-28,23:47,33.89942186619454,-84.52498519390537,8
GAN,2025-04-28,21:41,39.98618155326613,-104.79292146466754,9
GAN,2025-04-28,21:40,40.0060108,-105.2925266,9
GAN,2025-04-28,20:40,33.42095386933532,-111.89678031249028,9
GAN,2025-04-28,20:38,33.4206315567174,-111.89695795968676,9
GAN,2025-04-28,21:38,39.9861530435668,-104.79274349000008,9
GAN,2025-04-28,22:35,33.4964288,-86.875085,9
GAN,2025-04-28,20:37,33.42073092556184,-111.89662464456836,9
GAN,2025-04-28,20:33,33.5756195,-112.0068165,9
GAN,2025-04-28,20:25,33.42106348293549,-111.89673101082668,9
GAN,2025-04-28,20:27,33.41931889626322,-111.9256485396584,9
GAN,2025-04-28,20:07,33.2086151,-111.8260116,8
GAN,2025-04-28,22:03,33.4482302,-86.7925061,9
GAN,2025-04-28,21:40,33.4998254,-86.8022809,9
GAN,2025-04-28,22:38,40.9553271,-76.8843017,8
GAN,2025-04-28,21:33,33.6345662,-86.8616144,9
GAN,2025-04-28,22:18,38.8807941,-77.1804556,9
GAN,2025-04-28,22:33,40.03559735783927,-82.1975890517717,5
GAN,2025-04-28,22:25,40.955566305154655,-76.88447539627234,7
GAN,2025-04-28,21:23,33.09192873452622,-86.72139675333831,9
GAN,2025-04-28,22:22,40.95474988749401,-76.88352726788041,7
GAN,2025-04-28,21:23,33.334319531720915,-86.44408629036171,9
GAN,2025-04-28,22:22,38.1768636,-83.4357151,8
GAN,2025-04-28,22:01,40.955371069649296,-76.88568691383115,5
GAN,2025-04-28,22:10,40.95070594197497,-76.88242682199933,9
GAN,2025-04-28,22:10,40.950484939660605,-76.88281814379813,8
GAN,2025-04-28,22:11,40.9543551,-76.88262940000001,3
GAN,2025-04-28,23:10,-31.3879469,-57.961187,9
GAN,2025-04-28,22:10,40.94704192595499,-76.87543160035752,8
GAN,2025-04-28,22:01,40.95551853680985,-76.88468261190337,5
GAN,2025-04-28,22:01,40.9545078,-76.883505,8
GAN,2025-04-28,21:00,33.15525314309749,-87.74399849894513,7
GAN,2025-04-28,21:02,33.2975372,-86.7941159,9
GAN,2025-04-28,22:02,39.3762145,-77.154704,5
GAN,2025-04-28,21:54,40.954389626714246,-76.88266609140828,8
GAN,2025-04-28,21:55,40.95150678126002,-76.8830417879742,8
GAN,2025-04-28,20:30,40.95463071183798,-76.88352435302211,9
GAN,2025-04-28,21:57,35.928112085736345,-84.15010938240299,9
GAN,2025-04-28,19:57,40.002026503038216,-105.26710267347022,1
GAN,2025-04-28,21:47,40.954840048785,-76.88405830385247,9
GAN,2025-04-28,21:31,40.4386612,-79.99723519999999,9
GAN,2025-04-28,20:32,33.8508791,-86.85473329999999,5
GAN,2025-04-28,20:25,33.5009384,-86.75221069999999,9
GAN,2025-04-28,20:22,33.2690613,-86.8293348,8
GAN,2025-04-28,21:21,40.95482023857648,-76.88408755745633,7
GAN,2025-04-28,21:15,34.6801401,-77.2037233,5
GAN,2025-04-28,21:07,40.95460309800483,-76.8836282270741,5
GAN,2025-04-28,21:06,40.954833625373695,-76.88393805277654,9
GAN,2025-04-28,22:13,-31.3879469,-57.961187,9
GAN,2025-04-28,21:15,40.950480151767934,-76.88030097542321,8
GAN,2025-04-28,21:06,40.95044016486393,-76.88059959778921,8
GAN,2025-04-28,21:12,40.95053472652171,-76.88023237497482,8
GAN,2025-04-28,21:10,40.9581789,-76.8850385,8
GAN,2025-04-28,21:01,0.0,0.0,9
GAN,2025-04-28,20:00,33.50211097353016,-86.80516719818115,9
GAN,2025-04-28,19:56,33.5185892,-86.8103567,9
GAN,2025-04-28,21:08,-34.848552824390964,-56.13517780892918,3
GAN,2025-04-29,04:12,29.7800541,81.9494422,3
GAN,2025-04-27,22:16,33.5171033,-86.8477967,7
GAN,2025-04-08,21:30,40.951517915043766,-76.88321459661036,9
GAN,2025-04-28,22:38,50.2388759,12.1595448,7
GAN,2025-04-28,21:51,41.34937559999999,21.5528045,9
GAN,2025-04-28,21:40,54.3596097,18.6567864,8
GAN,2025-04-28,21:34,50.0833738,14.4462074,9
GAN,2025-04-28,21:42,31.7939856,35.2449217,7
GAN,2025-04-24,00:18,38.3805603,-82.7950846,8
GAN,2025-04-24,00:08,39.3194703,-81.4924181,8
GAN,2025-04-27,18:49,38.9764364,-76.489642,9
GAN,2025-04-28,07:21,38.939132806186656,-76.48470158424996,7
GAN,2025-04-26,19:15,-7.755966812325298,113.20562658556236,9
GAN,2025-04-28,18:57,-27.469192649202363,153.06745567899716,5
GAN,2025-04-28,01:42,33.3805602,-111.9321868,8
GAN,2025-04-28,00:18,47.8070571,-120.7265714,3
GAN,2025-04-27,23:28,47.55867118630026,-120.6728817037557,3
GAN,2025-04-27,23:42,33.41453457087711,-111.92503947842069,9
GAN,2025-04-27,23:45,33.3897576,-111.9343636,9
GAN,2025-04-27,22:26,33.4255104,-111.9400054,9
GAN,2025-04-26,21:46,33.454285679313564,-112.07565535996918,9
GAN,2025-04-27,20:21,33.8128858916271,-112.04752340858774,8
GAN,2025-04-27,23:05,33.4234625873692,-111.9410139367386,9
GAN,2025-04-27,23:17,33.4255104,-111.9400054,8
GAN,2025-04-25,20:15,33.454285679313585,-112.07565535996918,9
GAN,2025-04-27,23:08,33.3559455,-111.95003,9
GAN,2025-04-28,01:11,33.6476417,-86.4956768,5
GAN,2025-04-27,23:03,33.4168064,-111.919104,9
GAN,2025-04-27,22:37,33.43766792781984,-112.01572083844805,9
GAN,2025-04-27,22:24,47.2356536,-122.5504041,7
GAN,2025-04-28,00:32,33.4886944,-86.80785259999999,9
GAN,2025-04-27,20:30,33.6818383,-112.3917266,8
GAN,2025-04-27,22:17,47.12244648237392,-122.25083497299414,7
GAN,2025-04-27,20:15,33.2423929,-111.629905,9
GAN,2025-04-27,01:02,33.40268665133111,-111.61472351529254,9
GAN,2025-04-27,23:06,40.00594783379178,-105.26742847738912,7
GAN,2025-04-27,21:57,33.4255104,-111.9400054,9
GAN,2025-04-26,22:11,33.489228144185745,-111.49496640182092,9
GAN,2025-04-27,21:41,33.5053652561369,-112.04919520894892,9
GAN,2025-04-27,21:40,33.4255104,-111.9400054,8
GAN,2025-04-27,22:21,33.49914101472001,-86.80253411397831,9
GAN,2025-04-27,22:24,0.0,0.0,9
GAN,2025-04-27,23:30,0.0,0.0,9
GAN,2025-04-27,23:30,41.86324718277391,-88.3555206015876,9
GAN,2025-04-27,22:23,33.49918488641472,-86.80252466817235,9
GAN,2025-04-27,23:20,33.5185892,-86.8103567,9
GAN,2025-04-27,23:22,41.8500284,-88.3125738,9
GAN,2025-04-26,20:35,33.59848217160029,-112.1006250108584,8
GAN,2025-04-27,23:18,41.8500284,-88.3125738,9
GAN,2025-04-27,21:14,33.4255104,-111.9400054,9
GAN,2025-04-25,21:13,33.4809708,-112.1901543,9
GAN,2025-04-27,21:08,33.37854472233961,-111.95480588250786,9
GAN,2025-04-25,21:21,33.30962711470976,-111.75089793974097,9
GAN,2025-04-27,20:42,0.0,0.0,9
GAN,2025-04-27,22:38,33.5851487,-86.4641005,9
GAN,2025-04-27,22:11,40.9502762,-76.8824162,7
GAN,2025-04-27,22:36,0.0,0.0,9
GAN,2025-04-26,20:15,33.1765091,-86.31335500000002,9
GAN,2025-04-27,21:29,40.95479650812268,-76.88409952017564,8
GAN,2025-04-22,22:15,40.0713335,-105.2327245,5
GAN,2025-04-19,22:30,39.9582261,-105.3386205,3
GAN,2025-04-27,21:19,40.95541754811239,-76.88547969171547,8
GAN,2025-04-27,20:19,33.4131919067202,-111.91817050205712,9
GAN,2025-04-22,22:15,40.0859012,-105.207177,5
GAN,2025-04-27,22:21,33.62077655742576,-86.19610515403103,8
GAN,2025-04-24,21:40,40.0034564,-105.2611058,9
GAN,2025-04-27,22:55,38.0883221,-83.48323846,5
GAN,2025-04-24,21:40,40.0033759,-105.2612866,9
GAN,2025-04-17,21:11,40.0060463,-105.2675692,8
GAN,2025-04-27,20:11,33.4844581,-111.9145266,9
GAN,2025-04-17,21:07,40.0060463,-105.2675692,8
GAN,2025-04-27,20:03,33.3558781,-111.9578447,7
GAN,2025-04-27,21:53,33.54622374292642,-86.17264366279512,9
GAN,2025-04-27,21:56,33.78288555247053,-86.47852934964686,9
GAN,2025-04-27,22:53,40.9645293,-76.8844101,8
GAN,2025-04-27,22:53,40.9645293,-76.8844101,8
GAN,2025-04-27,21:52,33.654037536795485,-86.40794945322163,5
GAN,2025-04-27,20:49,40.9502762,-76.8824162,5
GAN,2025-04-27,22:36,40.9645293,-76.8844101,9
GAN,2025-04-27,22:37,40.9645293,-76.8844101,9
GAN,2025-04-27,21:42,33.476803236872655,-86.79826403931253,9
GAN,2025-04-27,22:36,39.5629329391648,-78.6909453090664,7
GAN,2025-04-27,22:39,40.03559860409048,-82.19759136016941,3
GAN,2025-04-27,21:23,33.65323900910144,-86.81358211559719,8
GAN,2025-04-27,22:13,40.95521498559539,-76.88462290054585,9
GAN,2025-04-27,19:09,33.384835191553144,-111.953857179245,9
GAN,2025-04-26,23:09,33.419735,-111.9164663,9
GAN,2025-04-27,21:30,38.909941553949565,-76.53119004260546,8
GAN,2025-04-26,20:15,-7.755881663458083,113.20563686429117,9
GAN,2025-04-27,21:58,40.95097580351843,-76.88159096052316,8
GAN,2025-04-27,21:57,40.95475638207856,-76.88399140887798,9
GAN,2025-04-27,21:44,-36.8304298,-73.11671919999999,9
GAN,2025-04-27,21:47,40.95575471052958,-76.88478677930387,9
GAN,2025-04-27,21:41,40.950166187988735,-76.88223147031303,7
GAN,2025-04-27,21:30,37.2088238,-77.4354503,7
GAN,2025-04-27,21:29,38.9250444,-76.5192813,7
GAN,2025-04-27,21:28,40.9502762,-76.8824162,8
GAN,2025-04-27,21:31,77.157162522661,-87.14667778470111,5
GAN,2025-04-27,21:31,38.93043044594999,-76.50921374323799,7
GAN,2025-04-27,21:32,38.93049926940496,-76.50932146055061,7
GAN,2025-04-27,21:29,40.8960161,-74.0817666,8
GAN,2025-04-27,21:14,40.95548279893394,-76.88475938817494,9
GAN,2025-04-27,21:29,40.9552796,-76.8845011,9
GAN,2025-04-27,21:21,26.3117362,-80.1528577,7
GAN,2025-04-27,21:24,38.9305639174198,-76.50938359096321,7
GAN,2025-04-27,21:26,40.9550288,-76.8841189,9
GAN,2025-04-27,20:45,40.9547722,-76.88507589999999,9
GAN,2025-04-27,21:21,38.9377307,-76.5008178,9
GAN,2025-04-27,21:21,38.9250254,-76.519052,5
GAN,2025-04-27,21:13,38.9235971,-76.5182777,5
GAN,2025-04-27,21:09,40.95045510120397,-76.88231800854989,9
GAN,2025-04-27,20:59,40.52749319999999,-80.05047789999999,9
GAN,2025-04-27,20:51,30.1334528,-81.7659904,1
GAN,2025-04-27,20:52,38.9359831,-76.4910093,9
GAN,2025-04-27,20:15,40.6467403,-73.8929639,9
GAN,2025-04-27,16:44,33.40669562810584,-111.92451513733712,7
GAN,2025-04-27,19:28,-34.8680111,-56.156503,9
GAN,2025-04-27,19:28,-34.83775411316216,-56.11347411608173,9
GAN,2025-04-27,19:18,-29.23128800945849,-47.02582635342746,7
GAN,2025-04-27,19:09,-34.86808727253252,-56.15643195605751,8
GAN,2025-04-27,23:52,51.45883926022812,7.243273302977458,5
GAN,2025-04-27,16:34,45.213740794630205,-126.47984877627869,9
GAN,2025-04-27,22:23,31.6655728,34.9604051,7
GAN,2025-04-27,23:01,32.011535,34.9403151,9
GAN,2025-04-27,21:54,50.6753854,13.8771282,8
GAN,2025-04-26,20:45,33.4188446,-111.9386525,7
GAN,2025-04-26,21:30,33.4287015,-111.8818222,8
GAN,2025-04-27,22:03,34.1464649,77.5666453,7
GAN,2025-04-25,19:34,31.735587,35.18838,7
GAN,2025-04-15,09:39,40.0016553,-105.281754,9
GAN,2025-04-26,22:15,31.666812015828405,34.96121296019502,8
GAN,2025-04-26,22:00,36.2514451,-81.41213379999999,3
GAN,2025-04-26,23:54,58.255014,26.4438399,5
GAN,2025-04-27,00:59,0.0,0.0,3
GAN,2025-04-26,23:26,33.5919582,-112.3719403,9
GAN,2025-04-26,23:19,33.41539509318139,-111.90333838433833,9
GAN,2025-04-26,23:18,33.41530345321614,-111.90343963445147,9
GAN,2025-04-26,22:36,33.4894777,-112.2224204,9
GAN,2025-04-26,22:29,47.1302144,-122.2705152,7
GAN,2025-04-26,21:14,33.3321121,-86.5852513,5
GAN,2025-04-27,00:42,41.49278781922844,-81.5504746551561,7
GAN,2025-04-26,22:08,32.60943984019513,-110.73354338985138,3
GAN,2025-04-26,22:02,33.6818253,-112.3917958,8
GAN,2025-04-26,22:40,40.00188416980992,-105.26002843808658,8
GAN,2025-04-26,21:51,32.9764740499293,-111.51134290783938,9
GAN,2025-04-26,22:00,40.03367131202564,-105.5226352969852,5
GAN,2025-04-26,22:44,40.0052493,-105.2683831,7
GAN,2025-04-26,23:06,33.74555577359223,-86.32655712519374,9
GAN,2025-04-26,21:05,36.904940243017805,-111.45922965064672,7
GAN,2025-04-26,22:01,39.76187147385153,-105.0225346291913,9
GAN,2025-04-26,23:09,41.50706291493503,-81.58701026296451,7
GAN,2025-04-26,23:38,40.035618485865015,-82.19759289614552,3
GAN,2025-04-26,21:18,40.1780383,-105.0876747,9
GAN,2025-04-26,21:11,39.5393231,-105.0211106,8
GAN,2025-04-26,22:17,40.2616097927466,-76.848381842211,9
GAN,2025-04-26,21:33,33.50083884434142,-86.80254147997272,9
GAN,2025-04-26,20:48,39.7374183,-105.1387524,5
GAN,2025-04-26,21:33,33.5007322,-86.80296539999999,9
GAN,2025-04-26,21:33,45.0683131,-93.0647755,9
GAN,2025-04-26,21:58,-36.83204394191609,-73.05802524142405,9
GAN,2025-04-26,21:10,40.9544446,-87.4518822,5
GAN,2025-04-26,21:06,44.46598217656874,-87.09103723866849,9
GAN,2025-04-26,20:59,42.032974332441405,-108.984375,9
GAN,2025-04-27,11:41,-38.3975424,144.130048,5
GAN,2025-04-26,21:31,33.89944269421514,-84.52498295721962,9
GAN,2025-04-25,22:32,33.5919582,-112.3719403,9
GAN,2025-04-26,20:29,33.9564684,-86.5810884,9
GAN,2025-04-26,20:27,33.38866770804841,-86.76359770133175,9
GAN,2025-04-26,21:06,30.1579953,-81.7653977,1
GAN,2025-04-26,21:28,-34.839970219807945,-56.1226156880279,3
GAN,2025-04-27,01:10,53.060700859684346,17.681068399839077,3
GAN,2025-04-27,01:32,51.45883838521473,7.243271950902166,5
GAN,2025-04-21,21:30,40.56368859939268,-105.08906011605488,9
GAN,2025-04-27,00:27,51.45884604758746,7.243259476804771,5
GAN,2025-04-26,13:24,31.8746972,35.217757,5
GAN,2025-04-25,19:56,21.3627261759497,-157.9181286448523,9
GAN,2025-04-26,13:21,31.87527097355111,35.21867405954737,5
GAN,2025-04-26,13:12,31.87258141798443,35.2205233299674,8
GAN,2025-04-26,19:13,-34.842181838696945,-56.13368861020648,8
GAN,2025-04-26,19:10,-34.84218200878155,-56.13368929031785,8
GAN,2025-04-26,23:20,51.45884579737925,7.243287586569767,7
GAN,2025-04-26,22:42,49.738337851355865,13.387504544017167,9
GAN,2025-04-26,23:17,51.45883643538148,7.243275740355717,5
GAN,2025-04-26,22:15,31.6281494,34.9501456,9
GAN,2025-04-26,16:35,-34.807896,-56.1345858,9
GAN,2025-04-26,21:19,41.34937559999999,21.5528045,9
GAN,2025-04-27,00:12,29.4413532,80.6349234,3
GAN,2025-04-26,12:20,33.5120945765255,-86.79980431504259,9
GAN,2025-04-24,19:57,-1.903799153373362,116.19359913127288,9
GAN,2025-04-26,18:03,-6.264537799999999,106.5495683,9
GAN,2025-04-20,02:40,41.857376956563975,2.563910462496,3
GAN,2025-04-20,01:00,41.85745068858483,2.5637415003024038,3
GAN,2025-04-19,23:50,41.85750264238425,2.563858135783077,3
GAN,2025-04-19,22:50,41.85744896302072,2.563881239925996,3
GAN,2025-04-26,22:03,-39.5316918,176.845143,9
GAN,2025-04-26,20:46,-45.8681371,170.3668882,5
GAN,2025-04-25,23:02,47.1223574,-122.2512108,9
GAN,2025-04-25,22:23,47.392821438924194,-122.62563468426455,8
GAN,2025-04-25,21:51,32.97647338455731,-111.51134321283268,9
GAN,2025-04-26,00:46,17.9922568,-66.6527813,5
GAN,2025-04-25,21:43,33.681907,-112.3918117,8
GAN,2025-04-25,21:29,33.42263404624348,-111.93003075208284,9
GAN,2025-04-25,23:22,36.1593416494328,-94.13567569972814,9
GAN,2025-04-25,23:23,36.159238232038106,-94.1356202074753,9
GAN,2025-04-25,21:01,33.47605825442574,-112.00685389028985,9
GAN,2025-04-25,21:03,33.3061605,-111.8412502,9
GAN,2025-04-25,22:11,45.0683913,-93.0648563,9
GAN,2025-04-25,22:09,45.0070503,-93.3584148,9
GAN,2025-04-19,23:00,38.47778439268483,-109.80486446794532,1
GAN,2025-04-08,21:29,33.8575716,-84.6780131,7
GAN,2025-04-25,20:16,36.2541286,-94.1368255,9
GAN,2025-04-25,20:51,-36.7837524,-73.0554218,7
GAN,2025-04-23,20:33,43.92074694864037,-72.16617676026713,3
GAN,2025-04-21,21:03,41.25452096803346,-105.5985130092703,9
GAN,2025-04-18,22:42,31.8521587,34.845727,9
GAN,2025-04-25,21:28,38.445248210599296,-7.379675963439197,8
GAN,2025-04-25,22:56,26.2257984,50.5279532,9
GAN,2025-04-25,22:44,31.773927,35.1997309,9
GAN,2025-04-26,01:15,29.6678732,80.5447088,3
GAN,2025-04-25,22:03,31.739959823529443,35.199602411765,8
GAN,2025-04-25,21:53,31.73995382334505,35.199598321880174,8
GAN,2025-04-25,21:06,31.787331900732564,35.25384028008481,9
GAN,2025-04-25,20:59,31.7905345838813,35.24723195474152,8
GAN,2025-04-21,21:00,36.1326065,-115.4243374,8
GAN,2025-04-25,21:18,34.1670784,77.4588996,5
GAN,2025-03-20,21:00,36.3723561,-94.21021410000002,9
GAN,2025-04-25,20:57,-39.49809923482743,176.90041529077183,9
GAN,2025-04-25,20:49,-39.49812790391906,176.9004155027039,8
GAN,2025-04-25,20:29,-41.1632622,175.6156954,3
GAN,2025-04-24,22:44,32.97647312001738,-111.51134280827196,9
GAN,2025-04-24,22:29,47.2164547,-122.4494555,9
GAN,2025-02-28,22:50,39.98839797869482,-105.24107877288046,8
GAN,2025-04-24,21:30,47.21102534414319,-122.56872666369792,9
GAN,2025-04-24,21:15,47.21094137062059,-122.56917743023725,9
GAN,2025-04-24,20:41,33.6619819,-112.3412726,8
GAN,2025-04-24,21:43,40.95528869228953,-76.885607402614,8
GAN,2025-04-23,21:45,40.95469003959565,-76.88357001086167,7
GAN,2025-04-24,22:12,40.95470914648552,-76.88368142124017,8
GAN,2025-04-24,22:12,40.95474635586375,-76.88369045414414,8
GAN,2025-04-23,21:15,40.95470865392642,-76.88361156209963,9
GAN,2025-04-24,21:59,39.3762145,-77.154704,5
GAN,2025-04-24,21:51,40.95121213444445,-76.87983279333328,9
GAN,2025-04-24,21:34,40.96,-76.8868352,9
GAN,2025-04-24,21:20,40.9547722,-76.88507589999999,8
GAN,2025-04-24,21:02,40.954842288152925,-76.88408139962965,9
GAN,2025-04-24,20:59,0.0,0.0,3
GAN,2025-04-24,20:13,-30.2356043,-71.0871387,7
GAN,2025-04-24,20:32,-30.2337291,-71.0837071,9
GAN,2025-04-23,21:21,33.64796672872603,-116.31334855427548,5
GAN,2025-04-24,19:59,-30.2395289,-71.0832517,7
GAN,2025-04-23,21:05,45.1401262,-92.5346089,7
GAN,2025-04-24,22:22,55.38574184,10.32648321,7
GAN,2025-04-24,22:15,40.5124559,-3.3642245,9
GAN,2025-04-24,16:10,0.0,0.0,1
GAN,2025-04-24,16:09,0.0,0.0,3
GAN,2025-04-23,22:01,42.4707648,-72.93514669999999,3
GAN,2025-04-20,21:45,45.37765240551783,-71.90810816263223,7
GAN,2025-04-23,21:15,47.3265558,-122.6300681,8
GAN,2025-04-22,21:00,47.3265558,-122.6300681,8
GAN,2025-04-24,18:27,26.2111464,50.5757939,9
GAN,2025-04-24,18:43,0.0,0.0,9
GAN,2025-04-21,21:09,47.3265558,-122.6300681,8
GAN,2025-04-24,18:57,26.2715785,50.6028841,9
GAN,2025-04-24,18:42,26.271648595889356,50.60299556961976,9
GAN,2025-04-24,17:43,26.1296419734564,50.55088718884106,9
GAN,2025-04-24,17:52,21.13519352713365,45.043679644970425,9
GAN,2025-04-24,18:35,26.2721664,50.6091325,9
GAN,2025-04-24,18:33,26.271505142060903,50.602908447542816,9
GAN,2025-04-23,21:10,47.3265558,-122.6300681,8
GAN,2025-04-24,22:05,0.0,0.0,9
GAN,2025-04-24,02:57,38.88773,-119.818394,3
GAN,2025-04-23,23:31,40.0067579,-105.059225,9
GAN,2025-04-23,22:23,33.1430934,-111.5587992,1
GAN,2025-04-23,21:56,47.255134,-122.4420002,9
GAN,2025-04-23,21:51,0.0,0.0,8
GAN,2025-04-23,21:31,36.904940243017805,-111.45922965064672,7
GAN,2025-04-23,21:13,47.16687033969823,-122.29500293980504,9
GAN,2025-04-23,21:00,33.33687080454538,-111.4255737079972,5
GAN,2025-04-23,20:58,44.89016882158451,-121.53566446632172,9
GAN,2025-04-23,20:41,35.2380657,-111.8334974,7
GAN,2025-04-23,22:36,40.03562097260564,-82.19758817033846,5
GAN,2025-04-23,21:20,0.0,0.0,9
GAN,2025-04-23,21:16,36.15927804775279,-94.13570241642856,9
GAN,2025-04-23,22:05,40.69956992141794,-80.07757413062716,9
GAN,2025-04-23,21:38,40.9543878329514,-76.88262619168451,9
GAN,2025-04-09,04:14,53.5460983,-113.4937266,9
GAN,2025-04-23,21:30,-34.3380631,-56.7120936,9
GAN,2025-04-23,20:30,40.95478445506499,-76.88511371612549,3
GAN,2025-04-22,21:00,47.3265558,-122.6300681,8
GAN,2025-03-22,22:30,40.01481447293157,-105.32080841428332,8
GAN,2025-03-22,20:57,40.003051,-105.2542167,9
GAN,2025-04-21,23:15,29.871838,-98.631548,3
GAN,2025-04-20,20:45,39.99822397231203,-105.285906666524,5
GAN,2025-04-22,23:00,47.99807310000001,9.4723187,5
GAN,2025-04-16,21:20,42.2477824,-83.6763648,7
GAN,2025-04-23,22:18,-37.7312051,175.9959299,5
GAN,2025-04-23,19:34,-37.727131,175.2654422,9
GAN,2025-04-22,22:07,-37.7645012,145.7510159,3
GAN,2025-04-22,18:06,-37.82426900000001,145.498057,5
GAN,2025-04-23,18:05,-37.9351918,145.3900686,5
GAN,2025-04-22,21:00,-37.8137271,145.5081658,5
GAN,2025-04-22,20:00,-37.9974681,145.2565688,7
GAN,2025-04-22,23:51,33.5919582,-112.3719403,9
GAN,2025-04-22,23:53,39.80650727627967,-105.30561439209652,8
GAN,2025-04-22,22:12,47.1980342,-122.5605363,9
GAN,2025-04-22,21:46,32.54681317351514,-106.6387939453125,9
GAN,2025-04-22,21:16,35.2386939,-111.8223221,7
GAN,2025-04-22,20:45,32.61057504455081,-110.79695110955628,3
GAN,2025-04-22,20:34,36.904940243017805,-111.45922965064672,7
GAN,2025-04-22,22:16,38.2455629,-83.53609929999999,9
GAN,2025-04-22,21:00,33.2956275,-86.7718017,9
GAN,2025-04-22,22:00,37.751446,-85.899773,9
GAN,2025-04-22,22:01,40.95450513863605,-76.88328709189292,9
GAN,2025-04-22,21:55,0.0,0.0,9
GAN,2025-04-22,21:50,40.954573255719794,-76.88325081322863,9
GAN,2025-04-22,21:20,41.42363541049108,-81.7592842029957,8
GAN,2025-04-22,21:24,40.03582816341023,-82.19746683635194,5
GAN,2025-04-21,21:20,47.8392455,-122.2523546,8
GAN,2025-04-21,23:09,36.323383,-94.1053406,9
GAN,2025-04-21,21:28,40.0060463,-105.2675692,9
GAN,2025-04-22,23:11,0.0,0.0,9
GAN,2025-04-21,21:05,39.9911869,-105.3194973,8
GAN,2025-04-22,22:21,51.5135127,11.9600392,7
GAN,2025-04-21,22:45,40.18373373551016,-92.58015331695924,5
GAN,2025-04-21,22:59,40.187810284306,-92.585498009448,5
GAN,2025-04-21,21:58,40.18810735102656,-92.5632028085783,5
GAN,2025-04-21,21:46,40.21686622563396,-92.58075223293945,9
GAN,2025-04-21,21:35,40.1970685103686,-92.59227550430498,5
GAN,2025-04-21,21:19,40.17773028619799,-92.6007941344221,5
GAN,2025-04-23,00:52,27.867033,83.5431312,5
GAN,2025-04-22,20:48,25.134356656658912,55.18521464752268,9
GAN,2025-04-21,23:45,39.9434879,-105.1502905,5
GAN,2025-04-21,21:00,47.3265558,-122.6300681,9
GAN,2025-04-21,22:06,38.95283462475059,-92.36946274585095,7
GAN,2025-04-21,21:43,38.88087226646597,-92.3331856034926,5
GAN,2025-04-21,21:35,38.873167362880125,-92.3256564061422,5
GAN,2025-04-21,21:28,38.86567963495554,-92.32163713182584,5
GAN,2025-04-21,21:18,38.8651563490469,-92.3051593091228,5
GAN,2025-04-22,21:35,-37.63457130135684,176.0431664396043,5
GAN,2025-04-22,21:05,-37.8500287983268,176.5078761126142,3
GAN,2025-04-22,01:39,40.5014048,-121.9988542,9
GAN,2025-04-22,02:12,37.16094,-113.45881,5
GAN,2025-04-21,20:33,34.18714711290767,-117.42710691435052,9
GAN,2025-04-22,01:43,38.9542686,-91.7269137,3
GAN,2025-04-21,22:42,33.49054039586657,-117.67036599555396,8
GAN,2025-04-22,01:29,39.26125259069562,-86.36837325580505,3
GAN,2025-04-21,22:23,33.4353394,-112.3576567,8
GAN,2025-04-21,22:21,47.0723525,-122.3198803,7
GAN,2025-04-21,21:57,47.0723525,-122.3198803,7
GAN,2025-04-21,23:55,32.4317563346941,-99.74953732299338,9
GAN,2025-04-21,21:50,33.41932562883706,-111.92563703115788,9
GAN,2025-04-21,21:44,36.904940243017805,-111.45922965064672,7
GAN,2025-04-21,22:05,40.00607755773083,-105.26743930524316,8
GAN,2025-04-21,22:50,40.21082259990114,-92.63048718660394,3
GAN,2025-04-21,22:45,40.21050571552537,-92.63033398538634,3
GAN,2025-04-21,22:36,40.18422563798086,-92.64152495915252,3
GAN,2025-04-21,22:31,40.17990002337848,-92.6467435864342,3
GAN,2025-04-21,22:28,40.17837891724728,-92.65182809036048,3
GAN,2025-04-21,22:23,40.19002608523184,-92.64888293055934,3
GAN,2025-04-21,22:21,40.191918066162685,-92.64911093748611,3
GAN,2025-04-21,22:18,40.19510886394795,-92.64774034704058,3
GAN,2025-04-21,22:05,40.199176933882825,-92.59121826476692,5
GAN,2025-04-21,22:00,40.18754243491517,-92.58520202627471,7
GAN,2025-04-21,22:12,39.665701,-104.7906334,7
GAN,2025-04-21,21:45,40.17774546569248,-92.60093276490402,5
GAN,2025-04-21,21:11,47.1665934,-122.2949653,9
GAN,2025-04-21,21:28,40.00589485169797,-105.2674996721139,9
GAN,2025-04-21,20:31,35.2452206,-111.8365831,7
GAN,2025-04-21,21:05,39.9911541,-105.3192943,8
GAN,2025-04-21,21:33,0.0,0.0,9
GAN,2025-04-21,21:21,30.13831309999999,-99.1412535,7
GAN,2025-04-21,21:17,45.05058,-93.0693008,9
GAN,2025-04-20,22:30,37.16099170472104,-113.45879589871244,5
GAN,2025-03-31,22:00,41.305917,-82.9775263,5
GAN,2025-03-31,16:59,41.305917,-82.9775263,5
GAN,2025-04-21,22:24,54.31129644354973,13.083480934207344,7
GAN,2025-04-21,22:24,54.31142645061169,13.083519279274478,7
GAN,2025-04-21,21:49,41.34937559999999,21.5528045,9
GAN,2025-04-21,21:49,31.7779879,35.2176234,9
GAN,2025-04-21,21:41,31.777726281434298,35.218051448464394,9
GAN,2025-04-20,00:06,33.41523674572925,-111.90347494916328,9
GAN,2025-04-22,00:17,35.62150705103394,140.0691710144039,9
GAN,2025-03-25,21:23,37.3203174,-89.5238059,9
GAN,2025-03-22,21:22,37.3203174,-89.5238059,8
GAN,2025-03-21,21:31,37.3210974,-89.5241717,7
GAN,2025-03-21,21:23,37.3203174,-89.5238059,7
GAN,2025-03-21,21:13,37.3170275,-89.52738749999999,9
GAN,2025-03-21,21:08,37.316156628027706,-89.52654134955415,9
GAN,2025-03-21,21:00,37.3149853,-89.5285306,7
GAN,2025-03-21,20:55,37.3134104,-89.53107609999999,7
GAN,2025-03-21,20:49,37.3155321,-89.5303881,9
GAN,2025-03-21,20:46,37.3163231,-89.5297604,8
GAN,2025-04-21,19:33,27.5545296,84.7372191,3
GAN,2025-04-21,00:44,38.88806,-119.818529,3
GAN,2025-04-21,00:12,33.3703197,-112.5837766,3
GAN,2025-04-20,23:38,33.40593918478508,-111.9103408085895,9
GAN,2025-04-20,22:50,33.41324033571845,-111.92423443752116,9
GAN,2025-04-20,23:13,33.4844983,-111.9143993,9
GAN,2025-04-20,23:08,33.4844674,-111.9144112,9
GAN,2025-04-20,23:09,33.4482266,-112.0776781,9
GAN,2025-04-20,23:52,39.3665582,-104.8780958,9
GAN,2025-04-20,22:44,33.38831966666667,-111.61611183333332,9
GAN,2025-04-21,12:38,0.0,0.0,9
GAN,2025-04-20,22:25,33.3806583,-111.9320727,9
GAN,2025-04-20,21:51,33.3609607,-111.8237156,9
GAN,2025-04-20,21:48,33.3528264,-111.789027,9
GAN,2025-04-20,21:43,33.4255104,-111.9400054,8
GAN,2025-04-20,21:43,33.4255104,-111.9400054,8
GAN,2025-04-20,21:43,33.4255104,-111.9400054,8
GAN,2025-04-20,21:44,34.05481211718582,-111.5624620723187,9
GAN,2025-04-20,21:43,33.4255104,-111.9400054,8
GAN,2025-04-19,12:36,34.2542084,-110.0298327,3
GAN,2025-04-21,00:34,28.5383832,-81.3789269,9
GAN,2025-04-20,22:22,39.9969966,-105.2505657,9
GAN,2025-04-20,21:13,33.42308552313989,-111.93855028385003,7
GAN,2025-04-20,21:10,33.5053338183603,-112.04926077488123,9
GAN,2025-04-20,20:28,33.4195602,-111.9462873,8
GAN,2025-04-20,20:59,33.21228038375752,-111.76270072162228,9
GAN,2025-04-21,00:00,40.6467403,-73.8929639,9
GAN,2025-04-20,20:53,34.0126147,-118.8183826,9
GAN,2025-04-20,20:57,32.610427718465175,-110.79702922399048,3
GAN,2025-04-20,21:48,40.1053003,-105.2657878,7
GAN,2025-04-20,20:48,33.4287015,-111.8818222,9
GAN,2025-04-20,21:42,40.08019729999999,-105.2358972,5
GAN,2025-04-20,20:38,33.82810114085359,-112.0589932084031,9
GAN,2025-04-20,20:41,33.228195302654335,-105.57271648187358,9
GAN,2025-04-20,20:32,33.42045188787561,-111.90345271760664,9
GAN,2025-04-20,20:30,36.904940243017805,-111.45922965064672,7
GAN,2025-04-20,20:27,33.6816574,-112.3918994,8
GAN,2025-04-20,20:26,33.37850954473951,-111.95465798819342,5
GAN,2025-04-20,21:17,35.2828597,-106.7187659,5
GAN,2025-04-20,21:22,40.04324294841074,-105.24467375560792,9
GAN,2025-04-20,20:25,33.37850105203718,-111.95477815243686,9
GAN,2025-04-20,20:22,33.37850115226693,-111.95477810017994,5
GAN,2025-04-20,20:18,33.378749847831266,-111.95472515713573,5
GAN,2025-04-20,22:18,41.80159674963952,-87.71743982859655,9
GAN,2025-04-20,20:16,33.430235328826846,-111.83195294110772,9
GAN,2025-04-20,20:08,32.8204288,-117.1161088,9
GAN,2025-04-20,19:56,33.3061605,-111.8412502,5
GAN,2025-04-20,20:48,40.017593,-105.2683735,9
GAN,2025-04-20,19:39,33.4255104,-111.9400054,9
GAN,2025-04-20,19:32,33.4255104,-111.9400054,9
GAN,2025-04-20,21:22,30.13831309999999,-99.1412535,8
GAN,2025-04-20,22:24,42.56994503275178,-71.36799787662898,5
GAN,2025-04-20,21:16,34.6884831,-86.7941347,9
GAN,2025-04-20,21:06,34.694107,-86.71995849999999,9
GAN,2025-04-20,21:57,39.4592256,-74.6487808,9
GAN,2025-04-20,22:02,0.0,0.0,8
GAN,2025-04-20,20:57,32.6261404,-85.4707418,9
GAN,2025-04-20,18:07,33.4190211094042,-111.92537746950816,9
GAN,2025-04-20,19:38,33.522224381514434,-86.73457669332015,9
GAN,2025-04-20,15:48,33.4630458,-111.4806317,7
GAN,2025-04-20,00:15,33.39430726639213,-111.60868454551226,9
GAN,2025-04-20,19:39,-22.2297509,-45.9420174,9
GAN,2025-04-20,23:03,54.31111674432429,13.083554156074326,7
GAN,2025-04-19,11:35,33.49068366621464,-111.97297949279042,9
GAN,2025-04-20,00:05,46.882521748011605,7.039743690940421,3
GAN,2025-04-19,20:25,34.0549076,-118.242643,9
GAN,2025-04-20,10:35,33.4948764,-111.9216734,7
GAN,2025-04-19,23:11,33.2485715,-111.6377055,9
GAN,2025-04-19,00:45,41.3444687,21.5711156,3
GAN,2025-04-19,00:00,41.34555570000001,21.554335,9
GAN,2025-04-20,23:25,-25.810029910129906,153.54496746889362,3
GAN,2025-04-20,02:00,33.476037846155904,-112.0676055586722,9
GAN,2025-04-19,22:40,33.480356765148905,-112.0740068891578,9
GAN,2025-04-20,00:05,32.3914711,-116.9359973,9
GAN,2025-04-19,23:52,39.988422917173786,-105.25069874714822,8
GAN,2025-04-19,22:37,33.35564895291905,-111.24461309415749,9
GAN,2025-04-19,22:30,33.6101376,-112.1517568,9
GAN,2025-04-19,22:09,37.33874,-121.8852525,9
GAN,2025-04-19,22:45,39.99084839953238,-105.49572121875144,3
GAN,2025-04-19,21:23,32.610455641279884,-110.79711355638432,3
GAN,2025-04-19,20:58,33.678691,-112.4092161,8
GAN,2025-04-19,20:33,36.904940243017805,-111.45922965064672,8
GAN,2025-04-19,21:45,30.1579953,-81.7653977,1
GAN,2025-04-19,20:35,33.4053867,-86.8113781,9
GAN,2025-04-19,21:53,41.34937559999999,21.5528045,9
GAN,2025-04-19,20:23,41.34357833643696,21.56689726060645,5
GAN,2025-04-18,21:33,38.88806,-119.818529,3
GAN,2025-04-18,22:12,40.961861,-76.885927,9
GAN,2025-04-18,21:53,40.9547722,-76.88507589999999,9
GAN,2025-04-18,21:43,40.954693052427125,-76.88363636014563,9
GAN,2025-04-17,22:17,27.19556009827623,-112.21233061593246,3
GAN,2025-04-17,21:47,26.98842382407556,-112.06066635017037,3
GAN,2025-04-17,21:20,26.884793598872648,-112.01460020778453,3
GAN,2025-04-17,20:54,26.88590913202975,-111.98707269247517,3
GAN,2025-04-17,20:32,26.902044222923827,-111.9559402754767,3
GAN,2025-02-22,20:50,27.195556851096203,-112.21232242707327,3
GAN,2025-04-17,23:20,42.71127443670163,-73.20528503117397,9
GAN,2025-04-17,21:56,40.9645293,-76.8844101,9
GAN,2025-04-17,21:29,25.5739237,-80.9871074,9
GAN,2025-04-17,21:50,40.95569938247144,-76.8801445887209,9
GAN,2025-04-17,21:46,40.9645293,-76.8844101,9
GAN,2025-04-17,21:41,40.9547722,-76.88507589999999,9
GAN,2025-04-17,21:38,40.9547722,-76.88507589999999,9
GAN,2025-04-17,21:31,40.95026379189797,-76.88224020651934,9
GAN,2025-04-17,21:27,40.9547722,-76.88507589999999,9
GAN,2025-04-17,21:18,40.9547722,-76.88507589999999,8
GAN,2025-04-17,21:20,40.963180975913765,-76.88654810577526,8
GAN,2025-04-17,21:17,40.9645293,-76.8844101,9
GAN,2025-04-17,21:32,41.34937559999999,21.5528045,9
GAN,2025-04-16,22:02,36.1360708,-81.6445311,3
GAN,2025-04-16,22:01,36.1360708,-81.6445311,3
GAN,2025-04-16,22:00,36.1360708,-81.6445311,3
GAN,2025-04-17,18:58,17.43135403266814,78.41003449196225,8
GAN,2025-04-17,22:32,34.269156940376384,135.10368494708604,9
GAN,2025-04-17,22:21,34.25913620736776,135.15271177201038,9
GAN,2025-04-17,18:21,17.430748876785664,78.40991585906693,9
GAN,2025-04-17,21:25,34.264559705477566,135.1446484460045,9
GAN,2025-04-17,19:40,-31.979085,116.1583305,5
GAN,2025-04-17,19:30,-31.9727352,116.1004512,5
GAN,2025-04-04,22:40,40.6359766,-3.3193764,8
GAN,2025-04-13,23:30,38.3975788,-6.4763215,9
GAN,2025-04-16,19:10,47.77620717891436,-90.31477818367732,3
GAN,2025-04-16,22:59,41.7000623302941,-70.0010995345848,8
GAN,2025-04-16,22:00,46.764573596680414,-92.08285082691717,7
GAN,2025-04-16,22:16,38.12924804384859,-78.44378043956706,8
GAN,2025-04-16,21:27,41.50820907449193,-81.59999989626796,8
GAN,2025-04-16,21:11,41.510632185591234,-81.61123435080907,8
GAN,2025-04-16,21:50,26.803563954977832,-80.23775003943787,7
GAN,2025-04-16,21:48,40.03562847308667,-82.19761175063688,3
GAN,2025-04-15,23:13,37.161053,-113.458778,5
GAN,2025-04-15,23:14,33.4195602,-111.9462873,9
GAN,2025-04-15,22:58,33.4195602,-111.9462873,9
GAN,2025-04-15,21:40,42.3135529,-71.2745085,9
GAN,2025-04-14,23:54,33.284929199249376,-96.5438013813584,9
GAN,2025-04-15,17:39,43.068887774169625,-100.6622314453125,9
GAN,2025-04-14,23:19,40.017339,-105.2673441,9
GAN,2025-04-14,20:05,40.08113630460908,-104.80666197595818,9
GAN,2025-04-13,21:31,40.9515204,-76.88321429999999,8
GAN,2025-04-13,20:59,40.9543551,-76.88262940000001,8
GAN,2025-04-14,20:18,30.0940827,-81.8075657,8
GAN,2025-04-14,21:25,-22.2297949,-45.9419495,9
GAN,2025-04-14,20:47,-22.2297949,-45.9419495,9
GAN,2025-04-14,20:34,-22.2297949,-45.9419495,9
GAN,2025-04-14,21:58,41.34937559999999,21.5528045,9
GAN,2025-04-13,21:47,47.61626829999999,-122.0355736,7
GAN,2025-04-04,23:11,33.49802716653012,-86.80310344243155,9
GAN,2025-04-13,21:41,40.954759,-76.8838428,8
GAN,2025-04-13,21:28,40.9502762,-76.8824162,9
GAN,2025-04-11,21:40,32.4433253,-111.2244567,9
GAN,2025-04-12,22:15,40.67561842580942,-80.12045966471666,9
GAN,2025-04-12,22:00,38.9692726,-84.5452794,9
GAN,2025-04-12,21:55,40.03561718564849,-82.19760776886302,7
GAN,2025-04-12,21:14,29.207185,-82.1834475,7
GAN,2025-03-01,20:28,25.86069367859789,-111.54425625776392,3
GAN,2025-03-22,22:29,40.4524268,-3.133319,1
GAN,2025-04-12,21:45,50.52236,14.08431,9
GAN,2025-04-12,21:45,41.34937559999999,21.5528045,9
GAN,2025-04-12,11:49,41.202542,-81.33927539999999,9
GAN,2025-03-27,23:21,40.4742533,-3.3864734,9
GAN,2025-03-27,23:42,40.4742533,-3.3864734,9
GAN,2025-03-10,23:06,0.0,0.0,9
GAN,2025-03-18,22:52,40.452884,-3.1331221,3
GAN,2025-04-12,00:50,40.035612253848285,-82.1975998088853,7
GAN,2025-04-11,13:53,33.4153674,-111.9243088,9
GAN,2025-04-10,01:00,33.4012541,-111.9124634,9
GAN,2025-04-09,21:36,26.7144532,-80.0549456,8
GAN,2025-04-11,21:45,41.3517054,21.5462093,8
GAN,2025-04-10,23:43,33.433809285897595,-111.92885317897532,9
GAN,2025-04-10,23:33,33.6533737,-112.0221514,9
GAN,2025-04-10,22:52,33.72999,-112.2496351,9
GAN,2025-04-10,21:40,33.4151184,-111.9038745,9
GAN,2025-04-10,21:23,33.42352447539232,-111.96663983222572,8
GAN,2025-04-10,21:09,33.4523998,-112.0725477,9
GAN,2025-04-10,20:52,20.7421886,-86.9651305,8
GAN,2025-04-10,20:30,24.5550593,-81.7799871,9
GAN,2025-04-10,22:36,30.0656149,70.6260048,5
GAN,2025-04-09,21:29,41.2033216,-77.1945247,8
GAN,2025-04-05,21:00,25.8368721,-80.12029299999999,8
GAN,2025-04-10,18:51,1.312901652377881,103.8170661059052,9
GAN,2025-03-23,21:47,50.02357089694091,14.43490767562126,8
GAN,2025-03-22,21:49,50.023373,14.4335535,8
GAN,2025-04-09,22:55,42.2935733,-71.3059277,8
GAN,2025-04-09,20:40,42.3135529,-71.2745085,9
GAN,2025-04-09,20:33,42.3135529,-71.2745085,9
GAN,2025-04-10,01:29,41.3447013,21.5709159,9
GAN,2025-04-09,22:20,40.4693256,-3.3642348,9
GAN,2025-04-09,21:53,41.34937559999999,21.5528045,9
GAN,2025-04-09,21:11,0.0,0.0,9
GAN,2025-04-08,22:10,40.08113626660618,-104.8066634269877,9
GAN,2025-04-02,15:49,34.09597046250668,-117.7282808019166,9
GAN,2025-04-04,04:00,27.429989445834387,-112.5268186182092,3
GAN,2025-04-03,04:00,27.92690952124165,-113.93819988677986,3
GAN,2025-04-03,03:28,27.99962326333369,-114.087525041641,3
GAN,2025-04-03,03:06,27.973776974123226,-114.08010772196798,3
GAN,2025-04-08,21:11,40.7164495,-80.1205256,9
GAN,2025-04-08,20:52,40.03561398480424,-82.19761356812481,7
GAN,2025-04-08,21:31,0.0,0.0,9
GAN,2025-03-25,23:58,45.54984159274044,10.42433151297523,9
GAN,2025-03-24,00:04,45.54984159292376,10.424331513902317,9
GAN,2025-03-22,23:56,45.5498416382198,10.424331742982716,9
GAN,2025-03-21,22:47,45.54984179305638,10.424332526054044,9
GAN,2025-04-07,20:46,34.106334924225614,-117.70968514402576,9
GAN,2025-04-07,20:46,34.096735200197045,-117.72215819255388,9
GAN,2025-04-07,20:14,32.7647232,-117.1750912,9
GAN,2025-04-05,21:01,35.9399424,-79.0102016,8
GAN,2025-04-07,20:54,35.9490114,-79.0111338,7
GAN,2025-04-07,21:56,41.34937559999999,21.5528045,9
GAN,2025-03-31,21:46,40.4762446,-3.3859516,9
GAN,2025-04-07,10:57,33.5474206,-111.9334388,9
GAN,2025-04-06,22:36,40.57839808804127,-111.861686171879,9
GAN,2025-04-07,04:05,27.601821,86.7139704,1
GAN,2025-04-01,23:50,30.77875391844903,-95.39762004704568,3
GAN,2025-04-04,18:52,0.0,0.0,9
GAN,2025-04-01,23:40,30.840306083482083,-95.40727354992386,3
GAN,2025-04-01,23:30,30.847627610150106,-95.40764159530175,5
GAN,2025-03-30,18:48,0.0,0.0,9
GAN,2025-03-27,18:45,0.0,0.0,9
GAN,2025-03-25,18:43,0.0,0.0,9
GAN,2025-04-01,23:35,30.6993932,-95.4461346,5
GAN,2025-03-23,18:39,0.0,0.0,9
GAN,2025-04-01,23:30,30.8529664,-95.4035523,5
GAN,2025-04-06,21:42,48.3697761229729,10.86390435554819,8
GAN,2025-04-06,20:49,41.34937559999999,21.5528045,9
GAN,2025-04-05,23:02,40.98430349350972,-109.6927146971214,7
GAN,2025-04-03,23:03,31.76143613704869,35.17825176287063,8
GAN,2025-04-05,22:11,0.0,0.0,9
GAN,2025-04-05,21:23,31.767028,35.224001,8
GAN,2025-04-04,22:57,50.8902903,3.9920928,9
GAN,2025-04-03,22:59,50.8902903,3.9920928,9
GAN,2025-03-26,22:10,40.00308572074017,-105.2641839223602,9
GAN,2025-04-05,04:06,27.333961,86.2899037,3
GAN,2025-03-18,22:02,32.9594891,-117.2653146,9
GAN,2025-04-01,23:35,30.6975958,-95.5512382,3
GAN,2025-04-01,23:30,30.6975958,-95.5512382,3
GAN,2025-04-04,21:16,50.7920851,15.0769124,7
GAN,2025-04-01,14:56,30.6975958,-95.5512382,5
GAN,2025-04-04,21:57,41.34937559999999,21.5528045,9
GAN,2025-04-01,14:50,-0.051829219061266,-98.47355554531252,5
GAN,2025-04-04,21:13,27.333961,86.2899037,5
GAN,2025-04-04,09:16,39.9914153,-105.0784451,9
GAN,2025-04-04,01:46,30.0489423,70.645473,8
GAN,2025-04-03,20:16,10.9838033,-74.8135974,8
GAN,2025-04-03,22:28,51.55869514887799,-0.0594691328361228,8
GAN,2025-04-03,23:16,52.2756456,13.639021,7
GAN,2025-03-31,23:05,45.54875879999999,10.42211,9
GAN,2025-04-02,22:38,0.0,0.0,9
GAN,2025-03-30,20:24,33.4053867,-86.8113781,9
GAN,2025-04-02,21:06,28.3580628,-81.5590975,9
GAN,2025-04-03,00:06,54.4797358,-6.228553,5
GAN,2025-04-02,20:51,45.1362151,10.7409,8
GAN,2025-03-27,22:59,36.064860491288606,-112.12155773027835,3
GAN,2025-03-27,04:15,36.0617153,-112.1077222,3
GAN,2025-03-24,21:15,36.032479082676616,-111.85324526542864,3
GAN,2025-03-24,00:00,36.06491083906948,-112.1226045491322,3
GAN,2025-03-24,22:40,36.05619500445745,-112.11469002431456,3
GAN,2025-02-24,20:29,0.0,0.0,9
GAN,2025-04-01,23:32,40.7164495,-80.1205256,9
GAN,2025-03-25,21:29,10.6338236,-85.4309655,9
GAN,2025-03-25,20:20,10.6386153,-85.4311094,9
GAN,2025-03-31,22:45,43.75337358189756,-91.18201605555876,5
GAN,2025-04-01,15:42,33.6812873,-116.2973825,9
GAN,2025-04-01,21:42,41.34937559999999,21.5528045,9
GAN,2025-02-20,21:22,-17.179898635066547,-43.2646904701428,9
GAN,2025-03-27,20:33,10.609397916756793,-85.42572848413518,9
GAN,2025-03-27,20:21,10.621116879074322,-85.42632419107073,9
GAN,2025-03-27,09:33,10.6212559,-85.4513583,9
GAN,2025-03-27,01:22,10.609458395191051,-85.4256076787607,9
GAN,2025-03-01,08:40,10.620435625598931,-85.45188027823932,9
GAN,2025-02-28,10:22,0.0,0.0,9
GAN,2025-04-01,12:32,10.6204387,-85.4518939,9
GAN,2025-04-01,12:14,10.6206405,-85.4518415,9
GAN,2025-04-01,12:14,10.6204341,-85.4518993,9
GAN,2025-04-01,12:13,10.6207898,-85.4520426,9
GAN,2025-03-29,22:00,50.8902903,3.9920928,8
GAN,2025-03-31,22:30,50.8902903,3.9920928,9
GAN,2025-03-29,01:36,23.064886460655075,-109.74543379038664,5
GAN,2025-03-29,00:57,23.05394933813252,-110.09459623748924,3
GAN,2025-03-29,00:29,23.22425660916556,-110.14374066383046,3
GAN,2025-03-28,23:04,23.317036731356584,-109.72600908086666,3
GAN,2025-03-28,22:20,23.44776676015851,-109.70359558708564,3
GAN,2025-03-31,22:10,23.5586217441975,-109.6762869200808,3
GAN,2025-03-28,20:53,23.692529924663187,-109.70122684582228,5
GAN,2025-03-31,23:56,33.5085199,-86.8132237,9
GAN,2025-03-31,23:47,33.4626881,-86.73358759999999,9
GAN,2025-03-29,23:11,33.5712503,-86.7032931,9
GAN,2025-03-31,23:03,33.5003698703323,-86.803299626957,9
GAN,2025-03-31,22:57,33.38477043565439,-86.81323184220952,9
GAN,2025-03-31,22:50,33.48839903903725,-86.81660264817062,9
GAN,2025-03-31,20:30,33.6619819,-112.3412726,8
GAN,2025-03-31,22:26,33.517072,-86.8476263,9
GAN,2025-03-31,22:26,33.6102837,-86.7967857,9
GAN,2025-03-31,22:24,44.9283932,-93.1254528,9
GAN,2025-03-31,22:14,33.501926248392685,-86.79681272351017,9
GAN,2025-03-31,22:09,52.4822694,-1.8900078,9
GAN,2025-03-29,23:26,23.549818748555357,-109.81728461581056,3
GAN,2025-03-31,20:11,10.6447929,-85.4452935,8
GAN,2025-03-31,20:11,10.653739238531347,-85.43117177429649,9
GAN,2025-03-31,20:09,10.6257085,-85.4600766,8
GAN,2025-02-24,21:53,18.00570299463085,-66.05895220303103,3
GAN,2025-03-31,19:29,10.653739238531347,-85.43117177429649,9
GAN,2025-03-31,20:29,37.68829827958124,-95.28012120701376,8
GAN,2025-03-31,19:59,33.6665172,-86.676405,9
GAN,2025-03-31,19:55,33.6665172,-86.676405,9
GAN,2025-03-24,02:59,40.18526504206955,-92.55771346788455,5
GAN,2025-03-24,02:30,40.19939447908338,-92.59133787984788,5
GAN,2025-03-31,21:05,45.595582021584434,10.453800833729415,8
GAN,2025-03-30,21:04,45.62687198956614,10.58243090974448,9
GAN,2025-03-26,21:30,40.6456116,-3.3370028,8
GAN,2025-03-25,21:53,40.6456116,-3.3370028,8
GAN,2025-03-26,21:43,33.6408041,-86.7896214,9
GAN,2025-03-26,21:47,33.6408041,-86.7896214,9
GAN,2025-03-26,20:56,40.018927652470296,-105.3911312031558,7
GAN,2025-03-31,02:03,43.134803689608304,-5.635222807132689,3
GAN,2025-03-31,09:30,45.09168416276121,14.121744532886837,9
GAN,2025-03-30,21:32,45.111666176983846,14.138292085097456,9
GAN,2025-03-30,20:31,45.111666176983846,14.138292085097456,5
GAN,2025-03-30,23:17,10.55148125774532,-85.58754694628176,7
GAN,2025-03-30,22:08,33.6263501,-111.9560218,9
GAN,2025-03-30,23:13,33.6101376,-86.6779136,9
GAN,2025-03-30,20:32,33.6491567,-111.8731657,9
GAN,2025-03-30,21:42,10.6494923,-85.4336237,9
GAN,2025-03-30,22:36,33.5072137643491,-86.81480315913872,9
GAN,2025-03-30,22:35,33.5072137643491,-86.81480315913872,9
GAN,2025-03-22,21:14,33.3331994,-86.5828553,9
GAN,2025-03-30,20:15,33.5774533,-111.9193554,8
GAN,2025-03-30,20:59,10.6385679,-85.449907,9
GAN,2025-03-30,21:02,10.6384566,-85.449865,9
GAN,2025-03-30,21:17,33.49916098829964,-86.80576864549612,9
GAN,2025-03-30,22:16,33.4165524,-86.681253,8
GAN,2025-03-30,22:13,0.0,0.0,9
GAN,2025-03-30,22:04,33.4697375,-86.8228907,9
GAN,2025-03-30,21:56,33.782889930017454,-86.4784920430003,9
GAN,2025-03-30,19:47,33.6819447,-112.3919491,8
GAN,2025-03-30,21:43,34.22195422446138,-86.26801946173015,9
GAN,2025-03-30,21:42,34.22195422446138,-86.26801946173015,9
GAN,2025-03-30,20:37,10.6340454,-85.4254249,9
GAN,2025-03-30,21:05,33.4053867,-86.8113781,9
GAN,2025-03-30,21:31,33.4886944,-86.80785259999999,7
GAN,2025-03-30,21:27,0.0,0.0,5
GAN,2025-03-30,20:00,10.627382,-85.4311094,9
GAN,2025-03-30,21:20,39.04121127635924,-106.04022949934006,9
GAN,2025-03-30,21:08,33.38404452223752,-86.74609683306659,9
GAN,2025-03-30,21:07,39.7467256,-104.9943906,9
GAN,2025-03-30,20:00,76.4525577679185,-26.065375764544115,7
GAN,2025-03-30,20:43,33.1907072,-87.7395968,7
GAN,2025-03-30,20:19,34.8110413,-86.8774861,9
GAN,2025-03-30,20:05,40.7164495,-80.1205256,9
GAN,2025-03-31,01:13,45.0915404,14.1235588,9
GAN,2025-03-31,01:12,45.0915404,14.1235588,9
GAN,2025-03-30,01:13,45.0915404,14.1235588,9
GAN,2025-03-30,01:12,45.0915404,14.1235588,9
GAN,2025-03-29,20:10,45.0915404,14.1235588,9
GAN,2025-03-29,20:11,45.0915404,14.1235588,9
GAN,2025-03-27,01:07,45.0915404,14.1235588,9
GAN,2025-03-26,21:05,45.0915404,14.1235588,9
GAN,2025-03-26,21:04,45.0915404,14.1235588,9
GAN,2025-03-21,19:53,45.0915404,14.1235588,8
GAN,2025-03-30,23:10,45.20667323998101,14.09774535036925,9
GAN,2025-03-30,22:56,45.19260504395029,14.091825333056644,9
GAN,2025-03-28,22:47,45.20677252906247,14.097820728964336,5
GAN,2025-03-28,22:35,45.19266083058462,14.091648666039388,7
GAN,2025-03-30,21:58,45.0962743,14.1116232,9
GAN,2025-03-30,21:56,45.0962743,14.1116232,9
GAN,2025-03-28,21:30,29.87191,-98.63163,3
GAN,2025-03-30,21:40,45.511996,10.3807732,8
GAN,2025-03-30,21:29,45.1013124,14.1052162,9
GAN,2025-03-30,21:25,45.1013124,14.1052162,9
GAN,2025-03-30,21:24,45.12521732439516,14.208639656492169,5
GAN,2025-03-30,21:23,41.34937559999999,21.5528045,9
GAN,2025-03-29,23:19,45.1251331328864,14.208508591226089,3
GAN,2025-03-28,20:06,45.12503110474388,14.208510455235476,5
GAN,2025-03-30,21:22,45.5617066,10.4526975,8
GAN,2025-03-27,21:22,45.12508031165584,14.208480988942908,7
GAN,2025-03-26,20:54,45.12503514777649,14.208481148185529,8
GAN,2025-03-25,22:41,45.12513942825069,14.208425338198497,7
GAN,2025-03-24,22:20,45.12502385943822,14.2083488218743,7
GAN,2025-03-23,21:09,45.12512286552116,14.208479297838092,5
GAN,2025-03-23,20:23,45.12497749266812,14.208385095445966,8
GAN,2025-03-21,21:17,45.12520227763792,14.20836680337211,7
GAN,2025-03-20,19:23,50.14916484643029,14.359038355892126,8
GAN,2025-03-20,19:23,50.14906086857588,14.359093634739626,8
GAN,2025-03-30,20:51,45.5954551292029,10.45356698930868,9
GAN,2025-03-30,20:50,45.5956110589491,10.453600375099484,9
GAN,2025-03-30,20:34,45.64725941734515,10.49580309653776,9
GAN,2025-03-30,20:36,45.58578596367241,10.546390425927932,8
GAN,2025-03-30,20:35,45.5855401,10.5464417,8
GAN,2025-03-25,22:01,45.091414,14.1236475,9
GAN,2025-03-30,19:22,45.09377943608686,14.12445086024145,9
GAN,2025-03-29,20:21,45.09377943608686,14.12445086024145,7
GAN,2025-03-28,20:20,45.09377943608686,14.12445086024145,8
GAN,2025-03-29,20:19,45.09377943608686,14.12445086024145,8
GAN,2025-03-28,21:17,45.09377943608686,14.12445086024145,9
GAN,2025-03-27,20:16,45.09377943608686,14.12445086024145,8
GAN,2025-03-27,20:15,45.09377943608686,14.12445086024145,8
GAN,2025-03-22,21:18,45.091414,14.1236475,9
GAN,2025-03-26,20:15,45.09377943608686,14.12445086024145,9
GAN,2025-03-25,21:16,45.0823560550055,14.120835465409192,8
GAN,2025-03-25,21:02,45.08280986823752,14.121155506794665,8
GAN,2025-03-30,00:20,23.80158223924264,-110.10704645757676,3
GAN,2025-03-29,23:55,23.80344959181124,-110.05702913493208,3
GAN,2025-03-29,22:30,23.836368084219263,-110.0515449620714,3
GAN,2025-03-25,21:02,45.08279087959164,14.121112822113474,8
GAN,2025-03-29,22:45,24.01996372051136,-110.11279315792652,3
GAN,2025-03-29,20:20,45.11165999999934,14.138286880838368,9
GAN,2025-03-29,20:00,45.11165999232704,14.13828672840307,9
GAN,2025-03-28,21:19,45.11165998292063,14.138286604902104,9
GAN,2025-03-28,20:00,45.11166,14.13828684186229,3
GAN,2025-03-27,20:15,45.11165999997987,14.138286667362678,3
GAN,2025-03-26,20:00,45.11166,14.138286919035004,9
GAN,2025-03-25,20:00,45.11165999825176,14.138290749779753,9
GAN,2025-03-25,20:10,45.11165996091096,14.138286781469676,9
GAN,2025-03-23,20:07,45.11165995870109,14.138286407730824,9
GAN,2025-03-23,21:00,45.11165994535841,14.13828464186902,5
GAN,2025-03-22,20:05,45.11165994854635,14.138287135535014,9
GAN,2025-03-21,20:00,45.11165998551471,14.138286693432429,7
GAN,2025-03-30,17:55,45.11165997557137,14.138283715834856,7
GAN,2025-03-24,19:30,33.427133,-86.68609099999999,9
GAN,2025-03-29,23:03,45.104179668733,14.119639221319046,8
GAN,2025-03-29,23:25,45.102785449000166,14.117522865477191,9
GAN,2025-03-23,21:10,45.20675507808412,14.097763869063188,7
GAN,2025-03-23,20:42,45.19264710611798,14.091631831440791,8
GAN,2025-03-29,21:49,33.5266707,-86.7280421,9
GAN,2025-03-22,21:20,45.20677417613656,14.09779471091586,9
GAN,2025-03-22,20:30,45.19259292907331,14.09167496274676,9
GAN,2025-01-21,20:31,45.81656587820101,15.897111952641424,9
GAN,2025-03-29,23:20,33.49160624916027,-86.81384370039723,9
GAN,2025-03-30,01:49,-34.78651954084897,-56.13354827363157,9
GAN,2025-03-30,01:33,-34.8753155,-56.1872569,9
GAN,2025-03-30,01:27,-34.8753604,-56.1873178,9
GAN,2025-03-29,23:20,33.4917648,-86.8141887,9
GAN,2025-03-29,21:23,33.6818891,-112.3918868,8
GAN,2025-03-23,22:10,23.551084205547376,-109.98240782273108,3
GAN,2025-03-29,21:58,10.6358355,-85.4372916,9
GAN,2025-03-23,21:50,23.551036035224705,-109.98246405719324,3
GAN,2025-03-22,23:36,27.19554461169957,-112.21235313901911,3
GAN,2025-03-22,23:07,27.226481983733034,-112.20882296769236,3
GAN,2025-03-30,00:39,0.0,0.0,8
GAN,2025-03-22,21:40,27.42989251609676,-112.52501360929512,3
GAN,2025-02-22,20:50,27.19555226889415,-112.21236424569392,3
GAN,2025-03-30,04:49,50.2390826,12.1597019,7
GAN,2025-03-29,20:49,10.648718318974405,-85.4403857189375,7
GAN,2025-03-29,20:48,10.648731301468404,-85.44048990622493,7
GAN,2025-03-29,21:41,30.336316,-98.110831,7
GAN,2025-03-29,21:32,30.36541418107105,-98.1223446320012,7
GAN,2025-03-29,21:38,30.364564661663387,-98.12274722578732,7
GAN,2025-03-29,21:32,30.36543238445224,-98.12235360042948,7
GAN,2025-03-29,21:32,30.336316,-98.110831,7
GAN,2025-03-29,21:33,30.365478449413157,-98.1216481615778,7
GAN,2025-03-29,21:32,30.36542944568201,-98.12233486099984,7
GAN,2025-02-22,20:40,26.760307302826547,-113.63070738301634,3
GAN,2025-02-22,21:05,26.80838578251832,-113.7207332974705,3
GAN,2025-03-29,20:19,10.625397598949084,-85.43827611923095,7
GAN,2025-02-28,20:17,10.638249785746464,-85.43508500235355,9
GAN,2025-03-29,21:11,30.36451092511227,-98.12284107028144,7
GAN,2025-02-21,23:15,27.001764744580093,-113.44009525406886,3
GAN,2025-03-29,22:07,17.9916094,-66.6529236,7
GAN,2025-03-25,21:45,40.1759598470356,-92.60075509161835,5
GAN,2025-03-25,21:40,40.17777396450368,-92.60098022898276,5
GAN,2025-03-29,22:06,38.1897409,-83.4338793,9
GAN,2025-03-29,21:48,17.9909308,-66.6546841,7
GAN,2025-03-29,19:18,10.6057568,-85.4497485,9
GAN,2025-03-29,17:51,10.638249785746464,-85.43508500235355,9
GAN,2025-03-29,20:22,-34.849028462857696,-56.135981227754655,9
GAN,2025-03-29,20:19,-34.8398053,-56.1570395,9
GAN,2025-03-29,19:53,0.0,0.0,9
GAN,2025-02-21,22:30,27.3284761372114,-113.11702997685792,3
GAN,2025-02-15,20:00,27.42677221875637,-112.52520312520606,3
GAN,2025-01-18,20:00,27.059951212024025,-112.23684064350576,3
GAN,2025-03-29,22:11,45.64797638644605,10.490226246774531,9
GAN,2025-03-29,20:53,52.18831462547608,8.190504769645699,5
GAN,2025-03-29,22:30,43.5458125,51.2810625,7
GAN,2025-03-28,21:03,10.5666696,-85.3909296,5
GAN,2025-03-28,19:46,33.6818437,-112.3918095,8
GAN,2025-03-28,20:13,10.639796,-85.4476271,9
GAN,2025-03-28,20:09,0.0,0.0,9
GAN,2025-03-27,08:59,11.042816,106.3354368,9
GAN,2025-03-28,20:05,10.639796,-85.4476271,9
GAN,2025-03-28,22:17,-30.8511952,-70.7729755,5
GAN,2025-03-28,19:49,0.0,0.0,9
GAN,2025-03-28,18:55,-9.600513,-35.7214773,9
GAN,2025-03-27,14:42,35.014870849587936,-113.12839362732524,9
GAN,2025-03-28,21:00,52.18835343773296,8.190142563961412,8
GAN,2025-03-28,20:40,0.0,0.0,9
GAN,2025-03-28,20:09,45.64936887607688,10.48406771299311,9
GAN,2025-03-20,21:30,33.2363016,-116.7466984,7
GAN,2025-03-28,11:22,33.2363016,-116.7466984,8
GAN,2025-03-28,19:26,-17.79315061457703,31.12632751464844,7
GAN,2025-03-25,20:54,45.62687198956614,10.58243090974448,9
GAN,2025-03-27,21:36,45.62687198956614,10.58243090974448,9
GAN,2025-03-26,21:44,47.9424274,-110.5246608,3
GAN,2025-03-27,22:02,10.6417241,-85.4357574,9
GAN,2025-03-27,21:40,10.6417191,-85.4357569,9
GAN,2025-03-27,20:40,0.0,0.0,8
GAN,2025-03-27,21:25,10.6417237,-85.4357613,9
GAN,2025-03-27,21:06,10.620778,-85.4293372,9
GAN,2025-03-27,21:07,10.62876527318858,-85.44161337344084,9
GAN,2025-03-27,21:33,33.1765091,-86.31335500000002,9
GAN,2025-03-27,21:32,33.1765091,-86.31335500000002,9
GAN,2025-03-27,21:28,33.1765091,-86.31335500000002,9
GAN,2025-03-27,21:30,20.4366387,-87.2856348,8
GAN,2025-03-27,20:08,10.639293131071412,-85.43431674518907,9
GAN,2025-03-27,20:06,10.6539707,-85.4306965,9
GAN,2025-03-27,21:35,26.8036145,-80.237674,5
GAN,2025-03-27,21:52,27.46303253180076,-81.2451927595443,3
GAN,2025-03-27,20:38,33.6601033,-86.8127702,9
GAN,2025-03-27,20:04,33.46911882963476,-86.80600033128529,9
GAN,2025-03-27,20:57,44.3839318,-68.020062,3
GAN,2025-03-27,20:56,41.31986758456402,-73.0840333761818,8
GAN,2025-03-27,20:56,39.3762145,-77.154704,5
GAN,2025-03-28,00:28,51.45884000548247,7.243280031011987,5
GAN,2025-03-27,23:55,51.45884430559659,7.243279114397083,5
GAN,2025-03-27,19:43,-34.8539485,-56.1486697,8
GAN,2025-03-27,22:43,49.69504811855276,14.05733401174354,9
GAN,2025-03-27,23:08,49.398069163660026,11.740334686196809,3
GAN,2025-03-27,22:56,51.45884686893046,7.243275140562821,5
GAN,2025-03-26,22:00,45.0963541,14.1118498,7
GAN,2025-03-26,21:58,45.0962743,14.1116232,9
GAN,2025-03-27,21:57,51.458834633660665,7.243269574410243,7
GAN,2025-03-25,21:54,45.0962743,14.1116232,9
GAN,2025-03-27,21:50,45.64682001205863,10.492809794022268,9
GAN,2025-03-25,21:52,45.0962743,14.1116232,8
GAN,2025-03-27,21:44,50.62572851872906,13.59304191055641,5
GAN,2025-03-27,21:22,50.08157645948019,14.492756232558994,9
GAN,2025-03-27,21:34,51.4588534599152,7.243286408950604,7
GAN,2025-03-27,21:26,50.77255630000001,14.2127612,8
GAN,2025-03-27,21:28,41.34937559999999,21.5528045,9
GAN,2025-03-27,21:25,50.2658303,15.3999014,3
GAN,2025-03-27,21:15,50.140369,14.3829322,9
GAN,2025-03-27,21:12,49.71297730000001,14.6734857,7
GAN,2025-03-27,21:00,50.0132394,14.6247113,8
GAN,2025-03-27,21:03,52.188236453275614,8.190523541265916,7
GAN,2025-03-27,20:05,50.13397574895107,12.797075193387268,7
GAN,2025-03-26,15:14,42.42138392402869,-5.41782464916501,3
GAN,2025-03-26,23:22,10.642219257815375,-85.44803380966187,9
GAN,2025-03-26,22:10,40.04148791039602,-105.24381530717216,8
GAN,2025-03-27,00:47,40.21348173273361,-74.77786690601074,8
GAN,2025-03-26,22:45,39.665701,-104.7906334,7
GAN,2025-03-26,21:15,10.6267438,-85.4366236,9
GAN,2025-03-26,20:15,23.872655,-110.1975191,3
GAN,2025-03-26,23:59,-34.84460238355943,-56.13333233880111,9
GAN,2025-03-26,20:03,33.681962,-112.3918971,8
GAN,2025-03-26,20:38,10.6095347,-85.4255382,9
GAN,2025-03-26,21:26,33.5007322,-86.80296539999999,9
GAN,2025-03-26,21:21,33.3082282805932,-86.72950785842238,9
GAN,2025-03-26,23:09,-34.84207339869794,-56.133639488915954,9
GAN,2025-03-26,22:10,37.87870470427576,-78.69260573863593,5
GAN,2025-03-26,20:04,10.633838680849088,-85.44707181464304,9
GAN,2025-03-26,21:31,41.50830507813122,-81.59988068888617,8
GAN,2025-03-26,20:48,33.3735315,-86.8365243,9
GAN,2025-03-26,21:45,36.585472,-76.1921536,5
GAN,2025-03-26,21:30,40.2455216,-78.8437498,7
GAN,2025-03-26,20:23,33.5789784,-86.6862879,5
GAN,2025-03-26,21:22,27.42818343926592,-82.43186703904546,7
GAN,2025-03-26,20:11,33.5789784,-86.6862879,5
GAN,2025-03-26,20:12,33.388658258367805,-86.7636142478827,8
GAN,2025-03-26,21:08,0.0,0.0,9
GAN,2025-03-26,20:53,39.3762145,-77.154704,5
GAN,2025-03-26,20:37,38.1768636,-83.4357151,8
GAN,2025-03-26,20:25,40.56231289999999,-80.0109147,8
GAN,2025-03-26,20:21,37.9214758,-83.2596216,9
GAN,2025-03-26,20:21,-34.817540191376175,-56.08738274013899,5
GAN,2025-03-26,19:50,-34.7628841,-55.8652757,9
GAN,2025-03-26,19:36,-34.837765320992425,-56.11347303535193,9
GAN,2025-03-26,19:47,-34.836353223332,-56.13057829422068,9
GAN,2025-03-26,23:06,45.62687198956614,10.58243090974448,8
GAN,2025-03-22,22:20,33.8466692,-112.2536909,9
GAN,2025-03-16,20:50,31.3391789,-113.5788021,3
GAN,2025-03-26,21:35,45.647251455153,10.492015678078545,9
GAN,2025-03-26,21:16,41.34937559999999,21.5528045,9
GAN,2025-03-26,21:15,27.0830863,33.8676187,9
GAN,2025-03-26,21:09,27.0830863,33.8676187,9
GAN,2025-02-26,19:30,40.2802758,-74.0054114,8
GAN,2025-03-12,21:23,43.9704227,-92.4932064,8
GAN,2025-03-25,22:02,33.6476417,-86.4956768,3
GAN,2025-03-21,21:11,-34.8456086836608,-56.13371851616692,9
GAN,2025-03-26,09:17,-34.845727033079086,-56.13396754136314,9
GAN,2025-03-26,02:26,38.8876336,-119.8204676,3
GAN,2025-03-20,23:00,50.8902903,3.9920928,8
GAN,2025-03-21,21:27,-34.7337962,-56.0327478,9
GAN,2025-03-26,00:29,37.16109483304669,-113.4581123697563,5
GAN,2025-03-25,21:56,33.6818738,-112.3918674,8
GAN,2025-03-24,20:48,20.756816148599444,-156.4591097831726,7
GAN,2025-03-25,21:21,33.6513368,-112.2443628,9
GAN,2025-03-24,20:48,20.75646082704137,-156.458528328299,9
GAN,2025-03-25,22:08,39.665701,-104.7906334,7
GAN,2025-03-25,21:07,36.904940243017805,-111.45922965064672,5
GAN,2025-03-21,23:43,41.76045557020485,-111.79277333050362,9
GAN,2025-03-25,20:35,33.33415925085963,-111.42503640089724,5
GAN,2025-03-25,21:35,10.775469155848516,-85.48013397153787,5
GAN,2025-03-25,21:33,10.7165156,-85.505772,8
GAN,2025-03-24,20:44,44.00566707874803,-92.55721433095307,1
GAN,2025-03-24,20:35,44.00566707874803,-92.55721433095307,1
GAN,2025-03-24,20:20,44.00566707874803,-92.55721433095307,1
GAN,2025-03-24,20:11,44.00566707874803,-92.55721433095307,1
GAN,2025-03-24,19:57,44.00566707874803,-92.55721433095307,1
GAN,2025-03-25,20:50,35.2828872,-106.7187111,5
GAN,2025-03-22,20:22,44.00549690917668,-92.5572967828513,3
GAN,2025-03-25,22:25,42.9529991,-85.5272722,8
GAN,2025-03-25,20:27,10.64144041333535,-85.43516615832367,9
GAN,2025-03-25,20:26,10.5730076,-85.4072826,9
GAN,2025-03-25,21:24,33.620776424056366,-86.19610334732313,8
GAN,2025-03-25,20:59,33.62338383696412,-86.30844047739758,7
GAN,2025-03-25,22:58,-34.86575807629888,-56.12945153373333,9
GAN,2025-03-22,21:30,10.6417258,-85.4357631,9
GAN,2025-03-25,22:55,-34.9077575,-56.2112596,9
GAN,2025-03-25,20:49,33.59510371866497,-86.5791786730929,9
GAN,2025-03-25,21:41,35.7841869244065,-78.67093713608962,9
GAN,2025-03-25,21:38,41.7167388,-85.8173723,8
GAN,2025-03-25,20:20,30.35843473506587,-91.1251364224251,9
GAN,2025-03-25,21:31,35.78657570064285,-78.66682728511826,9
GAN,2025-03-25,21:27,35.786429183714006,-78.66676521134234,9
GAN,2025-03-25,20:19,30.358305780983564,-91.12523699788171,9
GAN,2025-03-25,20:07,33.334230671538776,-86.8958170361755,9
GAN,2025-03-25,21:39,-34.84212672880532,-56.13400982775934,9
GAN,2025-03-25,20:32,42.32442728841864,-72.6875431000441,7
GAN,2025-03-25,20:27,42.7284117,-73.69178509999999,5
GAN,2025-03-25,20:59,-34.837765320992425,-56.11347303535193,9
GAN,2025-03-25,19:09,41.7785,-87.8696,9
GAN,2025-03-25,18:49,79.71475800102573,-51.00690044785597,9
GAN,2025-03-25,18:49,0.0,0.0,9
GAN,2025-03-25,18:53,0.0,0.0,9
GAN,2025-03-25,18:55,36.6942252,-91.3993039,9
GAN,2025-03-17,20:55,38.8119527,-94.5318982,9
GAN,2025-03-25,18:49,37.0373005,-95.6163665,9
GAN,2025-03-24,19:45,21.3666556684449,-157.9129299399438,8
GAN,2025-03-24,21:30,33.8926003,-86.757773,8
GAN,2025-03-25,21:54,41.34937559999999,21.5528045,9
GAN,2025-03-25,21:52,45.4930069,10.489637,7
GAN,2025-03-25,21:46,45.623397,10.5636497,9
GAN,2025-03-25,21:28,45.64618148075636,10.4949567314824,9
GAN,2025-02-24,14:54,38.8742705,-99.33472,9
GAN,2025-03-25,20:48,45.62687198956614,10.58243090974448,9
GAN,2025-03-22,20:30,33.1568186,-117.096554,8
GAN,2025-03-20,11:48,33.3479004,-117.1503611,8
GAN,2025-03-21,21:17,33.152989549080566,-117.34127865474764,9
GAN,2025-03-24,21:38,37.3664633,-122.0565792,8
GAN,2025-03-24,22:43,45.0962743,14.1116232,9
GAN,2025-03-25,16:42,45.0962743,14.1116232,9
GAN,2025-03-24,22:40,45.0962743,14.1116232,8
GAN,2025-03-24,23:45,30.70629156156997,-95.48199560568848,5
GAN,2025-03-25,09:57,30.710864884551548,-95.5108822410742,8
GAN,2025-03-24,23:35,30.765181308982463,-95.5041949501535,5
GAN,2025-03-24,23:30,30.79838158030004,-95.45725195086736,7
GAN,2025-03-25,09:52,30.809315769878307,-95.44340697734592,5
GAN,2025-03-24,22:50,30.810949135598754,-95.43418043509396,5
GAN,2025-03-24,21:01,44.0107008,-92.4581888,9
GAN,2025-03-21,20:36,44.018684060253086,-92.5047092728974,5
GAN,2025-03-20,21:25,10.621340277213674,-85.45166100419605,3
GAN,2025-03-25,02:27,38.88788,-119.81844633333333,3
GAN,2025-03-25,02:17,37.16108172385041,-113.45809538287884,5
GAN,2025-03-23,21:30,33.22908005473874,-97.17003795101384,9
GAN,2025-03-24,23:16,33.499945916178284,-86.80540323257446,9
GAN,2025-03-24,21:09,33.55926202055658,-112.05807969215395,7
GAN,2025-03-24,23:12,33.511419827919575,-101.93535852230173,9
GAN,2025-03-24,23:07,33.511419827919575,-101.93535852230173,8
GAN,2025-03-24,20:56,32.610734032514905,-110.7970011899958,3
GAN,2025-03-24,21:53,0.0,0.0,9
GAN,2025-03-24,21:52,0.0,0.0,9
GAN,2025-03-24,22:37,30.69277967569095,-97.70263856444632,8
GAN,2025-03-24,20:31,33.6818976,-112.3917598,8
GAN,2025-03-24,21:08,10.6396081,-85.4461507,9
GAN,2025-03-24,21:06,10.63961,-85.4461579,9
GAN,2025-03-24,21:04,37.1610917851795,-113.45809281934878,5
GAN,2025-03-24,21:45,34.6940614,-86.7200429,9
GAN,2025-03-24,21:31,32.3649661,-86.0555941,9
GAN,2025-03-24,20:15,0.0,0.0,9
GAN,2025-03-24,20:37,35.58169911052256,-97.53519399784284,9
GAN,2025-03-24,21:05,39.1066667,-84.377385,8
GAN,2025-03-24,21:36,37.9214758,-83.2596216,7
GAN,2025-03-24,21:28,38.0338176,-83.165184,7
GAN,2025-03-24,20:12,33.42405706050496,-86.68452425325894,7
GAN,2025-03-22,20:35,41.0068127,-74.5181719,5
GAN,2025-03-22,20:35,41.0068127,-74.5181719,5
GAN,2025-03-24,23:06,45.62687198956614,10.58243090974448,9
GAN,2025-03-22,20:35,41.0068127,-74.5181719,5
GAN,2025-03-24,22:08,45.4930009,10.4895995,8
GAN,2025-03-24,22:06,45.4930044,10.4895957,8
GAN,2025-03-24,22:03,45.1013124,14.1052162,8
GAN,2025-03-24,21:39,45.1013124,14.1052162,9
GAN,2025-03-24,21:21,45.5117748,10.3807486,8
GAN,2025-03-24,21:17,45.5955118,10.4538791,7
GAN,2025-03-24,21:09,45.5616914,10.4525733,9
GAN,2025-03-24,20:19,17.124388404897907,48.32375782363279,8
GAN,2025-03-24,20:06,45.5496158,10.5627674,9
GAN,2025-03-24,20:00,45.5495,10.5626762,7
GAN,2025-03-24,19:54,45.5495028,10.5627039,7
GAN,2025-03-24,19:54,45.5856235,10.5463847,8
GAN,2025-03-24,19:48,45.549494,10.562666,8
GAN,2025-03-23,21:40,35.7893925,-78.67663739999999,9
GAN,2025-03-23,21:30,35.7758819,-78.6426663,9
GAN,2025-03-22,21:14,42.9839778,-88.0334546,9
GAN,2025-03-22,21:14,0.0,0.0,9
GAN,2025-03-23,01:18,35.778713221695064,-78.6626853794592,9
GAN,2025-03-23,21:48,33.59036036168072,-111.78957495963157,8
GAN,2025-03-23,21:48,31.960828444412563,-111.59947222002496,3
GAN,2025-03-22,20:30,33.08320775752348,-116.59839268408204,8
GAN,2025-03-23,21:40,40.210770552484135,-92.63048029724742,3
GAN,2025-03-23,21:35,10.6260911,-85.4296366,9
GAN,2025-03-23,21:35,40.21050817157183,-92.63032875243807,3
GAN,2025-03-23,21:25,40.19189571180087,-92.6491464995932,3
GAN,2025-03-23,21:21,40.18826719555212,-92.64128352357729,3
GAN,2025-03-23,21:16,40.18404000234925,-92.6415489131156,3
GAN,2025-03-23,20:57,40.17970549556164,-92.64665016346476,3
GAN,2025-03-23,20:53,40.178387075011656,-92.65182001102094,3
GAN,2025-03-23,20:47,40.19009387287629,-92.64871293054117,3
GAN,2025-03-23,20:27,33.6819219,-112.3918863,8
GAN,2025-03-23,21:24,10.6351226,-85.4206393,8
GAN,2025-03-23,20:35,10.6463895,-85.4395393,9
GAN,2025-03-23,20:26,10.6381021,-85.4359686,9
GAN,2025-03-23,20:20,10.6390039,-85.450363,9
GAN,2025-03-23,20:15,10.638897953315189,-85.45038823034649,9
GAN,2025-03-23,20:08,10.6390039,-85.450363,9
GAN,2025-03-23,22:09,40.67560935648496,-80.12046660968466,9
GAN,2025-03-23,20:00,10.64853792835572,-85.43447898404182,9
GAN,2025-03-23,19:39,0.0,0.0,9
GAN,2025-03-23,21:21,35.74614873420509,-78.58406220322914,9
GAN,2025-03-23,19:01,10.6640364,-85.4729997,9
GAN,2025-03-23,20:47,42.7284117,-73.69178509999999,9
GAN,2025-03-23,19:25,40.33066018083749,-74.6847624909295,9
GAN,2025-03-06,17:46,40.35582530917846,-74.66206872057448,9
GAN,2025-03-23,19:49,-34.83908343519231,-56.13672354093045,9
GAN,2025-03-23,21:53,41.34937559999999,21.5528045,9
GAN,2025-03-14,21:16,0.0,0.0,8
GAN,2025-03-23,22:12,58.34849805576573,26.56522186475486,7
GAN,2025-03-23,01:24,39.6471031,-76.9874394,5
GAN,2025-02-27,20:17,18.00036289529872,-66.0325233195538,9
GAN,2025-02-26,21:41,0.0,0.0,9
GAN,2025-02-23,20:25,47.61018835000599,20.728158407369644,3
GAN,2025-02-20,19:10,47.60863003091745,20.722094628316324,3
GAN,2025-02-20,18:50,47.60585695534747,20.716833545939732,3
GAN,2025-02-20,18:30,47.60251693006133,20.714280662502688,3
GAN,2025-03-21,23:00,50.01262045558043,14.438472634670342,9
GAN,2025-03-22,22:47,49.929003,14.2688259,8
GAN,2025-03-22,21:11,50.0906386,14.3521308,5
GAN,2025-03-22,21:11,50.0906386,14.3521308,5
GAN,2025-03-22,21:59,37.3626785,-122.0590178,9
GAN,2025-03-22,21:55,37.3626785,-122.0590178,9
GAN,2025-03-22,22:46,10.638832068237154,-85.42523524447756,8
GAN,2025-03-22,20:50,33.682271,-112.3916679,8
GAN,2025-03-22,21:42,10.6435139,-85.4263155,9
GAN,2025-03-22,21:20,10.6435095,-85.4262943,9
GAN,2025-03-22,20:05,42.8294064,-73.7111515,8
GAN,2025-03-22,21:01,10.620798073243977,-85.42758469654389,9
GAN,2025-03-22,22:00,33.2956275,-86.7718017,9
GAN,2025-03-22,22:50,41.492683667082986,-81.55024689266601,7
GAN,2025-03-22,20:53,10.6309353,-85.4469569,9
GAN,2025-03-22,21:33,33.296224,-86.8436004,9
GAN,2025-03-22,21:25,33.497508,-86.8044186,9
GAN,2025-03-22,21:13,33.6532071282648,-86.81356408885064,7
GAN,2025-03-22,21:09,32.1553167,-85.4974217,9
GAN,2025-03-22,21:03,32.1552946,-85.497341,9
GAN,2025-03-22,20:57,32.1552958,-85.4973472,9
GAN,2025-03-22,20:53,33.9564682,-86.580896,7
GAN,2025-03-22,21:43,35.78151809422173,-78.66335179128023,9
GAN,2025-03-22,20:44,41.510328884476266,-81.69722461092827,8
GAN,2025-03-22,21:02,35.96266383301322,-79.89699519607578,7
GAN,2025-03-22,20:02,33.4188725,-86.8093435,9
GAN,2025-03-23,01:15,49.3866401,8.802280999999999,9
GAN,2025-03-22,20:05,35.746127615108115,-78.58409345951006,9
GAN,2025-03-22,21:50,49.8705278,14.4126013,8
GAN,2025-03-22,22:07,58.41339929966108,26.936852233509477,5
GAN,2025-03-22,20:00,49.7092186,14.8936874,8
GAN,2025-03-21,23:04,34.7402552,-86.6632831,8
GAN,2025-03-22,08:35,31.315236178685016,-89.32210282747042,9
GAN,2025-03-21,23:04,34.74001,-86.6644532,8
GAN,2025-03-01,23:30,46.80996639461977,6.0733317499861,3
GAN,2025-03-21,21:32,37.3574411,-122.0538704,8
GAN,2025-03-20,22:21,33.0596352,-117.2504576,7
GAN,2025-03-21,22:19,33.0596352,-117.2504576,7
GAN,2025-03-18,22:15,33.0596352,-117.2504576,9
GAN,2025-03-21,21:58,33.7275446,-112.2792387,9
GAN,2025-03-21,22:04,32.51419331873135,-110.89508373995132,3
GAN,2025-03-21,22:01,33.1567077,-117.1856635,9
GAN,2025-03-21,23:06,30.42502374893652,-91.13600708476017,9
GAN,2025-03-21,20:59,33.45881689140081,-112.0366034378328,9
GAN,2025-03-21,20:57,38.025575487416845,-122.13960765303013,7
GAN,2025-03-21,22:56,30.41201125336699,-91.15282553198298,9
GAN,2025-03-21,23:53,40.21346823288715,-74.77788824502854,8
GAN,2025-03-21,22:48,30.41400761384028,-91.17825649727924,9
GAN,2025-03-21,21:39,10.4072992,-85.4375574,9
GAN,2025-03-21,21:30,10.6505184,-85.4296527,9
GAN,2025-03-21,20:45,38.01788062671677,-122.13396151361636,8
GAN,2025-03-21,21:41,10.576576576576576,-85.39679746342549,7
GAN,2025-03-21,23:44,39.98428370398466,-78.95496098068291,9
GAN,2025-03-21,22:41,30.43478257548543,-91.16859140202524,9
GAN,2025-03-21,22:36,30.43235420034053,-91.15260974110224,9
GAN,2025-03-21,21:32,10.6277139,-85.4347226,9
GAN,2025-03-21,22:30,30.4425707446414,-91.14073639187971,9
GAN,2025-03-21,21:27,10.6405115,-85.4388074,9
GAN,2025-03-21,21:30,10.62570355975926,-85.4305769025,7
GAN,2025-03-21,21:30,10.6277139,-85.4347226,9
GAN,2025-03-21,21:26,10.625700758243363,-85.43057762881297,8
GAN,2025-03-21,20:21,38.01077736336595,-122.12986178287647,8
GAN,2025-03-21,21:28,10.6277139,-85.4347226,9
GAN,2025-03-21,22:25,30.44276202918604,-91.13030568805752,9
GAN,2025-03-21,21:26,9.748917,-83.753428,9
GAN,2025-03-21,20:22,33.59419265813383,-112.13263064082376,8
GAN,2025-03-21,21:23,10.566868951997344,-85.38587816135752,7
GAN,2025-03-21,21:23,10.6275766,-85.4348032,9
GAN,2025-03-21,21:21,10.6275766,-85.4348032,9
GAN,2025-03-21,22:17,30.433712755589514,-91.11440646407634,9
GAN,2025-03-21,21:20,10.6275766,-85.4348032,9
GAN,2025-03-21,21:17,10.6294059,-85.4301203,9
GAN,2025-03-21,22:15,0.0,0.0,9
GAN,2025-03-21,21:15,10.566868951997344,-85.38587816135752,7
GAN,2025-03-21,23:10,35.78148392167118,-78.66339529727665,9
GAN,2025-03-21,21:10,10.62379809357657,-85.43361731984794,7
GAN,2025-03-21,22:09,26.43122806450644,-87.1875,9
GAN,2025-03-21,22:08,0.0,0.0,9
GAN,2025-03-21,22:07,0.0,0.0,9
GAN,2025-03-21,21:06,10.643862431279752,-85.42451544995218,9
GAN,2025-03-21,20:01,33.6818815,-112.3919053,8
GAN,2025-03-21,20:55,10.6427583,-85.4456271,9
GAN,2025-03-21,20:08,10.6386153,-85.4311094,9
GAN,2025-03-21,22:52,35.74570939388024,-78.5836892923719,9
GAN,2025-03-21,19:49,33.1759581,-117.3610013,9
GAN,2025-03-21,20:47,10.60830531037464,-85.42626921543733,8
GAN,2025-03-21,20:48,10.623978725308328,-85.43339791040349,8
GAN,2025-03-21,20:39,10.6066209,-85.4489861,9
GAN,2025-03-21,22:37,40.95018206830852,-76.88250563130696,7
GAN,2025-03-21,20:36,10.6475464,-85.44174819999999,8
GAN,2025-03-21,22:35,37.8440246,-83.8305386,8
GAN,2025-03-21,20:36,10.64469363199395,-85.44221108329357,8
GAN,2025-03-21,20:33,10.620241882094236,-85.43158077293968,9
GAN,2025-03-21,20:32,10.645423,-85.4344803,9
GAN,2025-03-21,20:30,10.6290498,-85.4352345,7
GAN,2025-03-21,20:28,10.629777064539995,-85.4381734513909,9
GAN,2025-03-21,20:24,10.6453799,-85.4432252,5
GAN,2025-03-21,21:23,33.282965573752975,-86.83997069226828,9
GAN,2025-03-21,20:16,10.63344041721036,-85.4266096536301,9
GAN,2025-03-21,21:05,33.28215051615029,-86.83986902965847,9
GAN,2025-03-21,20:05,10.64995231072794,-85.43272645853064,9
GAN,2025-03-21,20:05,10.6452073,-85.434126,9
GAN,2025-03-21,20:04,10.6450632,-85.4340683,9
GAN,2025-03-21,20:00,10.6398667,-85.4487789,9
GAN,2025-03-21,20:00,10.6404267,-85.433349,9
GAN,2025-03-21,19:51,0.0,0.0,9
GAN,2025-03-21,21:42,42.60428441809032,-71.19755027608112,8
GAN,2025-03-21,20:40,33.5009384,-86.75221069999999,8
GAN,2025-03-21,22:03,-34.8300827,-56.2101618,9
GAN,2025-03-21,20:36,42.7284117,-73.69178509999999,9
GAN,2025-03-21,20:40,42.2935733,-71.3059277,8
GAN,2025-03-21,21:46,0.0,0.0,9
GAN,2025-03-21,20:40,42.7422254,-73.670922,9
GAN,2025-03-21,20:23,40.7933949,-77.8600012,8
GAN,2025-03-21,20:17,40.79996516042827,-77.8589010879897,8
GAN,2025-03-21,20:06,40.8103574,-77.8925008,9
GAN,2025-03-21,18:56,40.8147955,-77.86531260000001,9
GAN,2025-03-17,20:35,40.806640335396864,-77.86324728287558,7
GAN,2025-03-21,22:39,50.0847825,12.8334747,7
GAN,2025-03-20,19:55,33.2767388,-116.8538435,8
GAN,2025-03-21,14:28,33.1332174,-117.2024721,8
GAN,2025-03-20,14:25,33.24926255677966,-116.74131421559986,5
GAN,2025-03-20,23:25,29.871807,-98.631523,3
GAN,2025-03-21,21:47,50.32717599999999,13.5457856,8
GAN,2025-03-20,21:19,33.1433723,-117.1661449,8
GAN,2025-03-21,20:56,59.48251581038013,13.128932659547544,5
GAN,2025-03-21,21:50,50.13608570007696,12.791666165384248,5
GAN,2025-03-12,21:15,39.16454,-78.10151540000001,7
GAN,2025-03-21,21:46,49.8096167,14.7560368,5
GAN,2025-03-21,21:39,41.34937559999999,21.5528045,9
GAN,2025-03-21,21:26,50.02344261157956,14.488490713242928,9
GAN,2025-03-21,21:29,50.5492276,16.3452149,8
GAN,2025-03-21,21:00,52.18819222442848,8.19051020805654,7
GAN,2025-03-21,21:07,50.0755381,14.4378005,8
GAN,2025-03-21,21:01,50.4058263,14.519133,8
GAN,2025-03-21,21:00,50.14842849999999,14.5871622,7
GAN,2025-03-21,20:56,50.43987326176328,13.72841660226046,7
GAN,2025-03-21,20:54,50.43989250504355,13.72841607911239,7
GAN,2025-03-20,21:00,33.2363016,-116.7466984,7
GAN,2025-03-21,20:39,49.984717,14.3608256,8
GAN,2025-03-20,20:43,33.1365007,-117.2211797,7
GAN,2025-03-20,20:43,33.1365007,-117.2211797,7
GAN,2025-03-21,12:41,33.140251,-117.2032162,7
GAN,2025-03-21,20:23,50.081108,14.3979028,9
GAN,2025-03-21,09:01,10.6205369,-85.4518955,9
GAN,2025-03-21,10:39,43.897353010252125,-69.97804136015475,9
GAN,2025-03-21,19:29,35.692582,139.4130088,9
GAN,2025-03-21,19:30,35.692582,139.4130088,8
GAN,2025-03-21,00:01,33.1604323,-117.1264983,9
GAN,2025-03-20,23:09,33.6532999,-112.021812,9
GAN,2025-03-20,22:43,33.4236103,-111.9665764,9
GAN,2025-03-20,22:42,33.4255104,-111.9400054,9
GAN,2025-03-20,21:58,10.646385616328024,-85.43877666360194,9
GAN,2025-03-20,21:54,10.645892001926768,-85.43855400894566,9
GAN,2025-03-20,21:53,10.6359081,-85.4226864,1
GAN,2025-03-20,21:52,10.636029847240655,-85.42255628768456,1
GAN,2025-03-20,21:50,10.6359081,-85.4226864,1
GAN,2025-03-20,20:19,32.2438145,-110.9447027,9
GAN,2025-03-20,19:55,33.216825075996056,-117.29009100955712,8
GAN,2025-03-20,20:00,33.1388981,-117.0974384,8
GAN,2025-03-20,21:09,40.21095855508885,-92.63002565936048,3
GAN,2025-03-20,20:50,41.917519,-88.08138129999999,9
GAN,2025-03-20,23:08,53.46992046388067,-2.2303131454022296,8
GAN,2025-03-20,21:44,53.46967,-2.252255,8
GAN,2025-03-20,21:42,53.46967,-2.252255,8
GAN,2025-03-20,21:32,53.47171035349385,-2.243588947160806,8
GAN,2025-03-20,21:21,49.39091879999999,8.7989856,8
GAN,2025-03-20,21:22,41.34937559999999,21.5528045,9
GAN,2025-03-20,20:14,49.0682328,13.6148161,5
GAN,2025-03-20,14:24,38.7945952,-106.5348379,7
GAN,2025-03-20,20:19,0.0,0.0,9
GAN,2025-03-19,21:10,33.1433723,-117.1661449,8
GAN,2025-03-20,12:51,42.9643636,-88.0910946,9
GAN,2025-03-19,20:01,33.1606374,-117.1248618,8
GAN,2025-03-19,22:26,33.1433723,-117.1661449,9
GAN,2025-03-19,23:29,38.80613620190445,-104.83728126308912,9
GAN,2025-03-19,21:35,29.56004230764293,-98.449028750202,7
GAN,2025-03-19,20:29,10.6580861,-85.4231463,9
GAN,2025-03-19,20:24,0.0,0.0,9
GAN,2025-03-19,23:03,0.0,0.0,9
GAN,2025-03-18,19:06,0.0,0.0,9
GAN,2025-03-17,21:53,0.0,0.0,9
GAN,2025-03-16,21:07,0.0,0.0,9
GAN,2025-03-15,22:59,0.0,0.0,9
GAN,2025-03-14,12:31,0.0,0.0,9
GAN,2025-03-13,14:03,0.0,0.0,9
GAN,2025-03-12,13:04,0.0,0.0,9
GAN,2025-03-11,23:15,0.0,0.0,9
GAN,2025-03-07,23:25,0.0,0.0,9
GAN,2025-03-06,12:58,0.0,0.0,9
GAN,2025-03-05,22:01,0.0,0.0,9
GAN,2025-03-04,20:36,0.0,0.0,9
GAN,2025-03-03,22:52,0.0,0.0,9
GAN,2025-03-19,22:20,57.69646302885174,11.969036424485502,7
GAN,2025-03-19,21:48,49.39091879999999,8.7989856,8
GAN,2025-03-19,21:29,41.34937559999999,21.5528045,9
GAN,2025-03-19,19:54,-37.8123652,144.9623382,9
GAN,2025-03-19,20:35,0.0,0.0,9
GAN,2025-03-18,20:30,0.0,0.0,8
GAN,2025-02-22,23:00,32.04217764009765,-115.92191748747771,3
GAN,2025-02-01,08:52,32.08387649149526,-115.86476237507284,3
GAN,2025-03-18,20:15,53.89085592054339,10.0330853260098,9
GAN,2025-03-19,07:54,-34.8457848,-56.133823,9
GAN,2025-03-18,20:22,33.13658686153993,-117.22122350194908,8
GAN,2025-03-18,20:49,33.15282204379002,-117.09189914353529,8
GAN,2025-03-18,20:46,31.61574741686776,-115.67543238066406,8
GAN,2025-03-18,23:16,41.2306979,-73.064036,9
GAN,2025-03-18,20:14,36.778261,-119.4179324,8
GAN,2025-03-18,20:07,33.0944291385313,-117.29093255409798,8
GAN,2025-03-18,22:50,37.24506544774671,-80.01960111781466,5
GAN,2025-03-18,19:48,33.12204939647156,-117.2144472568686,8
GAN,2025-03-18,22:28,40.961861,-76.885927,7
GAN,2025-03-18,22:31,42.71126330000001,-73.1994775,7
GAN,2025-03-18,22:07,40.801895646636005,-77.85838771819245,9
GAN,2025-03-18,21:06,29.56001121777841,-98.44906661375111,8
GAN,2025-03-18,21:57,39.3762145,-77.154704,5
GAN,2025-03-18,20:16,40.43041992369509,-79.91507810574937,9
GAN,2025-03-18,20:10,40.8678097,-74.6936232,8
GAN,2025-03-18,20:39,-34.840690499472096,-56.1334694707281,5
GAN,2025-03-19,00:39,51.45883831869256,7.24326002377528,5
GAN,2025-03-18,23:15,49.3957577,8.8062477,9
GAN,2025-03-18,23:11,51.45883470594409,7.243252859002465,5
GAN,2025-03-18,21:49,51.60557480000001,-0.0681664999999999,8
GAN,2025-03-18,22:41,49.3922,8.7926879,9
GAN,2025-03-18,22:32,49.3866401,8.802280999999999,8
GAN,2025-03-18,22:27,51.45884281936519,7.243264153567948,5
GAN,2025-03-18,21:31,51.45883447530426,7.243259617534599,7
GAN,2025-03-18,21:13,0.0,0.0,9
GAN,2025-03-18,20:40,49.3401597,8.799045,9
GAN,2025-03-18,20:42,49.39091879999999,8.7989856,8
GAN,2025-03-17,20:00,0.0,0.0,8
GAN,2025-03-17,22:06,41.56065325015464,-81.42995835352305,7
GAN,2025-03-17,22:52,39.3762145,-77.154704,5
GAN,2025-03-17,21:15,26.8036145,-80.237674,5
GAN,2025-03-17,19:11,10.6421353,-85.4317542,9
GAN,2025-03-17,20:27,0.0,0.0,9
GAN,2025-03-17,20:08,39.76736662794968,-76.69181602845828,9
GAN,2025-03-17,20:20,-34.83776435877456,-56.11347137783354,9
GAN,2025-03-17,22:49,49.39902650055295,8.802377345844361,9
GAN,2025-03-17,22:09,50.1333837,14.2365146,8
GAN,2025-03-17,14:17,33.1332223,-117.202458,9
GAN,2025-03-17,20:53,49.3866401,8.802280999999999,9
GAN,2025-03-17,20:14,49.3866401,8.802280999999999,9
GAN,2025-03-17,18:44,26.472638402108704,87.27504399641792,9
GAN,2025-03-16,21:30,49.3866401,8.802280999999999,7
GAN,2025-03-16,22:04,44.00644862135948,-92.49083577906812,7
GAN,2025-03-16,21:51,44.011233806766754,-92.49969223971212,7
GAN,2025-03-16,21:47,44.0142935,-92.5046597,5
GAN,2025-03-16,21:38,29.559980361219072,-98.44902846088048,7
GAN,2025-03-16,20:33,10.64375757083914,-85.42635628627275,9
GAN,2025-03-16,21:01,40.21082376826984,-92.6304899392364,3
GAN,2025-03-16,21:30,49.355628105326254,8.86837151649675,8
GAN,2025-03-16,21:30,49.35562446645632,8.868336411797522,8
GAN,2025-03-16,21:02,49.3866401,8.802280999999999,8
GAN,2025-03-16,20:35,49.38699236864771,8.843487414090667,7
GAN,2025-03-16,20:49,41.34937559999999,21.5528045,9
GAN,2025-03-16,20:40,0.0,0.0,7
GAN,2025-03-16,19:51,49.39091879999999,8.7989856,8
GAN,2025-03-16,19:47,49.3922,8.7926879,9
GAN,2025-03-16,19:40,50.1109221,8.6821267,9
GAN,2025-03-16,19:37,50.1109221,8.6821267,9
GAN,2025-03-16,15:06,0.0,0.0,1
GAN,2025-03-15,20:22,-34.8329417843397,-56.11401802965258,9
GAN,2025-03-15,22:30,41.3453524,21.5524057,9
GAN,2025-03-15,19:20,50.1053709,14.3944433,9
GAN,2025-03-13,23:05,44.0193287,-92.45883270000002,9
GAN,2025-03-13,23:04,44.0193287,-92.45883270000002,9
GAN,2025-03-14,19:03,0.0,0.0,9
GAN,2025-03-13,23:01,44.0193287,-92.45883270000002,1
GAN,2025-03-14,11:00,-23.4260116,-46.5471644,1
GAN,2025-03-14,03:22,40.9467774,-76.8821502,7
GAN,2025-03-14,03:10,40.94679596290699,-76.88215334238046,7
GAN,2025-03-14,02:18,41.4926481445201,-81.55028561742509,7
GAN,2025-02-28,19:13,17.9733510120142,-65.95673077358262,9
GAN,2025-03-07,19:42,52.688396062684966,18.53551515673943,7
GAN,2025-03-13,14:14,37.14313989849413,-3.631463392463228,9
GAN,2025-02-28,19:03,17.989200028943294,-66.05913792736334,7
GAN,2025-02-26,23:24,17.989372365744106,-66.05922385541372,8
GAN,2025-03-12,21:04,10.6437077,-85.44336,9
GAN,2025-03-12,20:48,10.642150313213827,-85.44630139571763,1
GAN,2025-03-12,20:52,10.649600169855695,-85.43249771063016,9
GAN,2025-02-25,21:14,17.975414500948503,-66.1137152758027,9
GAN,2025-03-11,20:37,18.0020611,-65.9946883,7
GAN,2025-03-09,20:42,18.0020611,-65.9946883,5
GAN,2025-02-27,22:47,18.0113993,-66.0236244,9
GAN,2025-02-24,21:44,18.0113993,-66.0236244,9
GAN,2025-03-11,20:26,18.0020611,-65.9946883,7
GAN,2025-03-12,18:42,18.0113993,-66.0236244,9
GAN,2025-03-09,20:36,18.0020566,-65.9946889,7
GAN,2025-03-08,20:30,18.0020609,-65.9946316,8
GAN,2025-03-07,20:27,18.0020609,-65.9946316,9
GAN,2025-03-12,17:58,57.32652122521709,77.6953125,9
GAN,2025-03-12,21:55,41.34937559999999,21.5528045,9
GAN,2025-02-25,21:58,17.981701997611708,-66.04913507494692,3
GAN,2025-02-24,22:19,17.98169912492159,-66.04920912367132,5
GAN,2025-02-22,20:35,17.981711882000724,-66.04916547479414,8
GAN,2025-03-11,22:40,26.88759055099764,-80.12875242248992,9
GAN,2025-03-11,20:28,10.6401471,-85.4341375,9
GAN,2025-03-11,20:49,42.4439614,-76.5018807,8
GAN,2025-03-11,21:10,40.68451659999999,-80.1345497,5
GAN,2025-03-11,20:55,17.995685487024392,-66.0957478339415,8
GAN,2025-02-23,22:18,17.988689,-65.997345,8
GAN,2025-03-11,19:03,17.988689,-65.997345,9
GAN,2025-03-11,21:47,41.34937559999999,21.5528045,9
GAN,2025-02-21,20:39,17.981710573198956,-66.05098639709455,9
GAN,2025-03-11,16:08,17.981726139261113,-66.05101669382047,9
GAN,2025-02-19,20:33,17.98035012003397,-66.22261808273925,9
GAN,2025-02-22,22:15,38.95321954170622,-92.36957698315072,7
GAN,2025-02-22,21:45,38.94494713991968,-92.32655313714524,8
GAN,2025-02-22,21:30,38.94647517497534,-92.3288025406668,8
GAN,2025-02-24,20:45,47.1758415,-122.5783442,7
GAN,2025-02-22,19:30,47.1763294,-122.5776769,9
GAN,2025-02-20,20:00,47.1758415,-122.5783442,7
GAN,2025-03-10,23:48,40.67561937782893,-80.12045692550183,9
GAN,2025-02-25,22:10,10.641520239120489,-85.44825700767896,5
GAN,2025-03-10,21:43,40.7164495,-80.1205256,9
GAN,2025-03-10,21:28,40.7164495,-80.1205256,9
GAN,2025-03-10,21:18,40.7164495,-80.1205256,9
GAN,2025-02-10,21:32,10.6266366,-85.4364475,9
GAN,2025-03-10,20:30,0.0,0.0,9
GAN,2025-03-09,22:19,43.996993877542415,-92.53588669030546,7
GAN,2025-03-09,22:06,44.00453790028296,-92.48520213281066,8
GAN,2025-03-09,21:01,10.6341273,-85.4398195,9
GAN,2025-03-09,21:41,44.01021355250872,-92.4997943039227,7
GAN,2025-03-09,20:45,44.0144577,-92.5048722,7
GAN,2025-03-09,19:55,10.62797839806906,-85.43482384598052,8
GAN,2025-03-09,22:31,38.832408,-77.610163,9
GAN,2025-02-25,22:18,17.9709961,-66.0638168,9
GAN,2025-02-24,22:16,0.0,0.0,9
GAN,2025-03-09,20:11,10.6310653,-85.4479697,9
GAN,2025-03-09,20:20,30.0971621,-95.6160549,9
GAN,2025-03-09,21:37,40.68424761502912,-73.9286197281114,9
GAN,2025-03-09,20:30,40.7219134871739,-73.50873676993423,7
GAN,2025-03-09,23:19,0.0,0.0,7
GAN,2025-03-09,21:57,41.34937559999999,21.5528045,9
GAN,2025-02-28,21:23,17.99534539695656,-66.05877957516313,5
GAN,2025-02-26,20:30,17.99534539695656,-66.05877957516313,5
GAN,2025-03-09,20:53,41.3520718,21.5466232,9
GAN,2025-03-09,20:23,0.0,0.0,8
GAN,2025-03-09,19:57,49.39498248749688,8.840705798536563,5
GAN,2025-03-09,09:52,34.2448871,-115.723559,3
GAN,2025-03-09,19:43,49.3866401,8.802280999999999,7
GAN,2025-03-09,19:37,49.3751173,8.892225999999999,8
GAN,2025-02-28,20:25,30.687525926582914,-88.06571960449219,9
GAN,2025-03-08,22:30,49.43865569446476,8.81146465011887,7
GAN,2025-03-06,19:45,47.3536799,-122.6222922,7
GAN,2025-03-08,21:46,10.648661646649153,-85.43670729934003,8
GAN,2025-03-08,20:59,0.0,0.0,7
GAN,2025-03-08,20:56,41.5770433,-73.4085463,9
GAN,2025-03-08,20:56,41.040263389313374,-81.50417142765033,9
GAN,2025-03-08,22:13,49.4611536623641,8.806181218673643,8
GAN,2025-03-08,21:59,41.3456642,21.5533776,9
GAN,2025-03-08,20:50,41.34937559999999,21.5528045,9
GAN,2025-03-08,18:56,52.66784230357592,18.57506072345065,7
GAN,2025-02-27,22:00,47.174677850266704,-122.5141339296436,8
GAN,2025-03-04,21:00,47.6061389,-122.3328481,5
GAN,2025-03-06,22:49,47.103988,-122.4345661,7
GAN,2025-03-06,22:38,47.103988,-122.4345661,3
GAN,2025-02-27,22:30,47.168115544666215,-122.19071068524642,5
GAN,2025-02-24,20:45,47.1758415,-122.5783442,7
GAN,2025-02-22,19:30,47.1758415,-122.5783442,7
GAN,2025-03-07,21:38,0.0,0.0,8
GAN,2025-02-20,20:00,47.1758415,-122.5783442,7
GAN,2025-03-07,20:29,10.646320986684245,-85.43953636604357,3
GAN,2025-03-07,20:07,10.6406465,-85.4488436,9
GAN,2025-03-07,20:00,9.975402494295745,-82.3110334690779,9
GAN,2025-03-07,23:27,49.46098424744726,8.806340031046055,8
GAN,2025-03-07,21:54,41.34937559999999,21.5528045,9
GAN,2025-03-07,21:53,41.34937559999999,21.5528045,9
GAN,2025-03-07,20:30,49.438950543905946,8.811748518972893,8
GAN,2025-02-17,19:33,0.0,0.0,5
GAN,2025-02-20,22:43,0.0,0.0,9
GAN,2025-02-18,21:22,0.0,0.0,9
GAN,2025-02-17,20:40,0.0,0.0,9
GAN,2025-02-19,21:29,0.0,0.0,9
GAN,2025-03-07,20:27,52.67679499484583,18.57203838287996,7
GAN,2025-02-24,20:27,10.63375070287338,-85.42582588067694,9
GAN,2025-03-07,20:19,47.7871039,7.8915237,8
GAN,2025-03-07,20:12,41.3418997,21.5475283,9
GAN,2025-03-07,19:49,52.678207922786505,18.556958015598397,9
GAN,2025-03-07,19:42,52.689499,18.56488,9
GAN,2025-03-07,19:37,52.65868107139397,18.55298827306182,8
GAN,2025-02-25,21:30,47.15356949178642,-122.32852488410052,8
GAN,2025-03-06,02:08,46.77516670566877,8.072773127034676,3
GAN,2025-03-06,20:44,47.3810248,-122.5860424,8
GAN,2025-03-06,20:44,47.3728382,-122.6101665,8
GAN,2025-03-06,20:08,37.35571805298211,-79.18493083284335,9
GAN,2025-03-06,19:12,26.9318533,-80.1023696,9
GAN,2025-03-06,21:01,52.7176429,18.6449635,8
GAN,2025-03-06,21:45,41.34937559999999,21.5528045,9
GAN,2025-03-06,21:31,41.3421733,21.5450156,8
GAN,2025-03-06,21:10,52.7048529,18.5594169,7
GAN,2025-03-06,21:02,47.585397529673095,7.656389110228035,8
GAN,2025-02-26,18:27,10.654463187707202,-85.43149301561054,8
GAN,2025-02-23,20:30,10.647153752331397,-85.46283107788034,9
GAN,2025-03-06,20:24,52.6999544,18.5844376,9
GAN,2025-01-26,18:25,10.654439176174582,-85.43149896104114,8
GAN,2025-03-01,20:10,38.0195111,-78.4816206,5
GAN,2025-03-01,20:00,38.0317892,-78.4806479,7
GAN,2025-03-01,19:45,38.0329289,-78.5223922,5
GAN,2025-03-01,19:30,38.0349813,-78.5033279,7
GAN,2025-02-28,22:40,38.0386578,-78.5037097,5
GAN,2025-02-28,22:50,38.0514553,-78.4999563,7
GAN,2025-02-28,13:35,38.0410573,-78.4910544,5
GAN,2025-03-06,18:48,52.686006976730674,18.57591450491518,8
GAN,2025-03-05,22:00,49.3866401,8.802280999999999,7
GAN,2025-03-06,08:55,50.45746481088762,15.284171104431152,9
GAN,2025-03-05,21:14,10.6115154,-85.4232642,9
GAN,2025-03-05,20:31,10.639829,-85.447562,9
GAN,2025-03-05,22:32,41.3520521,21.5466237,9
GAN,2025-03-04,21:31,0.0,0.0,9
GAN,2025-03-05,21:58,41.34937559999999,21.5528045,9
GAN,2025-03-05,21:33,41.3421733,21.5450156,9
GAN,2025-03-04,20:23,42.4298846,-8.6446202,9
GAN,2025-03-05,20:08,47.58577460982131,7.639233223903274,8
GAN,2025-03-04,21:09,42.4528571,-75.0637746,8
GAN,2025-03-03,20:01,48.2167658,11.3226883,8
GAN,2025-03-04,20:59,42.4528571,-75.0637746,8
GAN,2025-03-04,07:17,35.032302444193775,-110.64856881454912,5
GAN,2025-03-05,19:45,18.8067125,81.6402969,7
GAN,2025-03-03,21:20,42.4692143,-75.0632511,5
GAN,2025-02-25,22:01,10.619065232686932,-85.43236594582855,9
GAN,2025-02-24,19:40,10.640720383207295,-85.42754479024768,3
GAN,2025-03-05,07:46,46.593625882751006,7.049506110783339,7
GAN,2025-03-04,23:44,10.620754403279925,-85.42771111713941,8
GAN,2025-03-04,07:30,42.46796713365303,-75.05958599072308,9
GAN,2025-03-04,22:34,0.0,0.0,9
GAN,2025-03-04,21:58,42.4528571,-75.0637746,9
GAN,2025-02-26,18:40,42.4646828,-75.0632093,9
GAN,2025-03-04,21:05,0.0,0.0,7
GAN,2025-03-03,19:30,42.4714988,-75.062316,9
GAN,2025-03-03,20:42,42.4692143,-75.0632511,7
GAN,2025-03-03,21:26,42.4692143,-75.0632511,8
GAN,2025-03-03,18:50,42.4528571,-75.0637746,9
GAN,2025-03-04,20:00,40.8132341,-77.8773338,8
GAN,2025-03-04,14:25,41.50759886999743,-81.57964324005202,9
GAN,2025-03-04,19:51,41.50760276423569,-81.57964167503692,9
GAN,2025-03-04,19:48,40.7458782,-73.8570993,9
GAN,2025-03-04,19:26,42.4528571,-75.0637746,9
GAN,2025-03-03,21:32,42.47590460000001,-75.0623116,9
GAN,2025-02-28,20:50,47.25457966947637,-122.27740307619604,8
GAN,2025-02-27,21:45,47.25457966947637,-122.27740307619604,9
GAN,2025-03-03,18:35,42.4528571,-75.0637746,8
GAN,2025-03-04,21:58,47.52680870590754,7.60914223618272,9
GAN,2025-03-04,21:48,-89.88747691400839,-156.4490530257313,8
GAN,2025-03-04,21:40,41.34937559999999,21.5528045,9
GAN,2025-03-04,20:07,41.3450741,21.5505038,8
GAN,2025-03-02,20:39,42.65216909999999,-6.3447485,5
GAN,2025-03-01,21:45,42.6490546,-6.3388531,3
GAN,2025-03-04,19:25,49.3767799,8.769601,7
GAN,2025-03-04,19:19,45.1362151,10.7409,8
GAN,2025-02-02,22:34,40.5134295,-3.4094629,5
GAN,2025-02-23,20:04,42.4738816,-75.071488,9
GAN,2025-03-04,14:44,50.28933925329177,-40.078125,9
GAN,2025-03-04,00:18,10.6484288,-85.4382123,9
GAN,2025-03-03,23:41,33.50035726013858,-86.80315988876428,9
GAN,2025-03-03,19:15,42.4528571,-75.0637746,8
GAN,2025-03-03,21:45,42.4657109,-75.0624699,9
GAN,2025-03-03,18:40,42.46432260271119,-75.06643145393137,8
GAN,2025-03-03,21:40,33.5909365,-86.49081679999999,9
GAN,2025-03-03,22:27,42.465858540452366,-75.06222034033479,9
GAN,2025-03-03,21:08,42.4528571,-75.0637746,1
GAN,2025-03-03,21:50,42.452286,-75.084167,9
GAN,2025-03-03,21:38,42.4531314,-75.0824636,9
GAN,2025-03-03,21:38,42.4531314,-75.0824636,9
GAN,2025-03-03,21:38,42.4531314,-75.0824636,8
GAN,2025-03-03,21:38,42.4531314,-75.0824636,8
GAN,2025-03-03,21:38,42.4531314,-75.0824636,8
GAN,2025-03-03,21:38,42.4531314,-75.0824636,8
GAN,2025-03-03,21:31,42.4528571,-75.0637746,8
GAN,2025-03-03,21:29,42.4528571,-75.0637746,8
GAN,2025-03-03,21:24,40.95468369391596,-76.88508566466639,5
GAN,2025-03-04,01:42,53.8007554,-1.5490774,3
GAN,2025-03-03,20:25,42.4594797,-75.06340449999999,9
GAN,2025-03-03,20:00,40.8132341,-77.8773338,8
GAN,2025-03-03,20:00,0.0,0.0,9
GAN,2025-03-03,19:34,42.4528571,-75.0637746,7
GAN,2025-03-03,19:28,38.18918319578864,-76.42610725564401,9
GAN,2025-03-03,19:20,42.4456742,-75.07463729999999,9
GAN,2025-03-03,18:48,42.4528571,-75.0637746,8
GAN,2025-03-03,18:48,42.4528571,-75.0637746,8
GAN,2025-03-03,19:05,42.464407,-75.0641613,8
GAN,2025-03-03,19:07,0.0,0.0,8
GAN,2025-03-03,18:55,42.4528571,-75.0637746,8
GAN,2025-03-03,19:05,42.46482556157072,-75.06271023840434,9
GAN,2025-03-03,19:04,0.0,0.0,9
GAN,2025-03-03,18:40,42.4692143,-75.0632511,8
GAN,2025-03-03,18:43,34.1107134,-83.8350141,9
GAN,2025-03-03,18:43,42.4528571,-75.0637746,9
GAN,2025-03-03,18:38,42.272074548239054,-74.65803263985585,5
GAN,2025-03-03,18:27,40.7458816,-73.857093,9
GAN,2025-02-10,20:37,42.4528571,-75.0637746,7
GAN,2025-02-21,22:02,40.4851851,-3.3476247,9
GAN,2025-03-04,00:01,40.4567552,-3.4754967,8
GAN,2025-02-03,22:32,40.44169007682365,-3.470822020378097,9
GAN,2025-02-27,21:38,39.6081791,-119.2776373,9
GAN,2025-02-22,22:30,40.4693256,-3.3642348,9
GAN,2025-02-22,20:57,40.43596105288898,-3.299128737829007,9
GAN,2025-03-03,21:43,-22.2435281223324,-33.890440464019775,9
GAN,2025-03-03,21:40,47.58267931566255,7.6541179307274865,8
GAN,2025-03-03,21:35,41.34937559999999,21.5528045,9
GAN,2025-03-03,21:00,41.3421733,21.5450156,5
GAN,2025-03-03,20:45,49.3920036,8.8410636,7
GAN,2025-03-03,20:33,48.37206711540964,10.858114434264534,9
GAN,2025-02-28,20:30,40.2811,-74.0079,7
GAN,2025-02-28,20:35,40.2802758,-74.0054114,7
GAN,2025-02-26,19:30,40.2802758,-74.0054114,8
GAN,2025-02-28,22:20,10.6215404,-85.451385,9
GAN,2025-03-03,10:55,0.0,0.0,9
GAN,2025-02-28,20:56,40.3437868,-3.3783208,5
GAN,2025-02-26,20:32,0.0,0.0,8
GAN,2025-02-23,21:36,40.4683383,-3.3649242,7
GAN,2025-03-02,21:00,0.0,0.0,8
GAN,2025-02-27,22:09,0.0,0.0,9
GAN,2025-02-27,21:31,0.0,0.0,9
GAN,2025-02-27,20:47,79.17133464081945,82.96875,9
GAN,2025-02-26,20:32,0.0,0.0,9
GAN,2025-02-28,22:17,39.529919,-119.8142691,7
GAN,2025-03-03,00:16,33.36331195103449,-86.82058048868078,9
GAN,2025-03-01,19:28,39.5437205,-119.8141582,9
GAN,2025-03-02,23:40,17.978659004625726,-65.98207052709111,8
GAN,2025-02-24,23:11,0.0,0.0,9
GAN,2025-03-02,23:08,15.589742967041412,-72.83633530139923,9
GAN,2025-03-02,21:33,28.006323843741768,-81.69350347517006,5
GAN,2025-02-27,20:21,10.6615847,-85.4555238,9
GAN,2025-01-27,20:19,10.6615847,-85.4555238,9
GAN,2025-03-02,20:16,33.07989285796682,-87.5568077814073,8
GAN,2025-03-02,19:33,33.5074621,-86.81486389999999,9
GAN,2025-02-28,20:45,39.53790390267223,-119.81647003444564,9
GAN,2025-03-02,20:09,38.832408,-77.610163,9
GAN,2025-03-01,10:48,32.0854511,-81.0845906,9
GAN,2025-03-02,18:40,10.635213040665482,-85.41887540037591,9
GAN,2025-03-02,19:36,24.5550593,-81.7799871,9
GAN,2025-03-02,20:14,18.001153667472437,-65.99402930649632,9
GAN,2025-03-02,17:21,33.50430186010824,-86.81070584237618,7
GAN,2025-02-27,20:45,10.62422,-85.427635,9
GAN,2025-02-27,16:40,10.62422,-85.427635,9
GAN,2025-02-14,22:18,40.61630892733578,-3.697607327355785,5
GAN,2025-03-02,22:17,50.0758618,14.4303626,8
GAN,2025-03-02,21:58,49.3767799,8.769601,8
GAN,2025-02-27,20:52,10.6254535,-85.4326247,9
GAN,2025-02-28,20:32,41.689756766647726,-111.78082777314826,5
GAN,2025-03-02,21:23,0.0,0.0,8
GAN,2025-03-02,20:44,41.34937559999999,21.5528045,9
GAN,2025-03-02,20:36,48.37059050235455,10.86377843053168,7
GAN,2025-03-01,22:00,38.41258951979415,-86.66788953458682,3
GAN,2025-03-01,23:40,46.80236623209628,6.073282790658827,3
GAN,2025-03-01,23:10,33.5185892,-86.8103567,9
GAN,2025-03-01,23:01,34.1171572,-86.862231,9
GAN,2025-03-01,22:49,33.23637462497331,-86.97171140045656,3
GAN,2025-03-01,20:00,33.6819188,-112.3918162,8
GAN,2025-01-31,22:33,33.5828184,-86.68040719999999,9
GAN,2025-03-01,22:20,33.50479946448056,-86.81326909486867,9
GAN,2025-03-01,22:19,33.504072286879,-86.81335413711629,8
GAN,2025-03-01,22:16,33.5185892,-86.8103567,9
GAN,2025-03-01,22:06,47.6070578,-122.3360756,8
GAN,2025-02-28,21:38,33.49802969852943,-86.803151565447,9
GAN,2025-03-01,21:55,38.5797069,-92.1739111,9
GAN,2025-03-01,21:53,30.75127777625784,-83.55213046073914,9
GAN,2025-03-01,21:22,33.4575634,-86.8188692,9
GAN,2025-03-01,21:19,33.507248272612934,-86.782321055082,9
GAN,2025-03-01,22:59,17.978659004625726,-65.98207052709111,8
GAN,2025-03-01,21:32,40.039216501305184,-86.89731806922828,9
GAN,2025-02-28,03:24,10.638676354084366,-85.43123245239258,9
GAN,2025-03-01,20:09,33.185268706866594,-87.55380112942814,7
GAN,2025-03-01,19:54,32.91154438068976,-86.33138269062499,9
GAN,2025-03-01,19:54,33.4792596,-86.81141699999999,9
GAN,2025-03-01,19:39,33.49776511329724,-86.80316836359603,9
GAN,2025-02-28,00:47,33.438503,-86.8372492,8
GAN,2025-02-28,22:05,33.517072,-86.8476263,9
GAN,2025-03-01,19:03,44.9283932,-93.1254528,9
GAN,2025-02-28,20:16,26.1404353,-81.7877307,9
GAN,2025-03-01,18:38,33.4053867,-86.8113781,9
GAN,2025-03-01,18:36,33.4053867,-86.8113781,9
GAN,2025-02-28,17:57,18.014384284215275,-65.99934685791914,7
GAN,2025-01-22,18:14,10.65443177285727,-85.43165346996165,5
GAN,2025-03-01,22:17,0.0,0.0,9
GAN,2025-02-27,21:57,33.44672940795066,54.09038381696361,3
GAN,2025-03-01,13:29,54.5259614,-105.2551187,9
GAN,2025-03-01,13:27,52.4822694,-1.8900078,9
GAN,2025-02-27,21:56,39.529919,-119.8142691,9
GAN,2025-03-01,10:57,0.0,0.0,9
GAN,2025-02-28,22:31,17.965947362911614,-66.06305703098346,7
GAN,2025-02-28,18:48,33.3306722,-86.8789027,8
GAN,2025-02-28,20:35,10.6440644,-85.442654,9
GAN,2025-02-28,21:53,18.016914,-65.9221569,8
GAN,2025-03-01,02:22,38.887764,-119.818396,3
GAN,2025-02-27,21:20,0.0,0.0,9
GAN,2025-02-28,23:06,39.812133428336175,-120.46457566013194,7
GAN,2025-02-28,21:28,38.9915184,-119.8977315,5
GAN,2025-02-28,23:02,37.9100783,-122.0651819,9
GAN,2025-02-28,22:57,39.58424793203136,-119.1722678843294,8
GAN,2025-02-28,22:51,39.5396921,-119.8168285,1
GAN,2025-02-28,22:40,39.502814464720096,-119.81199747966564,9
GAN,2025-02-27,21:55,47.14188868729428,-122.25585233823408,9
GAN,2025-02-28,21:15,47.17110271640745,-122.25731978995256,8
GAN,2025-03-01,00:09,34.694107,-86.71995849999999,9
GAN,2025-03-01,00:10,10.645461360965848,-85.44069206449284,8
GAN,2025-02-28,21:58,39.529919,-119.8142691,7
GAN,2025-02-28,20:25,39.46466849999999,-119.8055341,5
GAN,2025-02-28,22:01,39.5424616,-119.8410174,9
GAN,2025-02-28,23:30,-87.68639535875558,-19.019984620509103,8
GAN,2025-02-28,21:59,39.529919,-119.8142691,9
GAN,2025-02-28,21:57,39.5413355,-119.8232775,9
GAN,2025-02-28,21:10,78.94614554443405,-49.50501876975781,1
GAN,2025-02-28,21:45,39.529919,-119.8142691,9
GAN,2025-02-28,22:00,39.5909874,-105.3510761,3
GAN,2025-02-28,21:45,39.5437205,-119.8141582,9
GAN,2025-02-28,21:40,39.52791404048297,-119.81737706157053,9
GAN,2025-02-28,23:22,33.6454884,-86.6897056,9
GAN,2025-02-28,23:30,-27.395404,153.0201686,9
GAN,2025-02-28,21:31,39.6239303,-119.8767131,8
GAN,2025-02-28,23:27,33.5185892,-86.8103567,9
GAN,2025-02-28,21:30,0.0,0.0,8
GAN,2025-02-24,19:30,17.9672149,-66.1256794,8
GAN,2025-02-28,21:26,39.5455282,-119.8739546,8
GAN,2025-02-25,22:26,17.9672149,-66.1256817,7
GAN,2025-02-28,21:24,39.5391431,-119.8178964,9
GAN,2025-02-28,21:20,39.538025,-119.817999,8
GAN,2025-02-28,23:17,33.5185892,-86.8103567,9
GAN,2025-02-28,21:11,39.5436031,-119.8186266,9
GAN,2025-02-28,21:10,39.529919,-119.8142691,1
GAN,2025-02-28,23:09,0.0,0.0,9
GAN,2025-02-28,21:10,39.55979544359111,-119.72974482345153,9
GAN,2025-02-28,23:08,33.4733029,-86.8155846,9
GAN,2025-02-28,21:08,39.529919,-119.8142691,9
GAN,2025-02-28,22:02,33.6616933,-86.6026391,8
GAN,2025-02-28,21:01,39.53004287093834,-119.81660250585507,9
GAN,2025-02-28,20:58,39.5351193335494,-119.81824859062044,9
GAN,2025-02-28,22:38,33.50804575064033,-86.77670339723726,8
GAN,2025-02-28,20:44,39.54037652724519,-119.81749211143088,8
GAN,2025-02-28,20:47,39.51624516630256,-119.97836246702674,7
GAN,2025-02-28,20:47,39.5393998,-119.8191807,9
GAN,2025-02-28,22:41,30.50283274776048,-87.69618616634868,8
GAN,2025-02-28,20:45,39.5343929,-119.8216197,1
GAN,2025-02-28,22:38,33.58498136470594,-86.46517637800778,9
GAN,2025-02-28,20:42,39.49629182898535,-119.80622050237623,9
GAN,2025-02-28,20:37,39.5437205,-119.8141582,9
GAN,2025-02-28,22:40,33.43810651232347,-86.86015373142817,9
GAN,2025-02-28,20:23,39.537944909800544,-119.81845477236844,9
GAN,2025-02-28,22:36,33.438107339037074,-86.86015266861278,9
GAN,2025-02-28,20:32,39.5406286,-119.820332,9
GAN,2025-02-28,22:35,33.4384188,-86.8605535,9
GAN,2025-02-28,23:32,38.09245607353383,-78.45967307168283,8
GAN,2025-02-28,20:31,39.529919,-119.8142691,9
GAN,2025-02-28,20:33,39.5437205,-119.8141582,1
GAN,2025-02-28,22:25,10.7162887,-85.5057456,7
GAN,2025-02-28,20:29,39.5469196,-119.714005,9
GAN,2025-02-28,20:27,39.3997125,-119.7344661,1
GAN,2025-02-19,22:29,33.6601033,-86.8127702,9
GAN,2025-03-01,00:27,17.968176409352072,-66.10541981077458,7
GAN,2025-02-28,21:26,40.3266271,-104.8399709,9
GAN,2025-02-28,21:16,10.6309653,-85.436373,9
GAN,2025-02-28,20:24,39.551173,-119.8046379,8
GAN,2025-02-26,19:52,47.254579320130176,-122.27740366111074,8
GAN,2025-02-28,22:20,33.499440767519694,-86.80409947214265,8
GAN,2025-02-28,20:15,39.6122765,-119.8356099,9
GAN,2025-02-28,20:11,39.341020115061234,-120.21474719219208,5
GAN,2025-02-28,20:15,39.54657469577576,-119.82144065557743,8
GAN,2025-02-28,20:11,39.529919,-119.8142691,7
GAN,2025-02-28,22:11,33.5379367,-86.5600874,9
GAN,2025-02-28,22:08,33.53795038227577,-86.56012888787428,9
GAN,2025-02-28,20:11,39.5370477,-119.8115388,9
GAN,2025-02-28,20:11,39.5472267,-119.7836783,9
GAN,2025-02-28,20:10,39.612248663807165,-119.83557822722076,8
GAN,2025-02-28,22:11,33.36926230364042,-86.81296968408844,8
GAN,2025-02-28,20:04,39.539536630599805,-119.81793522834778,9
GAN,2025-02-28,20:03,39.53801962254525,-119.81766528328788,8
GAN,2025-02-28,20:00,39.5379665,-119.8296636,7
GAN,2025-02-13,22:02,33.5185892,-86.8103567,9
GAN,2025-02-28,20:00,39.477253238436255,-119.78853174362212,9
GAN,2025-02-28,21:57,33.654310762416706,-86.63508192483937,9
GAN,2025-02-28,21:57,10.653375,-85.4314783,5
GAN,2025-02-28,21:56,0.0,0.0,8
GAN,2025-02-28,19:54,39.53701981828509,-119.8157081201356,9
GAN,2025-02-28,21:54,10.64637793754135,-85.4387780841029,8
GAN,2025-02-28,20:00,33.681875,-112.3917862,8
GAN,2025-02-28,19:52,39.54436651728162,-119.84121052830284,9
GAN,2025-02-28,21:50,33.5265984,-86.7279823,9
GAN,2025-02-28,19:50,39.28156329188959,-119.93469343257168,5
GAN,2025-02-28,21:27,33.25939559,-87.07272338,9
GAN,2025-02-28,21:32,33.50447105829805,-86.80437424244124,9
GAN,2025-02-28,19:45,39.529919,-119.8142691,9
GAN,2025-02-28,21:43,33.8798881,-87.2933468,9
GAN,2025-02-28,21:33,33.07816997758065,-86.87895337660467,9
GAN,2025-02-28,23:37,17.99079266033239,-66.0585888531244,8
GAN,2025-02-28,21:29,33.49457523739276,-86.81194539658178,9
GAN,2025-02-28,23:31,17.987945911221225,-66.05034040703389,9
GAN,2025-02-28,21:28,33.5481597,-86.54442879999999,9
GAN,2025-02-28,21:20,0.0,0.0,9
GAN,2025-02-28,21:27,33.49457069513971,-86.8119326882303,9
GAN,2025-02-28,21:25,37.277587055816745,-80.0320596185469,7
GAN,2025-02-28,23:25,18.012088212311724,-66.05689863008566,9
GAN,2025-02-28,21:20,30.6035255,-87.9036047,9
GAN,2025-02-28,21:22,10.6390673,-85.4319536,9
GAN,2025-02-28,21:22,33.4512197,-86.9966606,8
GAN,2025-02-28,21:20,10.6636064,-85.4537512,9
GAN,2025-02-28,21:14,33.5185892,-86.8103567,9
GAN,2025-02-28,21:16,10.643298,-85.4266205,9
GAN,2025-02-28,21:17,0.0,0.0,8
GAN,2025-02-28,22:56,18.0121025,-66.0204384,7
GAN,2025-02-28,23:15,17.9672937,-66.0579858,8
GAN,2025-02-25,22:11,0.0,0.0,5
GAN,2025-02-28,21:11,33.49765407090631,-86.80312990770906,9
GAN,2025-02-28,21:09,34.4182299,-86.2749563,8
GAN,2025-02-28,21:06,10.5721965,-85.4052141,7
GAN,2025-02-28,21:03,33.7442645,-86.9960368,7
GAN,2025-02-28,20:59,34.6966259,-86.792877,9
GAN,2025-02-28,20:58,33.3856143,-86.8103046,9
GAN,2025-02-28,20:58,10.640782448543384,-85.42751461057786,3
GAN,2025-02-28,20:47,33.4053867,-86.8113781,8
GAN,2025-02-28,20:59,33.5034174,-86.8188862,9
GAN,2025-02-27,20:56,33.40225781634557,-86.81054006480922,5
GAN,2025-02-28,20:53,10.6294599,-85.4303395,9
GAN,2025-02-28,20:56,33.4980849,-86.8029159,9
GAN,2025-02-28,20:47,33.2715909,-86.8274754,9
GAN,2025-02-28,20:43,33.58764452299267,-86.71773550999085,9
GAN,2025-02-28,20:38,10.6341273,-85.4398195,9
GAN,2025-02-28,20:38,10.6341273,-85.4398195,9
GAN,2025-02-28,20:43,30.267153,-97.7430608,7
GAN,2025-02-28,20:39,33.300466,-86.77972419999999,7
GAN,2025-02-28,19:28,35.2828854,-106.7187087,5
GAN,2025-02-28,20:28,33.495408479864686,-86.79102473998194,9
GAN,2025-02-28,20:34,0.0,0.0,7
GAN,2025-02-28,20:30,33.5185892,-86.8103567,9
GAN,2025-02-28,22:29,17.98560130726387,-66.04967057659537,9
GAN,2025-02-27,21:45,39.5165915,-119.9050887,9
GAN,2025-02-28,20:30,33.4828525,-86.8160766,9
GAN,2025-02-28,20:23,33.50017438759006,-86.80550567906057,8
GAN,2025-02-28,20:15,33.4828525,-86.8160766,9
GAN,2025-02-28,18:25,39.53785861493732,-119.81812017725493,8
GAN,2025-02-28,20:19,10.627382,-85.4311094,9
GAN,2025-02-24,20:19,33.5185892,-86.8103567,9
GAN,2025-02-26,22:30,17.988689,-65.997345,9
GAN,2025-02-28,20:24,10.638255624533098,-85.43509084467858,9
GAN,2025-02-28,20:07,33.5862149,-86.2860888,9
GAN,2025-02-28,20:14,32.2432429,-86.1778941,9
GAN,2025-02-28,20:09,33.4602455,-86.7419619,9
GAN,2025-02-28,20:11,33.5019647566394,-86.79698635061234,9
GAN,2025-02-28,20:11,30.2302308,-97.8777188,8
GAN,2025-02-28,20:11,33.4053867,-86.8113781,8
GAN,2025-02-28,20:11,0.0,0.0,7
GAN,2025-02-28,20:04,30.267153,-97.7430608,8
GAN,2025-02-27,21:11,39.541456886258025,-119.81677671682012,9
GAN,2025-02-25,22:14,17.988689,-65.997345,8
GAN,2025-02-28,20:11,30.200598469489453,-97.88720313394018,7
GAN,2025-02-28,20:03,30.189591546205502,-97.89244794878644,7
GAN,2025-02-28,20:08,30.267153,-97.7430608,7
GAN,2025-02-28,20:07,30.267153,-97.7430608,7
GAN,2025-02-28,20:08,33.3847192,-86.812754,8
GAN,2025-02-28,20:04,33.503833586013364,-86.81089525976202,9
GAN,2025-02-28,20:04,33.3847192,-86.812754,8
GAN,2025-02-28,19:59,33.52073183766667,-86.8123488061491,9
GAN,2025-02-28,19:54,33.5261245,-86.772115,9
GAN,2025-02-28,19:37,30.19746208246104,-97.88093938547117,7
GAN,2025-02-28,19:56,42.0689088,-90.6656914,8
GAN,2025-02-28,19:55,33.3757507,-86.8546522,9
GAN,2025-02-28,21:52,17.9684817,-66.1054864,9
GAN,2025-02-27,21:37,17.9684817,-66.1054864,5
GAN,2025-02-28,19:48,30.237033813897657,-97.81576570099762,7
GAN,2025-02-28,19:43,33.488768233333325,-86.8011017333333,1
GAN,2025-02-28,19:44,10.64410531138206,-85.44585958310337,7
GAN,2025-02-28,19:39,10.6625943,-85.4690107,7
GAN,2025-02-28,19:34,33.52059635991476,-86.81245129347468,9
GAN,2025-02-28,19:37,10.638255624533098,-85.43509084467858,9
GAN,2025-02-28,19:36,10.6310463,-85.4469481,9
GAN,2025-02-28,19:36,33.8508791,-86.85473329999999,9
GAN,2025-02-28,19:28,33.4819227,-86.81048849999999,9
GAN,2025-02-28,19:30,33.5019852,-86.7969372,9
GAN,2025-02-28,19:14,33.503888649399094,-86.81071264190263,7
GAN,2025-02-28,19:29,39.0413547,-94.5732636,8
GAN,2025-02-28,19:30,33.7946333,-84.448772,9
GAN,2025-02-28,19:22,33.51071437724226,-86.79659911944502,8
GAN,2025-02-28,19:07,33.2040277,-86.8607033,9
GAN,2025-02-28,20:21,38.79201927889839,-77.19015861708627,8
GAN,2025-02-28,18:53,33.5006416,-86.8031913,9
GAN,2025-02-28,21:09,18.001007495036916,-65.99401832096254,7
GAN,2025-02-28,19:13,33.5185892,-86.8103567,8
GAN,2025-02-28,18:57,33.57439492777736,-86.68943516959965,7
GAN,2025-02-28,19:02,33.5185892,-86.8103567,9
GAN,2025-02-28,19:01,33.2611761,-86.7765457,9
GAN,2025-02-28,20:30,18.060828929781284,-66.07972563851315,5
GAN,2025-02-28,18:59,33.5185892,-86.8103567,9
GAN,2025-02-28,20:00,24.5550593,-81.7799871,7
GAN,2025-02-27,20:40,33.50022889822148,-86.8055889169203,9
GAN,2025-02-27,20:44,33.502086,-86.8051588,9
GAN,2025-02-28,18:36,10.637872722714254,-85.43740996460252,9
GAN,2025-02-28,18:42,10.572215790536656,-85.40602242343107,9
GAN,2025-02-28,19:53,39.3762145,-77.154704,5
GAN,2025-02-28,20:49,17.968824,-66.1152645,8
GAN,2025-02-28,18:50,10.6406606,-85.4389878,9
GAN,2025-02-27,21:45,39.54357479999999,-119.8510037,9
GAN,2025-02-28,20:46,18.0043789,-66.0346127,7
GAN,2025-02-28,20:30,18.060828929781284,-66.07972563851315,5
GAN,2025-02-28,20:32,17.9909101,-66.0496724,9
GAN,2025-02-28,20:33,17.977152959028892,-66.07438350671175,8
GAN,2025-02-28,20:28,18.0756253,-66.0998859,5
GAN,2025-02-28,20:19,17.98602987168435,-66.04913758823163,8
GAN,2025-02-28,18:10,33.4917648,-86.8141887,9
GAN,2025-02-28,17:57,10.645720247658366,-85.44531962407183,5
GAN,2025-02-28,20:09,-89.9020234730238,-38.39947568104036,9
GAN,2025-02-20,21:58,33.39299576756799,-86.87344615116454,9
GAN,2025-02-28,18:08,33.36931162467781,-86.80381034775696,9
GAN,2025-02-27,20:17,33.4917648,-86.8141887,9
GAN,2025-02-27,20:17,43.7970869,-91.2425213,9
GAN,2025-01-28,18:57,33.369592227799906,-86.80383082852029,7
GAN,2025-02-28,20:01,17.9793242,-66.0883271,7
GAN,2025-02-28,17:57,33.35108024773799,-86.97729064891381,7
GAN,2025-02-28,20:00,0.0,0.0,7
GAN,2025-02-28,17:58,0.0,0.0,5
GAN,2025-02-27,20:40,17.9662519,-66.1318255,8
GAN,2025-02-28,19:40,18.02847774869526,-66.01037775267294,8
GAN,2025-02-27,22:06,39.5402958,-119.8177534,9
GAN,2025-02-28,17:02,33.502086,-86.8051588,9
GAN,2025-02-28,16:53,33.502086,-86.8051588,9
GAN,2025-02-27,20:25,33.4795900959934,-86.7905283830752,9
GAN,2025-02-28,16:14,33.5035754,-86.8024575,8
GAN,2025-02-28,23:01,59.48250537720239,13.128967238401524,3
GAN,2025-02-28,22:50,51.841678949431554,4.145840236207428,5
GAN,2025-02-27,21:00,33.6601033,-86.8127702,9
GAN,2025-02-25,19:51,33.5006069,-86.79632409999999,9
GAN,2025-02-25,19:51,33.5185892,-86.8103567,9
GAN,2025-02-28,13:33,30.6706507,-96.3158336,8
GAN,2025-02-27,20:53,33.5040075,-86.8108114,9
GAN,2025-02-27,22:38,10.6417822,-85.4259777,9
GAN,2025-02-27,22:38,83.90000077880222,117.9571374976473,9
GAN,2025-02-27,20:10,0.0,0.0,1
GAN,2025-02-28,20:59,50.3083873,12.9542285,8
GAN,2025-02-28,20:56,50.3083873,12.9542285,8
GAN,2025-02-28,20:55,50.3083873,12.9542285,9
GAN,2025-02-28,20:54,50.3083873,12.9542285,8
GAN,2025-02-27,21:15,33.5088158,-86.810923,7
GAN,2025-02-28,20:40,0.0,0.0,9
GAN,2025-02-28,20:13,41.3450741,21.5505038,9
GAN,2025-02-28,18:49,51.62005124945176,-0.8249204768228122,9
GAN,2025-02-27,22:46,33.301121373346255,-86.90615268688703,9
GAN,2025-02-27,20:38,47.3293853,-122.5808577,8
GAN,2025-02-27,21:36,40.26158692906602,-76.84846895692051,7
GAN,2025-02-27,21:22,40.26157878518206,-76.84832942809696,9
GAN,2025-02-25,19:30,30.6706507,-96.3158336,8
GAN,2025-02-23,19:10,30.5764523,-96.228394,7
GAN,2025-02-25,20:12,0.0,0.0,9
GAN,2025-02-25,19:20,30.6706507,-96.3158336,8
GAN,2025-02-25,19:30,30.6706507,-96.3158336,8
GAN,2025-02-25,19:30,30.6706507,-96.3158336,9
GAN,2025-02-28,10:05,30.671907464554984,-96.3159447590034,8
GAN,2025-02-27,21:00,39.55261573223042,-119.80497383253666,9
GAN,2025-02-25,19:30,30.6706507,-96.3158336,8
GAN,2025-02-25,19:30,30.6706507,-96.3158336,8
GAN,2025-02-25,19:30,30.6706507,-96.3158336,8
GAN,2025-02-25,19:30,30.6706507,-96.3158336,8
GAN,2025-02-05,07:30,30.6706507,-96.3158336,8
GAN,2025-02-25,19:30,30.6706507,-96.3158336,8
GAN,2025-02-25,19:20,30.672877803337048,-96.3154860765333,8
GAN,2025-02-25,19:30,0.0,0.0,8
GAN,2025-02-27,22:11,30.9246221,-96.2674363,7
GAN,2025-02-27,20:10,0.0,0.0,9
GAN,2025-02-25,22:07,33.5185892,-86.8103567,1
GAN,2025-02-26,21:03,47.1644479,-122.1858803,9
GAN,2025-02-27,20:45,33.4999078,-86.8036766,8
GAN,2025-02-25,19:40,30.6706507,-96.3158336,8
GAN,2025-02-23,19:14,30.5627463,-96.2492314,8
GAN,2025-02-25,19:30,30.679775480876664,-96.37398073077074,8
GAN,2025-02-28,08:03,30.6730564,-96.24075580000002,8
GAN,2025-02-25,19:30,30.6706507,-96.3158336,8
GAN,2025-02-25,19:00,30.7354788,-96.2455423,8
GAN,2025-02-25,19:20,30.6706507,-96.3158336,8
GAN,2025-02-25,19:30,30.6706507,-96.3158336,8
GAN,2025-02-25,19:30,30.6706507,-96.3158336,8
GAN,2025-02-25,19:30,30.6706507,-96.3158336,8
GAN,2025-02-25,19:30,30.6706507,-96.3158336,8
GAN,2025-02-28,18:52,0.0,0.0,7
GAN,2025-02-28,04:00,31.9482827,-110.7587666,5
GAN,2025-02-28,21:31,-32.9789995,148.2443206,3
GAN,2025-02-28,01:34,34.0028786,-84.1446376,9
GAN,2025-02-27,22:00,39.5349112,-119.7526886,8
GAN,2025-02-27,22:18,39.54075539245115,-119.82005254094594,9
GAN,2025-02-28,00:13,33.338053639990015,-86.82271577864124,9
GAN,2025-02-28,00:15,33.50000234216367,-86.8039772185976,9
GAN,2025-02-27,22:10,39.54412838091312,-119.81637222138872,9
GAN,2025-02-27,22:02,39.53980155080343,-119.8161392101936,9
GAN,2025-02-27,23:49,33.4977494,-86.8002278,9
GAN,2025-02-27,21:47,47.24275,-122.51602,8
GAN,2025-02-27,21:47,39.32907607872704,-120.25009073319887,8
GAN,2025-02-27,23:46,10.643215073013836,-85.43879573732988,9
GAN,2025-02-27,21:44,39.5402958,-119.8177534,9
GAN,2025-02-27,21:44,39.539954,-119.8164546,9
GAN,2025-02-27,21:36,39.55252179032968,-119.8028928287294,9
GAN,2025-02-27,20:17,39.54318726489839,-119.7191052569021,9
GAN,2025-02-27,21:39,39.55197405047733,-119.7575960328226,9
GAN,2025-02-27,21:29,39.32907607872704,-120.25009073319887,8
GAN,2025-02-27,21:38,39.53791847566456,-119.81883476648063,9
GAN,2025-02-27,21:30,39.447598,-119.7364616,7
GAN,2025-02-27,23:24,33.49822715309832,-86.80730690402167,9
GAN,2025-02-27,21:29,39.5650513,-119.8171318,9
GAN,2025-02-27,21:28,0.0,0.0,9
GAN,2025-02-27,20:30,39.529919,-119.8142691,9
GAN,2025-02-27,23:18,33.5185892,-86.8103567,1
GAN,2025-02-27,21:19,39.54509505090633,-119.78964824065446,9
GAN,2025-02-27,23:17,10.6395989,-85.4460897,9
GAN,2025-02-27,21:16,39.54343189493893,-119.8182169377365,9
GAN,2025-02-27,21:14,39.529919,-119.8142691,9
GAN,2025-02-27,21:12,39.5696579,-119.825396,8
GAN,2025-02-27,21:05,39.5518913883225,-119.802054069623,9
GAN,2025-02-27,21:04,39.5437205,-119.8141582,9
GAN,2025-02-27,21:28,33.6408041,-86.7896214,9
GAN,2025-02-27,20:53,39.5932322,-119.7578308,7
GAN,2025-02-27,20:50,38.64336126147836,-121.51078578837706,8
GAN,2025-02-27,20:51,39.53878233426889,-119.81750414171115,9
GAN,2025-02-27,21:53,39.9913428,-105.3193614,5
GAN,2025-02-27,21:28,33.6408041,-86.7896214,9
GAN,2025-02-27,20:50,39.529919,-119.8142691,9
GAN,2025-02-27,23:40,38.29187386288407,-85.93395680934051,5
GAN,2025-02-27,21:50,40.0149856,-105.2705456,9
GAN,2025-02-27,22:37,33.462188265019115,-86.78145235976126,9
GAN,2025-02-27,20:41,39.417707,-119.7110362,3
GAN,2025-02-27,22:46,0.0,0.0,9
GAN,2025-02-27,20:44,39.529919,-119.8142691,9
GAN,2025-02-27,22:39,0.0,0.0,9
GAN,2025-02-27,20:27,39.5437205,-119.8141582,9
GAN,2025-02-27,20:35,40.21077803827496,-92.6304754170285,3
GAN,2025-02-27,20:30,40.2104824905448,-92.6303403945012,3
GAN,2025-02-27,20:24,39.5437205,-119.8141582,9
GAN,2025-02-27,20:22,40.19916054896657,-92.59121803965752,5
GAN,2025-02-27,22:24,34.2217165,-86.2703825,9
GAN,2025-02-27,20:15,40.18752408747271,-92.58517364808723,5
GAN,2025-02-27,21:02,38.80585483805254,-104.83762527884195,9
GAN,2025-02-27,20:13,45.515232,-122.6783853,9
GAN,2025-02-27,20:11,39.5358159,-119.8180258,9
GAN,2025-02-27,21:53,33.499698245987815,-86.80508587588585,8
GAN,2025-02-27,20:07,39.53934064618401,-119.81895511772927,9
GAN,2025-02-27,20:04,39.529919,-119.8142691,8
GAN,2025-02-27,20:00,39.529919,-119.8142691,9
GAN,2025-02-27,21:32,33.6512093,-86.6138618,8
GAN,2025-02-27,20:54,0.0,0.0,9
GAN,2025-02-27,23:51,18.01208886234363,-66.05689906150663,9
GAN,2025-02-27,21:50,10.618263753872782,-85.4323129998774,9
GAN,2025-02-27,20:42,41.750774140252496,-111.80400073118489,8
GAN,2025-02-27,21:30,33.4999078,-86.8036766,9
GAN,2025-02-27,23:32,17.998571654828933,-66.09837106370328,7
GAN,2025-02-27,21:13,40.18853570485731,-92.58102628565068,7
GAN,2025-02-27,21:31,33.49954763729535,-86.8038166089341,9
GAN,2025-02-27,20:30,40.0175944,-105.2817904,8
GAN,2025-02-27,21:27,36.9524681,-93.7333636,8
GAN,2025-02-27,21:26,10.6607885,-85.4181107,9
GAN,2025-02-27,21:14,36.9653688,-93.7443358,8
GAN,2025-02-27,23:15,17.958775966206044,-66.16540618671873,7
GAN,2025-02-27,21:14,36.9653688,-93.7443358,8
GAN,2025-02-27,19:16,39.544256269665816,-119.81953392557963,8
GAN,2025-02-27,19:12,47.1770777,-122.1868601,8
GAN,2025-02-27,21:38,40.80060624586299,-77.85784333966123,8
GAN,2025-02-27,20:46,33.60031832284542,-86.57308401022193,8
GAN,2025-02-27,19:08,39.54307499341825,-119.81607049932568,9
GAN,2025-02-27,21:02,33.5839232,-85.8390528,8
GAN,2025-02-27,22:57,17.9665629,-66.173853,5
GAN,2025-02-27,20:58,33.6762985,-86.7044069,9
GAN,2025-02-25,20:47,33.76831763805502,-86.4667304676399,8
GAN,2025-02-27,19:52,39.665701,-104.7906334,7
GAN,2025-02-27,22:40,17.9815041,-66.1285473,9
GAN,2025-02-27,20:35,34.2032384,-86.9466112,9
GAN,2025-02-27,20:39,33.67382947564037,-86.40535601130127,8
GAN,2025-02-27,20:37,35.0647285,-84.9914996,9
GAN,2025-02-27,20:30,33.5569498,-86.973671,7
GAN,2025-02-27,22:24,17.98087958630473,-66.12824111295154,9
GAN,2025-02-27,20:24,33.5048552,-86.8122865,9
GAN,2025-02-27,20:22,33.2856687,-86.8099885,9
GAN,2025-02-27,20:12,10.18018018018018,-85.45341780555111,8
GAN,2025-02-27,20:17,33.8564888108115,-86.71402053916115,7
GAN,2025-02-27,20:00,10.649457672130213,-85.43752454739459,8
GAN,2025-02-27,20:05,33.498455,-86.80349,8
GAN,2025-02-27,20:02,10.6129565,-85.4148561,7
GAN,2025-02-27,20:01,33.3755966,-86.8545998,9
GAN,2025-02-27,21:58,17.982488480653366,-66.11743927001953,9
GAN,2025-02-27,21:53,18.001007495036916,-65.99401832096254,9
GAN,2025-02-27,21:32,18.014395716339585,-65.99933684033911,7
GAN,2025-02-27,19:49,41.6953843,-88.1356079,9
GAN,2025-02-27,19:44,33.8926003,-86.757773,9
GAN,2025-02-27,20:42,40.80456830880812,-77.8637327649597,7
GAN,2025-02-27,19:45,10.639305940993012,-85.4343278832046,9
GAN,2025-02-27,21:25,17.968845,-66.0713798,8
GAN,2025-02-27,19:20,33.5002763,-86.8050864,9
GAN,2025-02-27,21:23,17.988008054536397,-66.05018086801775,9
GAN,2025-02-27,21:10,0.0,0.0,9
GAN,2025-02-27,21:13,17.9681252531932,-66.1056800126064,9
GAN,2025-02-27,19:45,24.5550593,-81.7799871,7
GAN,2025-02-27,20:51,17.9900951,-66.0483979,7
GAN,2025-02-27,20:06,18.0121025,-66.0204384,7
GAN,2025-02-27,20:51,18.0157623888741,-65.90475861997731,9
GAN,2025-02-27,20:39,17.9688274,-66.1152622,7
GAN,2025-02-27,20:44,17.948212729691832,-66.13288603215544,9
GAN,2025-02-27,20:38,17.9838761,-66.2954577,9
GAN,2025-02-27,18:36,33.5185892,-86.8103567,8
GAN,2025-02-27,19:33,18.05299976153169,-66.04887289094778,7
GAN,2025-02-27,18:21,33.5185892,-86.8103567,7
GAN,2025-02-27,20:17,17.987426946163367,-66.04982270255022,8
GAN,2025-02-27,20:18,18.001914090319467,-66.0622820179156,8
GAN,2025-02-27,20:10,18.06080051601316,-66.07974042788534,5
GAN,2025-02-27,20:12,17.9691719,-66.214432,9
GAN,2025-02-26,20:05,39.5444136,-119.8194132,9
GAN,2025-02-26,21:00,33.39721054295401,-86.79375388287744,9
GAN,2025-02-25,22:15,39.53904893192045,-119.8190739968372,8
GAN,2025-02-27,22:00,51.80082411258271,-0.08591398228869,7
GAN,2025-02-27,21:48,41.34937559999999,21.5528045,9
GAN,2025-02-27,21:38,0.0,0.0,9
GAN,2025-02-18,21:20,39.4539782,-75.2354974,9
GAN,2025-02-26,20:13,39.52018910765444,-119.85335575481948,8
GAN,2025-02-26,20:29,39.5396921,-119.8168285,8
GAN,2025-02-27,19:20,41.3421733,21.5450156,9
GAN,2025-02-27,09:53,45.1505148,-93.3546938,9
GAN,2025-02-27,09:40,46.729553,-94.6858998,9
GAN,2025-02-26,19:58,33.963349790602535,-86.58754352103897,9
GAN,2025-02-27,23:06,-31.331716570973764,149.27202137296777,3
GAN,2025-02-26,23:58,0.0,0.0,9
GAN,2025-02-27,00:27,33.49926564536648,-86.8017635146228,9
GAN,2025-02-26,21:59,39.5437205,-119.8141582,9
GAN,2025-02-26,21:43,39.43948495722929,-119.75297389232912,8
GAN,2025-02-26,21:53,39.539624665740334,-119.8150001761391,9
GAN,2025-02-26,21:45,39.529919,-119.8142691,8
GAN,2025-02-26,21:20,47.81938366995627,-99.68995298605569,9
GAN,2025-02-26,21:25,39.5590419,-119.8318776,8
GAN,2025-02-26,21:20,39.53667512944542,-119.83457366593868,9
GAN,2025-02-26,21:14,39.529919,-119.8142691,5
GAN,2025-02-26,21:15,39.5678839,-119.7777113,9
GAN,2025-02-26,20:58,39.54018851873202,-119.817738437165,8
GAN,2025-02-26,20:56,0.0,0.0,9
GAN,2025-02-26,20:54,39.482217393132814,-119.79744129933432,9
GAN,2025-02-26,22:40,30.4119808,-97.6420864,9
GAN,2025-02-26,20:19,39.5458377,-119.8212783,1
GAN,2025-02-26,20:18,39.53868758868383,-119.818280479051,9
GAN,2025-02-26,20:18,39.53868792703385,-119.81837372163304,9
GAN,2025-02-26,22:10,10.633833772484996,-85.44708151020018,9
GAN,2025-02-26,20:15,39.16169710744064,-119.77380773291507,9
GAN,2025-02-26,20:12,39.53898601636469,-119.81753266549866,9
GAN,2025-02-26,20:10,39.529919,-119.8142691,9
GAN,2025-02-26,20:09,39.16169710744064,-119.77380773291507,9
GAN,2025-02-26,20:08,39.680186,-119.9765878,9
GAN,2025-02-26,20:09,39.53749648329613,-119.81707289490303,9
GAN,2025-02-26,20:07,39.53639453362186,-119.74499468351944,9
GAN,2025-02-26,20:07,0.0,0.0,7
GAN,2025-02-26,19:48,39.530598293437095,-119.83666171231462,5
GAN,2025-02-26,23:31,18.00598604208785,-66.05895299779452,5
GAN,2025-02-26,20:37,40.0062637,-105.2665048,8
GAN,2025-02-26,21:25,33.5020930807161,-86.80516719818115,8
GAN,2025-02-26,21:32,33.62987377358669,-86.60616363197965,9
GAN,2025-02-26,21:28,33.473762,-86.7987826,9
GAN,2025-02-26,20:23,33.6821583,-112.3917999,8
GAN,2025-02-26,21:19,33.3839908,-86.7460529,5
GAN,2025-02-26,20:20,32.6100808894194,-110.79764214952152,3
GAN,2025-02-26,21:16,33.5007913,-86.80300679999999,9
GAN,2025-02-26,21:14,33.502086,-86.8051588,8
GAN,2025-02-26,21:10,33.62078603705466,-86.19608905101425,8
GAN,2025-02-26,19:07,39.626503846868566,-119.90776751603168,8
GAN,2025-02-26,20:02,39.9558761,-105.3367134,3
GAN,2025-02-26,21:07,0.0,0.0,8
GAN,2025-02-26,21:06,10.6610826,-85.4182534,9
GAN,2025-02-26,21:04,10.6610868,-85.4182945,9
GAN,2025-02-26,21:01,10.6442587,-85.4458479,8
GAN,2025-02-26,22:57,17.998571938223098,-66.09843230904893,9
GAN,2025-02-26,20:58,33.0919302,-86.7213218,9
GAN,2025-02-26,20:55,10.6442893,-85.4458216,8
GAN,2025-02-26,20:47,32.3649661,-86.0555941,9
GAN,2025-02-26,22:28,17.97478722481196,-66.12185998635772,7
GAN,2025-02-26,20:26,10.6422446,-85.4476281,9
GAN,2025-02-26,20:40,10.6217471,-85.4276132,8
GAN,2025-02-26,20:29,33.09196053340319,-86.72134742879426,9
GAN,2025-02-26,20:25,30.4726438,-97.6586401,9
GAN,2025-02-26,20:33,33.765832,-86.755259,7
GAN,2025-02-26,20:30,32.355064,-86.2751579,9
GAN,2025-02-26,20:13,34.5831133,-86.96918330000001,7
GAN,2025-02-26,20:27,34.035876,-86.7876705,8
GAN,2025-02-26,22:29,17.98087958630473,-66.12824111295154,8
GAN,2025-02-26,20:27,33.50024786597406,-86.80274362699505,8
GAN,2025-02-26,22:24,17.970629890586988,-66.06557025215831,3
GAN,2025-02-26,22:21,17.98565340378292,-66.04960038659229,8
GAN,2025-02-26,20:05,33.5742604,-86.689375,9
GAN,2025-02-26,22:05,18.0121025,-66.0204384,8
GAN,2025-02-26,20:02,33.38866061356138,-86.76362000829272,8
GAN,2025-02-26,20:03,33.3754453,-86.8545962,9
GAN,2025-02-26,21:58,17.9815041,-66.1285473,9
GAN,2025-02-26,19:40,10.650532,-85.4296699,8
GAN,2025-02-26,21:41,17.967278,-66.0579631,8
GAN,2025-02-26,19:33,33.5005493,-86.8067189,8
GAN,2025-02-26,19:35,33.5005493,-86.8067189,8
GAN,2025-02-26,21:28,17.976323064830204,-66.1088547119495,9
GAN,2025-02-26,20:18,37.4315734,-78.6568942,9
GAN,2025-02-26,20:14,39.1331295,-77.5483327,8
GAN,2025-02-26,20:00,39.1330786,-77.5479435,8
GAN,2025-02-26,20:15,39.1154523,-77.5645323,8
GAN,2025-02-26,19:11,33.78289113519582,-86.47847251870986,9
GAN,2025-02-26,18:20,33.78289113519582,-86.47847251870986,9
GAN,2025-02-26,19:04,33.47284190368826,-86.81596403715987,9
GAN,2025-02-26,20:55,17.970283187058435,-66.10658168792725,9
GAN,2025-02-26,20:30,18.060849106097955,-66.07973604170805,5
GAN,2025-02-22,23:20,33.3361069,-86.7312359,8
GAN,2025-02-26,20:24,18.05299976153169,-66.04887289094778,8
GAN,2025-02-26,18:28,33.6601033,-86.8127702,9
GAN,2025-02-26,18:22,33.51381938325376,-86.80726547852946,9
GAN,2025-02-26,18:52,40.744544666925485,-73.54581898029461,7
GAN,2025-02-25,19:00,33.5185757829451,-86.81035309578164,9
GAN,2025-02-25,19:30,33.4954496,-86.8089856,9
GAN,2025-02-25,20:02,37.32216425502794,-89.52500913618181,7
GAN,2025-02-25,19:53,37.3204062,-89.52379270000002,7
GAN,2025-02-25,19:44,37.31726262592755,-89.52730756139111,9
GAN,2025-02-25,19:39,37.31640830142894,-89.52636674420441,9
GAN,2025-02-25,19:31,37.31392735052919,-89.52849455421132,7
GAN,2025-02-25,19:27,37.3134104,-89.53107609999999,7
GAN,2025-02-25,19:21,37.31499534500296,-89.53021643862304,8
GAN,2025-02-25,19:18,37.3163231,-89.5297604,7
GAN,2025-02-24,19:56,37.3204062,-89.52379270000002,8
GAN,2025-02-25,22:00,39.537826533865534,-119.81411922136576,8
GAN,2025-02-20,19:06,37.31624888669724,-89.52644826107141,9
GAN,2025-02-20,18:59,37.3149853,-89.5285306,8
GAN,2025-02-20,18:55,37.3134104,-89.53107609999999,8
GAN,2025-02-20,18:51,37.31511398372288,-89.53022889573265,9
GAN,2025-02-20,18:47,37.3163231,-89.5297604,8
GAN,2025-02-21,19:05,37.32214496813321,-89.52485349836181,7
GAN,2025-02-25,20:20,40.20524351235117,-76.74106746402089,9
GAN,2025-02-26,21:16,0.0,0.0,9
GAN,2025-02-26,20:53,41.3521578,21.5465922,9
GAN,2025-02-25,22:31,40.8132341,-77.8773338,8
GAN,2025-02-24,20:45,33.500357749058175,-86.80565585070514,9
GAN,2025-02-25,21:00,0.0,0.0,9
GAN,2025-02-25,19:30,33.49945721147571,-86.80504993286473,9
GAN,2025-02-26,11:18,40.7997405,-77.8623821,9
GAN,2025-02-25,21:05,37.09439342843921,-80.11179394623427,3
GAN,2025-02-25,20:40,33.4487183,-86.7877668,9
GAN,2025-02-15,19:45,44.3563396,11.1526049,5
GAN,2025-02-25,19:25,38.2650474,-90.556221,5
GAN,2025-02-26,01:02,38.887764,-119.818396,3
GAN,2025-02-25,23:11,47.103988,-122.4345661,7
GAN,2025-02-25,23:06,39.566450587668456,-119.81331836746892,9
GAN,2025-02-25,23:07,47.0667339,-122.4000303,7
GAN,2025-02-25,22:02,39.5467131,-119.7757388,9
GAN,2025-02-25,23:25,40.21678338698936,-92.580715137904,9
GAN,2025-02-25,22:08,40.18799594765522,-92.56315638117928,5
GAN,2025-02-25,23:10,40.19710295115021,-92.59237725391772,5
GAN,2025-02-25,21:43,40.17771112819582,-92.600708230715,5
GAN,2025-02-25,21:06,39.5437205,-119.8141582,9
GAN,2025-02-25,21:33,40.188006885424,-92.585475998041,5
GAN,2025-02-25,22:50,33.290075044594964,-86.67080180969101,9
GAN,2025-02-25,20:44,39.54004186343253,-119.81463574101512,9
GAN,2025-02-25,20:45,39.5437205,-119.8141582,9
GAN,2025-02-25,20:47,39.5373712,-119.8170575,7
GAN,2025-02-25,20:50,39.60643596741116,-119.75675653332624,7
GAN,2025-02-25,20:48,39.53826770510239,-119.8143189889282,9
GAN,2025-02-25,20:46,39.649077,-119.7074096,9
GAN,2025-02-25,22:28,33.74556276098674,-86.32652431735201,9
GAN,2025-02-25,20:33,39.53953177585298,-119.81900187030328,9
GAN,2025-02-25,20:17,39.5400771,-119.819487,9
GAN,2025-02-25,20:10,39.3983213,-119.7623963,7
GAN,2025-02-25,20:02,39.538514286514896,-119.81784235549188,9
GAN,2025-02-25,21:57,30.86466339999999,-88.0534613,9
GAN,2025-02-25,21:47,10.6436649,-85.4335127,9
GAN,2025-02-25,21:40,33.5185892,-86.8103567,9
GAN,2025-02-25,19:44,39.6130756617833,-119.7707457694378,9
GAN,2025-02-25,21:40,33.692277030640845,-86.82102327784091,9
GAN,2025-02-25,21:36,33.5948372,-86.5777083,8
GAN,2025-02-25,21:13,40.2107729745579,-92.63048028782914,3
GAN,2025-02-25,21:30,33.504163807960275,-86.78550188859754,9
GAN,2025-02-25,21:14,33.59510812160756,-86.57916676354975,8
GAN,2025-02-25,21:33,33.74434332788648,-86.99625148164921,5
GAN,2025-02-25,21:22,30.2302867,-97.8768007,9
GAN,2025-02-25,21:12,33.1028965,-86.7535975,8
GAN,2025-02-25,21:04,33.4970976,-86.8078749,9
GAN,2025-02-25,21:14,40.15536792580835,-75.3509243614243,7
GAN,2025-02-25,21:13,33.4147348,-86.7637182,9
GAN,2025-02-25,20:10,32.2438145,-110.9447027,9
GAN,2025-02-25,21:12,33.4147311,-86.7637096,9
GAN,2025-02-25,21:44,40.95449843014133,-76.88316605677127,9
GAN,2025-02-25,20:06,33.6817908,-112.3917834,8
GAN,2025-02-25,21:03,36.1613894,-86.8162662,8
GAN,2025-02-25,20:58,33.335462,-86.4452239,9
GAN,2025-02-25,21:00,0.0,0.0,9
GAN,2025-02-25,20:57,33.50070988807292,-86.8035218647074,9
GAN,2025-02-25,20:49,10.610000613711096,-85.42428171289443,7
GAN,2025-02-25,21:41,40.64640937394908,-74.33095381829412,7
GAN,2025-02-25,20:27,-63.23362741232568,73.828125,8
GAN,2025-02-25,20:26,33.4728286,-86.8159088,8
GAN,2025-02-25,20:18,33.49199784635238,-86.81364160833348,9
GAN,2025-02-25,20:04,10.6399659,-85.43422269999999,8
GAN,2025-02-25,08:00,39.5353658,-119.8178837,9
GAN,2025-02-25,20:10,33.013443,-97.0227881,8
GAN,2025-02-25,21:04,40.7933949,-77.8600012,7
GAN,2025-02-25,20:03,33.3756897,-86.85458729999999,9
GAN,2025-02-25,21:55,17.988100491823936,-66.05021196575008,9
GAN,2025-02-25,19:45,33.3381632,-86.6320384,5
GAN,2025-02-25,19:51,33.28275935642624,-86.86929582229727,9
GAN,2025-02-25,19:47,32.3182314,-86.902298,9
GAN,2025-02-25,20:29,41.49678703945232,-81.54039127739095,8
GAN,2025-02-25,19:20,41.43237604153708,-81.39087417398513,7
GAN,2025-02-25,20:40,40.75342807126008,-73.54074664290306,7
GAN,2025-02-25,19:32,33.0619286,-97.0191728,8
GAN,2025-02-25,19:30,33.4991090641157,-86.80471147432951,9
GAN,2025-02-25,21:01,17.998430794105765,-66.09848660821417,9
GAN,2025-02-25,19:17,33.5185892,-86.8103567,9
GAN,2025-02-25,19:03,0.0,0.0,3
GAN,2025-02-25,18:44,33.307744651444615,-86.72934995988905,8
GAN,2025-02-25,18:43,33.307744651444615,-86.72934995988905,8
GAN,2025-02-25,18:42,33.307744651444615,-86.72934995988905,9
GAN,2025-02-25,19:40,0.0,0.0,9
GAN,2025-02-25,19:37,0.0,0.0,9
GAN,2025-02-25,18:30,33.5185892,-86.8103567,9
GAN,2025-02-25,18:28,10.646020005192591,-85.44197156127478,9
GAN,2025-02-25,18:36,38.1885119,-76.42627499999999,9
GAN,2025-02-25,20:37,-37.98957371657632,-57.59397544173257,8
GAN,2025-02-25,22:37,50.7521999,-1.7886409,7
GAN,2025-02-25,22:40,0.0,0.0,9
GAN,2025-02-19,23:42,40.4476695,-3.114935,1
GAN,2025-02-24,23:30,40.4742533,-3.3864734,9
GAN,2025-02-25,21:29,0.0,0.0,9
GAN,2025-02-21,21:34,36.0006597,-86.8941927,7
GAN,2025-02-22,14:06,36.0006597,-86.8941927,7
GAN,2025-01-27,22:00,37.57304851866424,-90.724528188693,3
GAN,2025-01-27,21:05,37.59471523893413,-90.77894787495522,3
GAN,2025-01-27,20:38,37.5414823225222,-90.84365891134286,3
GAN,2025-01-27,20:20,37.554383452387626,-90.84605850234878,3
GAN,2025-01-27,20:00,37.56118421493466,-90.85835358829382,3
GAN,2025-02-24,22:12,40.21078723232211,-92.6304876795196,3
GAN,2025-02-24,21:33,40.21052485788552,-92.63034863254384,3
GAN,2025-02-24,20:48,40.17954556012522,-92.64659396496089,3
GAN,2025-02-24,19:47,33.5007322,-86.80296539999999,9
GAN,2025-02-24,19:47,33.5007322,-86.80296539999999,9
GAN,2025-02-25,20:34,-1.2920659,36.8219462,9
GAN,2025-02-25,10:19,0.0,0.0,1
GAN,2025-02-24,21:00,40.80008755894819,-77.85735831277142,7
GAN,2025-02-24,20:00,0.0,0.0,7
GAN,2025-02-25,07:33,0.0,0.0,9
GAN,2025-02-24,20:00,0.0,0.0,7
GAN,2025-02-24,23:01,50.8902903,3.9920928,8
GAN,2025-02-25,00:05,46.6660858,20.2648953,3
GAN,2025-02-24,23:32,30.383719574105616,-99.06164896084428,7
GAN,2025-02-24,19:50,33.6818763,-112.3918372,8
GAN,2025-02-24,21:59,30.229928,-97.8782282,8
GAN,2025-02-24,21:32,40.8132341,-77.8773338,8
GAN,2025-02-24,21:37,0.0,0.0,9
GAN,2025-02-24,21:28,10.6244756,-85.4601638,9
GAN,2025-02-24,20:29,32.6101862194494,-110.79740881966168,3
GAN,2025-02-24,21:05,10.644759,-85.4413494,8
GAN,2025-02-24,22:03,37.7043065,-85.87123849999999,9
GAN,2025-02-24,21:03,10.64604214425083,-85.4420147806535,9
GAN,2025-02-24,20:55,33.49986066112024,-86.80310995975867,8
GAN,2025-02-24,20:00,36.90493263711733,-111.45923049786629,7
GAN,2025-02-24,20:54,33.39421401936848,-86.67509939446889,8
GAN,2025-02-24,20:45,9.374871593360236,-83.88406986762652,1
GAN,2025-02-24,20:46,29.871623913756284,-98.75927384268805,7
GAN,2025-02-24,20:48,29.8717383,-98.7593098,8
GAN,2025-02-24,20:41,10.645547,-85.4419686,7
GAN,2025-02-24,20:28,10.644759,-85.4413494,8
GAN,2025-02-24,20:27,33.2690571,-86.8290904,8
GAN,2025-02-24,20:27,33.4053867,-86.8113781,8
GAN,2025-02-24,20:12,10.6398029,-85.4462284,8
GAN,2025-02-24,20:11,33.3980979,-86.7889424,8
GAN,2025-02-24,20:04,10.6340001,-85.4315694,9
GAN,2025-02-24,20:07,34.06286011614259,-86.76881197280714,8
GAN,2025-02-24,20:01,33.3756102,-86.8545351,8
GAN,2025-02-24,20:03,33.3720872,-86.8544158,9
GAN,2025-02-07,20:32,46.07323062540835,-78.5137939453125,7
GAN,2025-02-24,21:23,17.9815041,-66.1285473,9
GAN,2025-02-24,19:28,33.5007779,-86.7966605,9
GAN,2025-02-24,19:22,33.4917648,-86.8141887,9
GAN,2025-02-24,19:20,10.650013,-85.4327116,9
GAN,2025-02-24,19:19,10.62385416209494,-85.43351482905192,8
GAN,2025-02-24,19:12,34.6259147,-86.4862488,9
GAN,2025-02-24,18:58,33.4975781,-86.8047216,9
GAN,2025-02-24,19:53,0.0,0.0,1
GAN,2025-02-20,20:13,0.0,0.0,9
GAN,2025-02-23,23:10,29.871819,-98.631531,3
GAN,2025-02-22,21:33,47.823057,13.3588667,3
GAN,2025-02-22,21:33,47.823057,13.3588667,3
GAN,2025-02-22,21:33,47.823057,13.3588667,3
GAN,2025-02-22,22:03,47.8324833,13.3467339,3
GAN,2025-02-22,22:03,47.8324833,13.3467339,3
GAN,2025-02-22,22:03,47.8324833,13.3467339,3
GAN,2025-02-22,22:11,47.8324833,13.3467339,3
GAN,2025-02-22,22:11,47.8324833,13.3467339,3
GAN,2025-02-22,22:11,47.8431968,13.3409224,3
GAN,2025-02-22,22:23,47.85762099999999,13.3501547,5
GAN,2025-02-24,21:45,41.34937559999999,21.5528045,9
GAN,2025-02-22,22:23,47.85762099999999,13.3501547,5
GAN,2025-02-24,21:34,40.4772041,-3.3633253,9
GAN,2025-02-22,22:23,47.85762099999999,13.3501547,5
GAN,2025-02-23,02:00,42.730808537617946,-84.49017016585438,9
GAN,2025-02-23,20:39,40.5474107,-3.3766851,9
GAN,2025-02-24,13:20,0.0,0.0,8
GAN,2025-02-21,19:49,37.3163231,-89.5297604,8
GAN,2025-02-21,19:46,37.31507695316111,-89.53031210652998,9
GAN,2025-02-21,19:41,37.3134104,-89.53107609999999,7
GAN,2025-02-21,19:36,37.3149853,-89.5285306,7
GAN,2025-02-21,19:29,37.31638898956296,-89.52660018940195,9
GAN,2025-02-21,19:24,37.31724423137061,-89.52732988640774,9
GAN,2025-02-21,19:13,37.3204062,-89.52379270000002,7
GAN,2025-02-20,19:24,37.32217369119304,-89.52486119191356,7
GAN,2025-02-20,19:19,37.3204062,-89.52379270000002,8
GAN,2025-02-20,19:11,37.3173052246179,-89.52745407243924,9
GAN,2025-02-22,20:25,40.8132341,-77.8773338,8
GAN,2025-02-24,00:43,38.4175418,-90.9489332,5
GAN,2025-02-23,21:02,31.867709657881573,-109.51438893327104,3
GAN,2025-02-23,21:38,10.63775514535381,-85.44120592814248,9
GAN,2025-02-23,20:15,32.61031893854236,-110.79721539851352,3
GAN,2025-02-23,21:09,33.5185892,-86.8103567,8
GAN,2025-02-23,23:12,18.009770836106256,-66.0034294502053,8
GAN,2025-02-23,20:55,10.6094491,-85.426185,9
GAN,2025-02-23,22:46,17.98220948391933,-66.11653531135704,9
GAN,2025-02-23,19:26,35.28287,-106.7187944,5
GAN,2025-02-23,20:23,32.1553459,-85.4973587,9
GAN,2025-02-23,20:21,32.1553459,-85.4973587,9
GAN,2025-02-23,20:11,10.5741763,-85.4080426,9
GAN,2025-02-23,20:05,33.5266707,-86.7280421,8
GAN,2025-02-23,20:05,0.0,0.0,9
GAN,2025-02-23,20:33,17.968845,-66.0713798,9
GAN,2025-02-23,18:24,-1.5379226873742342,85.81320852041245,1
GAN,2025-02-23,20:22,17.9752553,-66.1153911,9
GAN,2025-02-23,20:18,18.0061407,-66.0188331,9
GAN,2025-02-23,20:13,18.040496160608956,-66.20949082118045,7
GAN,2025-02-23,20:10,18.06082676981309,-66.07974720075096,7
GAN,2025-02-23,20:12,17.967859731967863,-66.16996374474999,9
GAN,2025-02-23,20:21,17.9691626,-66.214527,9
GAN,2025-02-23,20:13,17.987114062351797,-66.04831854556416,8
GAN,2025-02-23,18:08,33.427133,-86.68609099999999,9
GAN,2025-02-23,19:51,17.980609889946944,-66.05419921000102,7
GAN,2025-02-23,19:48,17.982693541161826,-66.11043147676988,9
GAN,2025-02-23,21:42,41.34937559999999,21.5528045,9
GAN,2025-02-23,21:30,49.9274969,14.2747018,8
GAN,2025-02-23,20:50,52.5351876,13.2002964,7
GAN,2025-02-23,20:27,43.61242486919368,1.5732623346645498,8
GAN,2025-02-23,20:00,0.0,0.0,9
GAN,2025-02-23,20:00,0.0,0.0,9
GAN,2025-02-23,19:25,51.24680399356729,6.795683503715497,8
GAN,2025-02-22,20:20,18.0608587283219,-66.07965004511146,5
GAN,2025-02-22,21:00,49.39388138665035,8.795144904723044,7
GAN,2025-02-23,03:50,40.17771149799536,-92.600706320436,5
GAN,2025-02-23,01:20,40.18796933077304,-92.58548571800203,7
GAN,2025-02-22,23:38,10.640508,-85.4387893,9
GAN,2025-02-22,21:23,0.0,0.0,9
GAN,2025-02-21,22:30,0.0,0.0,8
GAN,2025-02-22,22:26,0.0,0.0,9
GAN,2025-02-22,23:22,40.0727889,-74.7206894,9
GAN,2025-02-22,21:19,32.60901527743444,-110.73294249288712,3
GAN,2025-02-22,22:03,33.39861936474882,-86.77400186780005,1
GAN,2025-02-22,21:57,33.4487183,-86.7877668,9
GAN,2025-02-22,21:56,33.11061419220115,-86.8853644312125,9
GAN,2025-02-22,21:33,33.6233925,-86.3083614,8
GAN,2025-02-22,20:42,32.514229,-110.89505,5
GAN,2025-02-22,20:39,33.681916,-112.3919139,8
GAN,2025-02-22,21:19,33.2592661,-86.7288774,7
GAN,2025-02-22,20:50,17.9892779,-66.0443379,8
GAN,2025-02-22,21:00,33.3755884,-86.854462,9
GAN,2025-02-22,20:51,33.33671351178951,-86.59268341834088,9
GAN,2025-02-22,19:51,33.337442989072365,-111.42559659241287,5
GAN,2025-02-22,20:30,38.8791783,-99.3267702,8
GAN,2025-02-22,20:33,-57.32652122521708,59.765625,9
GAN,2025-02-22,20:26,33.65295436625199,-86.81345839485587,7
GAN,2025-02-22,20:19,10.6453276,-85.4342118,7
GAN,2025-02-22,22:25,17.99367019696092,-66.11519830155495,9
GAN,2025-02-22,20:05,10.6300628,-85.4381219,9
GAN,2025-02-22,19:55,40.21080727956076,-92.63048749922244,5
GAN,2025-02-21,21:46,33.079296,-87.719936,7
GAN,2025-02-22,19:27,41.38987336241945,-81.47717913593318,8
GAN,2025-02-22,21:41,5.629860653723435,-67.4498470562962,7
GAN,2025-02-22,21:39,17.988120388116823,-66.05019117199103,7
GAN,2025-02-22,21:37,18.040507520230385,-66.20948795359259,7
GAN,2025-02-22,21:28,18.0045418,-66.0346265,5
GAN,2025-02-22,21:17,18.0062103,-66.0190261,7
GAN,2025-02-22,21:19,18.06239562568256,-66.09308722982479,5
GAN,2025-02-20,20:23,44.40662368480397,11.44716558603997,5
GAN,2025-02-22,21:03,18.009706115815252,-66.00343615559306,8
GAN,2025-02-22,21:02,17.968062714948093,-66.16980563361855,8
GAN,2025-02-22,20:52,17.987426760057225,-66.04982262829468,7
GAN,2025-02-22,20:37,17.979598684702733,-66.12936355994998,8
GAN,2025-02-22,20:47,17.988368114409607,-66.05151275640128,9
GAN,2025-02-22,20:39,17.9955316,-66.0847456,7
GAN,2025-02-22,20:43,17.9835835,-66.11406749999999,9
GAN,2025-02-22,20:24,17.97535813709223,-66.09170472448046,8
GAN,2025-02-22,20:06,17.9883068399123,-66.05012537483948,8
GAN,2025-02-22,20:06,17.988295497338385,-66.05047920915364,8
GAN,2025-02-22,22:41,49.9296309,14.2681726,9
GAN,2025-02-21,21:14,33.6476417,-86.4956768,9
GAN,2025-02-22,21:46,41.34937559999999,21.5528045,9
GAN,2025-02-22,13:58,9.9280694,-84.0907246,9
GAN,2025-02-22,20:40,0.0,0.0,9
GAN,2025-02-22,20:34,26.80845327140637,29.400431144757093,5
GAN,2025-02-22,20:34,41.3526371,21.5460583,5
GAN,2025-02-21,21:00,10.1195388,-85.46076389999999,9
GAN,2025-02-21,23:37,33.0501142,-86.8103484,7
GAN,2025-02-22,01:05,34.6922947,-86.7731484,8
GAN,2025-02-22,00:38,34.6992579,-86.74833180000002,9
GAN,2025-02-21,23:56,33.4819861,-86.82317139999999,9
GAN,2025-02-21,23:24,40.04647466899416,-75.6491669730538,8
GAN,2025-02-21,21:42,33.5007322,-86.80296539999999,9
GAN,2025-02-21,21:02,32.61023948038012,-110.79761869948727,3
GAN,2025-02-21,23:48,18.0307965,-66.1684077,5
GAN,2025-02-21,21:33,10.634049658462692,-85.42601837884389,8
GAN,2025-02-21,22:38,18.053077681412116,-66.04877180821464,9
GAN,2025-02-21,21:26,0.0,0.0,9
GAN,2025-02-21,23:06,18.006557979964935,-66.26162792872492,9
GAN,2025-02-21,21:08,0.0,0.0,9
GAN,2025-02-21,21:05,10.644132066125072,-85.4438294595786,9
GAN,2025-02-21,20:59,33.54610369240118,-86.17276952382305,9
GAN,2025-02-21,22:43,18.012083699761654,-66.05688219867055,7
GAN,2025-02-21,20:45,10.6586602,-85.4204074,9
GAN,2025-02-21,20:32,10.5442693,-85.3493144,7
GAN,2025-02-21,19:32,33.6818129,-112.3918277,8
GAN,2025-02-21,20:28,10.650558865684982,-85.42954644663264,9
GAN,2025-02-21,20:19,8.711884,-83.66144000000001,5
GAN,2025-02-21,20:19,40.21081957571704,-92.63048713546972,5
GAN,2025-02-20,20:56,37.6865204,-79.1270037,9
GAN,2025-02-21,19:10,10.6463104,-85.4416626,8
GAN,2025-02-21,22:09,17.995397,-66.084867,8
GAN,2025-02-21,22:09,17.97056364468848,-66.06554017633442,5
GAN,2025-02-21,20:38,35.96257257494777,-79.89706697069627,8
GAN,2025-02-21,19:44,10.6469633,-85.4307656,9
GAN,2025-02-21,19:32,41.7364697,-88.17529259999999,9
GAN,2025-02-21,20:08,37.20048274651933,-80.00313037911532,5
GAN,2025-02-21,20:51,39.3762145,-77.154704,5
GAN,2025-02-21,21:42,17.975350971946533,-66.09167947087658,8
GAN,2025-02-21,19:26,21.213753,-100.6953457,9
GAN,2025-02-21,19:25,34.0792598,-86.969527,7
GAN,2025-02-21,21:13,17.97889289996494,-66.12526834044839,9
GAN,2025-02-21,21:08,17.979335751226436,-66.10903171246731,9
GAN,2025-02-21,19:06,34.0792598,-86.969527,9
GAN,2025-02-21,20:35,17.969997434293866,-66.11353397369385,7
GAN,2025-02-21,18:56,33.9564721,-86.5809354,7
GAN,2025-02-21,20:47,17.97537482814859,-66.1109748701086,8
GAN,2025-02-20,20:35,40.21080993353228,-92.63048128468994,5
GAN,2025-01-28,21:20,40.2108016425822,-92.63048738461906,3
GAN,2025-02-21,20:42,17.980611713199554,-66.05419921143336,9
GAN,2025-02-21,20:39,17.9892796,-66.0443366,8
GAN,2025-02-21,20:10,18.0608686283146,-66.07960025007125,7
GAN,2025-01-27,19:30,40.210800938940224,-92.63048427200896,3
GAN,2025-01-19,19:27,40.21081871709709,-92.63048351538386,3
GAN,2025-02-21,20:34,18.06238715149447,-66.09309427649886,5
GAN,2025-02-21,20:33,17.987426765116812,-66.04982223940667,7
GAN,2025-02-21,20:35,17.98822355854212,-66.05057211787474,9
GAN,2025-02-21,20:35,17.988270800099347,-66.0505486966442,9
GAN,2025-01-01,19:45,40.210806728345474,-92.63048393923056,3
GAN,2025-02-21,19:26,35.9382103,-77.7905339,9
GAN,2025-02-21,20:31,17.99092804877553,-66.04942507921645,9
GAN,2025-02-21,20:31,17.988363431728022,-66.05151908676844,9
GAN,2025-02-21,18:31,33.9564709,-86.5809339,9
GAN,2025-02-21,20:25,18.0059732,-66.018956,8
GAN,2025-02-21,20:17,17.98087849614561,-66.12824034498058,8
GAN,2025-02-21,20:14,18.040499564330165,-66.20949659293963,7
GAN,2025-02-21,20:08,17.97707849912145,-66.07423188803725,9
GAN,2025-02-21,20:03,17.967825759163507,-66.16968104002665,9
GAN,2025-02-21,19:51,17.9782919,-66.2924878,9
GAN,2025-02-21,19:15,18.040500088555053,-66.20949791405738,7
GAN,2025-02-21,19:29,17.9839035,-66.2956704,9
GAN,2025-02-18,19:34,10.638229536258994,-85.43914950932346,7
GAN,2025-02-21,21:48,40.4950347,-3.359517,9
GAN,2025-02-21,21:47,40.4957372,-3.3596105,9
GAN,2025-02-21,21:47,41.34937559999999,21.5528045,9
GAN,2025-02-21,20:49,0.0,0.0,9
GAN,2025-02-21,20:01,0.0,0.0,9
GAN,2025-02-21,09:51,10.6205652,-85.4516903,9
GAN,2025-02-21,20:37,0.0,0.0,9
GAN,2025-02-21,08:37,0.0,0.0,9
GAN,2025-02-20,19:30,0.0,0.0,8
GAN,2025-02-20,19:30,0.0,0.0,8
GAN,2025-02-20,23:52,38.887764,-119.818396,3
GAN,2025-02-20,23:29,33.42542660566393,-86.9010011422166,9
GAN,2025-02-20,22:47,40.18800437129354,-92.5854580891644,7
GAN,2025-02-20,22:23,10.636411084762146,-85.43584409037692,9
GAN,2025-02-20,22:34,10.6341273,-85.4398195,9
GAN,2025-02-20,22:34,10.64961246483249,-85.43250475509461,9
GAN,2025-02-20,21:05,33.5007322,-86.80296539999999,8
GAN,2025-02-20,21:56,45.46918196011548,-94.34997930053788,8
GAN,2025-02-20,20:36,33.6819042,-112.3919161,8
GAN,2025-02-20,20:33,33.7135431,-112.3507927,7
GAN,2025-02-20,21:29,45.50026293896804,-94.27899579255,8
GAN,2025-02-20,20:53,33.4998254,-86.8022809,9
GAN,2025-02-20,23:10,17.967535426199163,-66.16978970166569,9
GAN,2025-02-20,21:03,33.5009384,-86.75221069999999,9
GAN,2025-02-20,23:04,18.006557979964935,-66.26162792872492,9
GAN,2025-02-20,23:00,18.006557979964935,-66.26162792872492,9
GAN,2025-02-20,19:22,33.5805955,-112.2373779,9
GAN,2025-02-20,20:25,33.3403681,-86.5774842,7
GAN,2025-02-20,21:28,42.8116561697936,-83.77773586287321,8
GAN,2025-02-20,20:24,38.3451136,-90.128384,7
GAN,2025-02-20,20:18,10.640408615266194,-85.42687613023608,9
GAN,2025-02-20,20:13,34.8829270340665,-86.54972570955384,9
GAN,2025-02-20,20:15,10.6473837,-85.4300818,9
GAN,2025-02-20,19:57,33.3716508,-86.8544415,9
GAN,2025-02-20,20:00,33.3756897,-86.85458729999999,9
GAN,2025-02-20,19:57,33.7021506,-86.4045976,7
GAN,2025-02-20,19:51,33.49940550801434,-86.80364170387388,9
GAN,2025-02-20,19:46,33.4993068,-86.80355019999999,9
GAN,2025-02-20,19:32,33.41990086132739,-86.67679938876518,9
GAN,2025-02-20,19:33,33.6395285,-86.66124909999999,9
GAN,2025-02-20,19:27,33.6395285,-86.66124909999999,9
GAN,2025-02-20,19:44,35.9382103,-77.7905339,9
GAN,2025-02-20,19:06,33.52222487630303,-86.73457666270394,9
GAN,2025-02-20,18:45,33.3734624,-86.8360512,9
GAN,2025-02-20,18:34,33.3735121,-86.8364737,9
GAN,2025-02-20,21:35,41.3491204,21.5445614,7
GAN,2025-02-20,21:35,41.3526371,21.5460583,7
GAN,2025-02-20,21:25,41.34937559999999,21.5528045,9
GAN,2025-02-20,20:10,45.1532055,10.7148771,8
GAN,2025-02-19,20:03,40.8132341,-77.8773338,8
GAN,2025-02-19,19:10,47.60705473741501,20.7234869832663,3
GAN,2025-02-19,19:01,47.60532244253952,20.725630819302754,5
GAN,2025-02-20,07:18,52.4822694,-1.8900078,7
GAN,2025-02-19,18:46,47.60368061755043,20.727860423300744,3
GAN,2025-02-20,21:02,33.5158233,133.5154975,7
GAN,2025-02-19,19:44,42.9839778,-88.0334546,9
GAN,2025-02-19,20:08,60.54123538014806,-145.74517502828732,9
GAN,2025-02-19,21:25,33.6819076,-112.3917742,8
GAN,2025-02-19,23:32,39.3762145,-77.154704,5
GAN,2025-02-19,22:23,10.609214933696125,-85.42513630721797,7
GAN,2025-02-19,22:18,34.88593094075317,-102.65625,9
GAN,2025-02-19,22:12,0.0,0.0,9
GAN,2025-02-19,22:04,33.28209754948193,-86.84030984478977,9
GAN,2025-02-19,21:41,33.28179336723071,-86.84037239386761,9
GAN,2025-02-19,21:44,10.639523873580794,-85.43941859674648,9
GAN,2025-02-19,21:38,10.5193757,-85.6528849,7
GAN,2025-02-19,21:35,33.6665172,-86.676405,9
GAN,2025-02-19,21:28,10.6606602,-85.4186614,9
GAN,2025-02-19,21:20,10.6492302,-85.4631831,7
GAN,2025-02-19,22:15,38.21857671592469,-85.64111480834384,9
GAN,2025-02-19,20:58,10.6149178,-85.4248579,8
GAN,2025-02-19,20:48,10.5692636,-85.3878066,9
GAN,2025-02-19,21:07,40.2044595,-76.7423198,8
GAN,2025-02-19,20:05,10.6371753,-85.4426241,9
GAN,2025-02-19,19:38,10.153313945015071,-84.72925956009861,1
GAN,2025-02-19,21:13,38.27088344550992,-85.64535182181902,9
GAN,2025-02-19,21:55,18.0045513,-66.0346249,7
GAN,2025-02-19,21:50,18.0307965,-66.1684077,8
GAN,2025-02-18,19:55,33.58086689997076,-86.27010438335034,7
GAN,2025-02-19,21:29,17.9893052,-66.0443371,8
GAN,2025-02-19,19:32,33.2591883,-86.7288056,9
GAN,2025-02-19,21:15,17.97941054956664,-66.10906666421748,9
GAN,2025-02-19,20:46,18.0060189,-66.0190027,7
GAN,2025-02-19,20:44,17.980878489042315,-66.1282401042389,8
GAN,2025-02-19,18:47,89.86172838526166,144.9439337061508,9
GAN,2025-02-19,19:43,40.59513626938997,-75.49247845368758,9
GAN,2025-02-19,20:42,17.968601215521947,-66.10614984532091,8
GAN,2025-02-19,20:37,17.948238192433045,-66.13299858529741,9
GAN,2025-02-19,20:30,17.948241203882084,-66.1327946438227,9
GAN,2025-02-19,20:29,17.9839657,-66.2960756,8
GAN,2025-02-19,20:00,-57.50957676522802,-8.031151969565206,8
GAN,2025-02-19,20:00,17.9955867,-66.085201,7
GAN,2025-02-19,16:41,31.3271189,-89.29033919999999,3
GAN,2025-02-19,21:54,41.34937559999999,21.5528045,9
GAN,2025-02-19,21:04,0.0,0.0,7
GAN,2025-02-19,21:01,0.0,0.0,9
GAN,2025-02-19,10:21,10.620697231112487,-85.45178223646735,1
GAN,2025-02-19,10:34,9.748917,-83.753428,1
GAN,2025-02-20,00:30,35.64893724794981,139.88005372298244,8
GAN,2025-02-18,20:27,40.8132341,-77.8773338,8
GAN,2025-02-19,21:12,35.671153495861354,139.50146416832675,7
GAN,2025-02-18,23:39,31.33265944416148,-89.33364449348294,9
GAN,2025-02-18,19:21,35.2828588,-106.7188033,5
GAN,2025-02-18,20:12,41.4912831698119,-81.56453722460006,8
GAN,2025-02-18,21:01,41.492334583751806,-81.55033449248657,8
GAN,2025-01-02,02:11,-43.32521249905156,145.99146670551042,3
GAN,2025-02-18,21:28,51.38636958036976,6.753377520452735,9
GAN,2025-02-18,21:20,0.0,0.0,9
GAN,2025-02-18,10:51,0.0,0.0,3
GAN,2025-02-16,22:00,48.2291233028327,-101.28288045641966,9
GAN,2025-02-05,21:33,48.211365740227066,-101.31683184809356,9
GAN,2025-02-18,09:18,10.6206299,-85.4518658,9
GAN,2025-02-18,09:09,10.6206299,-85.4518658,1
GAN,2025-02-18,09:31,39.36827914916013,38.9080810546875,9
GAN,2025-02-18,07:28,10.620543703115954,-85.45186276733968,1
GAN,2025-02-18,07:23,10.6206107,-85.4518204,1
GAN,2025-02-17,18:48,35.9382103,-77.7905339,9
GAN,2025-02-10,21:06,10.6098882,-85.4252882,9
GAN,2025-02-17,21:45,51.84086950806634,4.146480361569624,7
GAN,2025-02-17,20:55,33.38203428659713,-111.90983522583612,5
GAN,2025-02-17,22:05,35.3137111,-83.1765333,7
GAN,2025-01-12,12:12,35.27810540419243,-111.66745024385668,3
GAN,2025-01-12,12:12,35.295230925931314,-111.66503491015624,9
GAN,2025-02-17,21:23,37.24388531741986,-80.01949823373883,5
GAN,2025-02-17,20:09,40.8132341,-77.8773338,8
GAN,2025-02-17,19:35,40.50383161105339,-79.80952885891162,7
GAN,2025-02-16,20:08,27.8044897465235,-82.61850780522545,8
GAN,2025-02-08,20:04,10.6098773,-85.4252863,9
GAN,2025-02-17,23:16,51.45884145033654,7.243261521256419,8
GAN,2025-02-17,23:15,51.45884035338418,7.243267423826252,5
GAN,2025-02-17,22:01,51.4590052,7.2433274,7
GAN,2025-02-17,22:00,51.4588357453697,7.243261791264355,7
GAN,2025-02-17,21:59,41.34937559999999,21.5528045,9
GAN,2025-02-17,20:54,0.0,0.0,9
GAN,2025-02-17,13:08,10.6206405,-85.451856,1
GAN,2025-02-17,12:57,10.6228214139714,-85.45195675071822,1
GAN,2025-02-17,12:56,10.620606,-85.4518646,9
GAN,2025-02-16,20:34,40.239594671100335,-2.50583460895613,9
GAN,2025-02-17,10:27,0.0,0.0,9
GAN,2025-02-18,00:10,36.8246784,127.1332864,9
GAN,2025-02-17,13:34,0.0,0.0,9
GAN,2025-02-16,19:45,40.0149856,-105.2705456,9
GAN,2025-02-16,20:02,32.940199024114335,-96.98536423062896,9
GAN,2025-02-16,22:40,51.43168249786797,6.884545344366879,7
GAN,2025-02-16,21:35,51.24095565053046,6.802597948886562,8
GAN,2025-02-16,21:20,0.0,0.0,9
GAN,2025-02-16,21:04,41.34937559999999,21.5528045,9
GAN,2025-02-16,22:15,19.0759837,72.8776559,9
GAN,2025-02-15,21:50,33.427931,-111.9543441,9
GAN,2025-02-15,21:21,39.7292138201583,-104.98101932293169,8
GAN,2025-02-15,16:50,34.0164198,-118.4951909,8
GAN,2025-02-15,21:44,41.34937559999999,21.5528045,9
GAN,2025-02-14,19:41,33.4151193,-111.9039833,9
GAN,2025-02-14,21:25,41.34937559999999,21.5528045,9
GAN,2025-02-12,20:00,19.1443274,-96.102223,9
GAN,2025-02-13,12:59,47.6101497,-122.2015159,8
GAN,2025-02-13,20:56,0.0,0.0,9
GAN,2025-02-11,14:53,31.3287871,-89.3296996,9
GAN,2025-02-09,14:28,31.6036764,-90.5188256,5
GAN,2025-02-12,21:27,0.0,0.0,9
GAN,2025-02-11,21:06,33.931431198258004,-86.91235397448753,9
GAN,2025-02-11,22:00,31.3292325,-89.3404089,9
GAN,2025-02-12,00:24,39.32996872010944,-113.6578477402742,9
GAN,2025-02-08,23:30,31.3309963,-89.3330479,8
GAN,2025-02-11,21:37,32.1544162,-90.1239399,9
GAN,2025-02-08,00:12,38.5731349,-82.83016769999999,9
GAN,2025-02-11,21:26,0.0,0.0,9
GAN,2025-02-11,21:26,0.0,0.0,9
GAN,2025-01-02,22:02,38.0195111,-78.4816206,5
GAN,2025-01-02,21:53,38.0317892,-78.4806479,7
GAN,2025-01-01,21:16,38.0329765,-78.5223966,5
GAN,2025-01-01,13:21,38.0349813,-78.5033279,7
GAN,2025-01-01,20:40,38.0616522,-78.473642,5
GAN,2025-01-01,20:30,38.0514553,-78.4999563,7
GAN,2025-01-01,20:23,38.0410573,-78.4910544,7
GAN,2025-02-10,19:54,42.4528571,-75.0637746,8
GAN,2025-02-10,20:27,40.8132341,-77.8773338,8
GAN,2025-02-10,20:08,41.65172698779017,-72.68723004321184,8
GAN,2025-02-10,21:53,41.34937559999999,21.5528045,9
GAN,2025-02-10,21:32,0.0,0.0,9
GAN,2025-02-10,10:53,30.505198,-97.8202888,9
GAN,2025-01-18,20:00,27.059972642354325,-112.23687460466292,3
GAN,2025-02-09,23:30,35.7661256,50.9499275,9
GAN,2025-02-09,20:53,41.34937559999999,21.5528045,9
GAN,2025-02-07,20:53,33.7748275,-84.2963123,8
GAN,2025-02-08,22:37,31.3271189,-89.29033919999999,8
GAN,2025-02-08,21:52,31.3465627,-89.2600605,8
GAN,2025-02-08,18:54,31.4965591,-89.7395195,9
GAN,2025-02-08,23:19,28.569437403222956,-16.332401249452083,9
GAN,2025-02-08,23:17,28.569399223616703,-16.33236128413111,9
GAN,2025-02-08,23:12,28.56936097373462,-16.3323962579902,9
GAN,2025-02-08,21:09,41.34937559999999,21.5528045,9
GAN,2025-02-08,20:22,0.0,0.0,9
GAN,2025-02-07,20:19,41.28391843661741,-95.96215930477048,9
GAN,2025-02-07,21:40,-16.7294419,-49.3062558,8
GAN,2025-01-17,20:58,40.8132341,-77.8773338,7
GAN,2025-02-07,18:34,40.8132341,-77.8773338,8
GAN,2025-02-07,21:55,-75.93713828445611,-55.23578703403473,9
GAN,2025-02-05,04:45,46.75512243415924,8.070376329123974,3
GAN,2025-02-06,20:30,38.20415910116149,-78.34607212997818,8
GAN,2025-02-06,20:00,8.623363,-70.2855353,9
GAN,2025-02-06,23:17,37.78018127993956,-3.7888806776854302,9
GAN,2025-02-06,22:18,40.48189557225788,-3.350304415714165,9
GAN,2025-02-05,20:30,35.1876285,-111.6479754,7
GAN,2025-02-06,13:51,0.0,0.0,9
GAN,2025-02-06,20:57,0.0,0.0,9
GAN,2025-02-05,22:29,41.73202228651262,-72.69986264059057,9
GAN,2025-02-05,21:10,42.3764852,-71.2356113,9
GAN,2025-02-05,19:08,35.1982836,-111.651302,8
GAN,2025-02-05,19:18,32.010014911866854,-102.12092580614936,7
GAN,2025-02-04,20:15,35.1802684,-111.6540336,7
GAN,2025-02-01,23:38,35.17962706659094,-111.66730563639626,7
GAN,2025-02-06,03:18,0.0,0.0,1
GAN,2025-02-06,03:17,0.0,0.0,1
GAN,2025-02-04,22:13,35.1818792,-111.6541367,5
GAN,2025-02-04,21:31,35.1802684,-111.6540336,7
GAN,2025-02-05,21:59,41.34937559999999,21.5528045,9
GAN,2025-02-05,21:44,-76.70001918871924,44.6484375,9
GAN,2025-02-04,19:30,42.365357,-71.2586437,9
GAN,2025-02-05,21:12,0.0,0.0,9
GAN,2025-01-31,22:35,39.9718841,-105.4741889,3
GAN,2025-02-05,20:30,40.4744268846234,-3.3634607450926186,8
GAN,2025-02-04,00:15,35.2156642,-111.6048775,5
GAN,2025-02-01,19:45,41.826488,-72.73009449999999,9
GAN,2025-02-05,22:00,-37.8392298,144.9987451,8
GAN,2025-02-05,13:26,0.0,0.0,9
GAN,2025-02-04,21:53,40.401865051290656,-104.79027854463553,9
GAN,2025-02-04,19:45,35.1982836,-111.651302,9
GAN,2025-02-04,21:28,41.2928979,-73.48872879999999,8
GAN,2025-02-04,19:35,29.64132406334191,-98.43456158499065,9
GAN,2025-01-22,19:40,34.34893374774447,133.9566937129691,8
GAN,2025-01-31,20:20,24.64888941295533,-81.31346225738525,3
GAN,2025-01-30,20:18,24.64888941295533,-81.31346225738525,3
GAN,2025-01-30,01:59,24.64888941295533,-81.31346225738525,3
GAN,2025-01-29,20:54,24.64888941295533,-81.31346225738525,3
GAN,2025-01-28,01:20,24.64888941295533,-81.31346225738525,3
GAN,2025-01-27,22:00,24.64888941295533,-81.31346225738525,3
GAN,2025-01-27,19:23,24.64888941295533,-81.31350517272949,3
GAN,2025-02-04,21:37,42.63100003091712,-8.586792886319714,5
GAN,2025-02-04,21:31,51.0664038,13.7511412,8
GAN,2025-02-04,20:44,0.0,0.0,9
GAN,2025-02-03,23:28,33.4999078,-86.8036766,8
GAN,2025-02-03,20:02,0.0,0.0,9
GAN,2025-02-03,23:00,52.5947209,13.3833808,5
GAN,2025-02-03,16:10,25.9531665,-97.517605,8
GAN,2025-02-03,23:06,42.6463539,-8.598375,5
GAN,2025-01-28,19:00,37.32216573792691,-89.52491136509697,7
GAN,2025-01-28,18:52,37.32234299534184,-89.52512634277693,7
GAN,2025-01-28,18:43,37.3170275,-89.52738749999999,9
GAN,2025-01-28,18:37,37.316368343848,-89.52640534572717,9
GAN,2025-01-28,18:30,37.3149853,-89.5285306,7
GAN,2025-01-28,18:26,37.3134104,-89.53107609999999,7
GAN,2025-01-28,18:21,37.315314781614255,-89.53023789654073,8
GAN,2025-01-28,18:17,37.31653312740152,-89.52990345117475,8
GAN,2025-01-27,19:08,37.3204062,-89.52379270000002,7
GAN,2025-01-27,19:00,37.32225971328938,-89.5250371594967,7
GAN,2025-01-27,18:46,37.31723570343298,-89.52791500120175,9
GAN,2025-01-27,18:40,37.316414687812646,-89.52644110854132,9
GAN,2025-01-27,18:32,37.314927525828544,-89.52845728634149,7
GAN,2025-01-27,18:27,37.3134104,-89.53107609999999,7
GAN,2025-01-27,18:21,37.31531528780686,-89.53005372819969,8
GAN,2025-01-27,18:17,37.3165835262704,-89.52987641929407,8
GAN,2025-02-03,21:24,0.0,0.0,9
GAN,2025-02-01,23:35,29.872364125,-98.63112425,3
GAN,2025-02-03,21:12,0.0,0.0,9
GAN,2025-02-02,20:18,35.184098555584946,-111.65661620750308,8
GAN,2025-01-31,09:20,47.1758415,-122.5783442,7
GAN,2025-01-31,20:30,44.2789568,-71.6907086,7
GAN,2025-02-02,20:30,44.2317276,-71.76287839999999,3
GAN,2025-02-03,19:53,12.9428497,80.1939134,9
GAN,2025-02-03,12:39,0.0,0.0,8
GAN,2025-02-02,23:33,47.32879809593539,-122.74420019303734,9
GAN,2025-01-31,01:31,43.2102347,-82.9716617,9
GAN,2025-01-30,19:00,47.255095,-122.440208,9
GAN,2025-02-02,22:23,33.5617,-112.1296,3
GAN,2025-01-31,23:59,43.1066058702892,-82.88483652621524,9
GAN,2025-02-02,22:04,39.4592256,-104.8805376,9
GAN,2025-01-30,21:04,47.19859699681189,-122.52335566769392,9
GAN,2025-02-01,20:00,0.0,0.0,9
GAN,2025-01-31,21:42,0.0,0.0,9
GAN,2025-02-02,20:43,35.18666853452785,-111.65529869526549,8
GAN,2025-01-28,19:40,46.9868989495742,-122.22111038609472,5
GAN,2025-02-01,23:00,47.15715633656588,-122.57148414588852,9
GAN,2025-01-27,19:15,46.98692477794908,-122.22135198181824,5
GAN,2025-02-02,20:05,39.7392358,-104.990251,9
GAN,2025-02-02,18:55,39.4395984,-104.7183256,8
GAN,2025-02-02,21:30,41.34937559999999,21.5528045,9
GAN,2025-02-02,21:20,41.3526371,21.5460583,7
GAN,2025-01-30,12:51,0.0,0.0,8
GAN,2025-02-02,20:20,0.0,0.0,9
GAN,2025-02-02,08:35,0.0,0.0,9
GAN,2025-02-01,22:32,50.52384396661344,5.850659298017216,5
GAN,2025-02-01,21:00,38.97607483600159,-77.36699231327306,7
GAN,2025-02-01,21:14,38.97404501507212,-77.36417678674603,7
GAN,2025-01-29,22:20,47.3275957,-122.6698103,9
GAN,2025-01-27,22:56,47.3275957,-122.6698103,9
GAN,2025-02-01,20:02,34.196628000000004,-110.0301295,3
GAN,2025-02-02,08:31,0.0,0.0,9
GAN,2025-02-01,21:55,41.6339449,-72.6972637,7
GAN,2025-02-01,19:21,34.9083543,-111.4632051,9
GAN,2025-02-01,21:01,40.2940551,-74.7785225,8
GAN,2025-02-01,19:07,30.267153,-97.7430608,9
GAN,2025-02-01,19:01,42.874608005997366,-78.66241815706688,8
GAN,2025-01-28,21:15,47.3293853,-122.5808577,5
GAN,2025-02-01,22:45,51.845611203071606,4.145989701448132,5
GAN,2025-02-01,22:51,51.7783629,6.6977673,3
GAN,2025-01-31,22:37,47.3293853,-122.5808577,9
GAN,2025-02-01,22:37,51.76655251,6.68956926,3
GAN,2025-02-01,22:24,51.7603523,6.6392645,3
GAN,2025-02-01,22:08,51.6964432,6.6478284,5
GAN,2025-02-01,21:44,0.0,0.0,9
GAN,2025-02-01,21:32,51.2449634,6.7799102,8
GAN,2025-02-01,21:29,41.3453752,21.5541048,9
GAN,2025-02-01,21:28,51.22825666666666,6.792069999999999,8
GAN,2025-02-01,20:44,49.2510187,6.0409757,7
GAN,2025-02-01,20:44,-80.66129563545091,58.60610604286194,8
GAN,2025-02-01,20:36,41.3450741,21.5505038,9
GAN,2025-02-01,13:32,42.9908,-71.4638,1
GAN,2025-02-01,18:28,0.0,0.0,5
GAN,2025-02-01,01:18,33.0562951,-96.8478877,9
GAN,2025-01-29,22:30,41.99532411778133,-121.7118999951436,3
GAN,2025-01-31,20:36,30.33761259721645,-97.89315311307512,5
GAN,2025-01-31,19:39,30.33630509999999,-97.891369,5
GAN,2025-01-31,19:12,46.82110542574279,-92.05091297380068,8
GAN,2025-01-30,20:13,33.5185892,-86.8103567,9
GAN,2025-01-30,23:30,46.863985169281584,-122.27934580164325,8
GAN,2025-01-14,21:55,40.46936406507354,-3.371631988717201,9
GAN,2025-01-31,21:02,40.46835639378017,-3.3686318598009435,9
GAN,2025-01-31,21:47,59.48254184794047,13.128928180372114,3
GAN,2025-01-27,19:19,35.2828632,-106.7187898,5
GAN,2025-01-21,19:06,35.2828654,-106.7187844,5
GAN,2025-01-31,21:42,41.35288016499574,21.55861836263844,8
GAN,2025-01-31,21:36,0.0,0.0,9
GAN,2025-01-31,21:23,41.34937559999999,21.5528045,9
GAN,2025-01-10,20:36,40.33544305115129,-3.3796789062492327,5
GAN,2025-01-15,21:49,40.47513625169279,-3.3602630504155595,5
GAN,2025-01-09,21:17,40.46997274274538,-3.361445212576881,5
GAN,2025-01-31,20:43,41.3463495,21.5551664,9
GAN,2025-01-31,20:42,41.3463495,21.5551664,7
GAN,2025-01-31,19:27,42.8357684,-2.708517,9
GAN,2025-01-31,19:14,0.0,0.0,9
GAN,2025-01-31,19:11,40.6332569,-3.3328702,9
GAN,2025-01-31,06:02,0.0,0.0,7
GAN,2025-01-30,22:35,51.0984192,5.144576,8
GAN,2025-01-30,22:09,33.489295220288085,-86.805152405226,9
GAN,2025-01-30,20:39,40.289809585451984,-104.68478335386192,7
GAN,2025-01-30,21:36,0.0,0.0,9
GAN,2025-01-30,21:16,19.021632,-98.1823776,8
GAN,2025-01-30,19:54,32.61027600412302,-110.79731351746712,3
GAN,2025-01-30,19:02,33.6819004,-112.3918332,8
GAN,2025-01-30,19:59,35.21894578139104,-97.39628214473238,8
GAN,2025-01-30,20:48,42.89629619999999,-71.5107826,9
GAN,2025-01-30,19:50,35.2193759,-97.3958341,8
GAN,2025-01-30,19:40,35.218828762004534,-97.41688545561416,8
GAN,2025-01-30,19:34,35.218609,-97.3957849,8
GAN,2025-01-30,18:23,0.0,0.0,7
GAN,2025-01-30,20:27,33.524295839682175,130.54126980203898,9
GAN,2025-01-30,20:34,35.44287337756248,139.62771798705535,9
GAN,2025-01-30,23:50,35.32504991092919,139.91652188025668,8
GAN,2025-01-30,19:06,43.6118739,-71.679104,5
GAN,2025-01-21,18:57,47.2140369,-122.2676923,7
GAN,2025-01-30,23:39,35.890741254742984,139.9399829367239,9
GAN,2025-01-30,22:15,49.2250972493237,16.59681235348801,8
GAN,2025-01-30,21:53,45.523933,15.5176934,9
GAN,2025-01-30,21:43,45.4891817,15.5456061,7
GAN,2025-01-30,21:42,41.34937559999999,21.5528045,9
GAN,2025-01-30,21:31,0.0,0.0,9
GAN,2025-01-30,21:13,51.06422595399401,3.318333617111451,5
GAN,2025-01-30,21:09,0.0,0.0,9
GAN,2025-01-28,19:48,33.4991011,-86.8025846,9
GAN,2025-01-21,22:58,24.39464511966907,124.14193888156323,3
GAN,2025-01-31,04:35,35.72606681480538,139.74792399004102,9
GAN,2025-01-30,20:23,40.46311235007192,-3.359760212782168,9
GAN,2025-01-30,20:13,41.3421733,21.5450156,9
GAN,2025-01-30,20:12,0.0,0.0,9
GAN,2025-01-30,20:10,45.5071505,15.4992579,7
GAN,2025-01-30,20:10,45.4852326,15.5449783,8
GAN,2025-01-31,02:30,35.76701090683341,139.7060567251614,9
GAN,2025-01-25,23:00,0.0,0.0,7
GAN,2025-01-30,23:39,35.71938940074487,139.7571276419809,9
GAN,2025-01-30,23:50,35.80855831445033,139.24336520853382,9
GAN,2025-01-30,23:26,35.73092201265103,139.72241127156298,9
GAN,2025-01-30,23:30,35.47793272022572,139.51163308179116,8
GAN,2025-01-31,00:50,35.97981014692347,139.6007301164851,9
GAN,2025-01-29,07:55,47.1644479,-122.1858803,9
GAN,2025-01-28,11:36,47.1644479,-122.1858803,8
GAN,2025-01-30,21:40,35.8568571,139.5479658,8
GAN,2025-01-31,00:45,36.204824,138.252924,9
GAN,2025-01-31,00:38,35.75732422876722,139.7387019120894,9
GAN,2025-01-30,09:19,45.1497124,-93.3549072,9
GAN,2025-01-30,23:49,35.65761343500418,139.7858126978602,9
GAN,2025-01-31,00:09,35.7531901,139.4708126,8
GAN,2025-01-30,00:04,35.78949399820196,139.65947607278918,8
GAN,2025-01-30,20:00,35.307556933554906,139.94103120000358,8
GAN,2025-01-29,20:00,35.8006140763498,140.16575832381068,7
GAN,2025-01-29,20:00,35.80230411878259,140.15487804060234,7
GAN,2025-01-30,21:45,35.84283881254186,139.8039947307979,9
GAN,2025-01-30,23:20,36.02014465944126,140.16866332796693,8
GAN,2025-01-30,23:20,36.06307623168455,140.2190040458091,7
GAN,2025-01-30,23:15,36.02022209549451,140.16854737381627,8
GAN,2025-01-30,23:12,36.06540531718386,140.2191285695708,7
GAN,2025-01-30,23:14,35.87182909528134,140.01081080234536,8
GAN,2025-01-29,20:01,37.923627598280376,-78.87782418253401,3
GAN,2025-01-30,23:09,36.204824,138.252924,9
GAN,2025-01-30,23:09,35.5583902,139.4604711,9
GAN,2025-01-30,23:00,35.5583569,139.4694258,9
GAN,2025-01-30,22:37,35.73213622686165,140.02799198727715,9
GAN,2025-01-30,22:34,35.93491964872502,139.6591919313731,8
GAN,2025-01-30,22:24,35.8959061,139.7301263,9
GAN,2025-01-30,22:17,35.8435269,139.5499037,8
GAN,2025-01-30,22:13,35.79094879459899,139.9315303810264,9
GAN,2025-01-30,22:09,35.7457285697427,139.74422693252563,9
GAN,2025-01-30,22:05,35.745201064679684,139.7441747572534,9
GAN,2025-01-30,21:56,35.696866141283415,140.00713085062884,9
GAN,2025-01-30,21:47,35.72454859865801,139.74655508995056,9
GAN,2025-01-30,21:36,38.448432549918046,138.71954994433725,9
GAN,2025-01-30,20:33,35.78177109296117,139.66761824564267,9
GAN,2025-01-30,21:11,35.7227395,139.7502677,9
GAN,2025-01-30,20:50,35.7227395,139.7502677,9
GAN,2025-01-30,19:30,35.748375,140.3010226,8
GAN,2025-01-30,20:19,35.33563872588333,139.3189458308456,9
GAN,2025-01-30,20:15,0.0,0.0,9
GAN,2025-01-30,20:08,35.64066710611976,140.12778561709212,8
GAN,2025-01-30,20:00,35.64244205113482,139.92630553111212,8
GAN,2025-01-30,19:58,35.88221303821656,139.61108563656802,9
GAN,2025-01-30,19:55,35.72507147393524,139.75286222602378,9
GAN,2025-01-30,19:52,35.8460981,140.0296033,8
GAN,2025-01-30,19:51,35.7250912261985,139.75284145842764,9
GAN,2025-01-29,23:35,35.64618565765184,140.04823853344723,7
GAN,2025-01-30,19:44,35.7198,139.7534,9
GAN,2025-01-30,19:41,35.71509332306545,139.74974790126424,9
GAN,2025-01-30,19:42,35.775017,139.8044129,9
GAN,2025-01-30,19:36,35.7077579,139.7274727,9
GAN,2025-01-30,19:27,35.7247732,139.7537247,9
GAN,2025-01-30,02:15,38.88784,-119.81840599999998,3
GAN,2025-01-30,19:16,35.7086671,139.9717226,8
GAN,2025-01-30,19:13,35.66090354910464,139.60805235102438,9
GAN,2025-01-29,19:06,35.75186991983873,139.7301605129343,9
GAN,2025-01-30,18:44,35.630095720073605,139.88064229534467,9
GAN,2025-01-30,18:15,35.63207678979395,139.87880164719542,9
GAN,2025-01-29,22:42,35.7699409,139.7632113,9
GAN,2025-01-29,21:00,35.7449528,140.3656045,9
GAN,2025-01-29,20:47,47.1943834725832,-122.42631740418734,8
GAN,2025-01-29,22:20,47.3275957,-122.6698103,9
GAN,2025-01-23,22:00,47.1256761,-122.2930075,9
GAN,2025-01-22,20:24,47.1256761,-122.2930075,8
GAN,2025-01-29,21:55,46.86406933016269,-122.27944726692807,9
GAN,2025-01-29,21:27,47.2545697358925,-122.27741171859796,9
GAN,2025-01-30,00:13,40.21325613373822,-74.7778685658885,9
GAN,2025-01-29,22:09,40.5621704,-111.929658,8
GAN,2025-01-29,20:43,47.1728128,-122.5818112,8
GAN,2025-01-29,22:05,35.766730758885394,139.9191275074669,9
GAN,2025-01-29,22:15,38.29181038919857,-85.93382844744256,5
GAN,2025-01-29,19:03,33.6817218,-112.3917286,8
GAN,2025-01-29,19:53,45.4354133,-94.4283777,7
GAN,2025-01-29,20:47,19.0073342,-98.1890109,9
GAN,2025-01-29,18:44,47.3293853,-122.5808577,9
GAN,2025-01-29,20:12,19.0055751,-98.1982692,8
GAN,2025-01-30,07:42,0.0,0.0,3
GAN,2025-01-29,21:15,35.69837606646576,139.39291217017671,9
GAN,2025-01-25,18:38,35.71399497329865,139.77393261580147,8
GAN,2025-01-29,22:33,49.93546512318185,20.448766701126694,3
GAN,2025-01-29,21:54,45.523933,15.5176934,9
GAN,2025-01-29,21:33,45.4893339,15.5457283,7
GAN,2025-01-29,18:34,47.60739673996798,20.732611133914,3
GAN,2025-01-29,18:16,47.61230915805459,20.7357836804512,3
GAN,2025-01-29,21:10,35.697558984605536,139.42026910707955,9
GAN,2025-01-29,21:09,0.0,0.0,9
GAN,2025-01-29,21:41,-34.140159781000065,18.428045501024517,9
GAN,2025-01-29,22:50,35.89529143237385,139.51404005252638,8
GAN,2025-01-29,20:35,45.5071524,15.499256,7
GAN,2025-01-29,20:18,45.4857748,15.5451711,8
GAN,2025-01-29,23:26,35.746750467474634,139.6565596977026,9
GAN,2025-01-28,18:03,43.7605584,-71.6894757,8
GAN,2025-01-29,23:49,35.75404412731314,139.73171898132188,9
GAN,2025-01-29,23:55,35.6997175,139.7644404,9
GAN,2025-01-29,23:38,35.61646619657438,139.5549297477827,9
GAN,2025-01-29,23:45,34.13325279600055,141.97142298246862,9
GAN,2025-01-26,20:15,35.55034780513309,139.700898727419,9
GAN,2025-01-30,01:08,35.771795427519955,139.69072932726564,9
GAN,2025-01-22,23:30,35.70212678669578,139.77450713742036,9
GAN,2025-01-30,00:25,35.47785699219533,139.38847762248224,9
GAN,2025-01-30,00:15,35.60174321743363,139.7238240023588,9
GAN,2025-01-30,00:05,35.770147978650805,139.688990180359,9
GAN,2025-01-29,20:41,35.8655053,140.0078683,9
GAN,2025-01-29,23:46,35.829855490726224,139.3966420794248,7
GAN,2025-01-29,23:48,35.8094126,140.170745,9
GAN,2025-01-29,23:41,35.7077994510816,139.63883432246175,5
GAN,2025-01-29,23:00,35.7348314,139.7077314,9
GAN,2025-01-29,23:24,0.0,0.0,9
GAN,2025-01-29,23:10,35.7903149,139.5725626,8
GAN,2025-01-29,23:10,35.83260973525368,139.93053916841694,9
GAN,2025-01-29,22:57,35.5812834,139.5187691,9
GAN,2025-01-29,22:57,35.8056871006857,139.76289456915913,9
GAN,2025-01-28,21:50,36.8345088,-119.8882816,9
GAN,2025-01-29,22:34,35.8467892,139.9689578,8
GAN,2025-01-29,22:21,35.6050966,140.1024645,9
GAN,2025-01-29,22:11,35.6050966,140.1024645,8
GAN,2025-01-29,22:09,35.7145178,139.7454882,9
GAN,2025-01-29,21:03,0.0,0.0,9
GAN,2025-01-29,21:34,35.6988224,139.8125647,9
GAN,2025-01-29,21:32,35.7126161,139.4320726,8
GAN,2025-01-29,21:22,35.94626662640373,139.50245561314762,9
GAN,2025-01-29,21:10,35.88227768772878,139.65980225639382,9
GAN,2025-01-29,21:00,35.7227395,139.7502677,9
GAN,2025-01-29,21:00,35.7227395,139.7502677,9
GAN,2025-01-27,20:05,36.82246743582645,138.45911688398792,5
GAN,2025-01-29,20:58,35.64265423369473,139.57943476845193,9
GAN,2025-01-29,20:42,35.6545458,139.692429,9
GAN,2025-01-29,20:17,35.938953578072244,139.37450192927565,9
GAN,2025-01-29,20:15,35.87084802336618,139.7444643081536,9
GAN,2025-01-29,20:12,35.92046916176006,139.90710964747586,8
GAN,2025-01-29,20:12,35.92887549039097,139.4467493795034,9
GAN,2025-01-29,20:03,35.9515333,139.975572,7
GAN,2025-01-29,20:01,35.72344011428718,140.04502415473172,9
GAN,2025-01-29,19:56,35.65684363850773,139.8027657192756,9
GAN,2025-01-28,19:50,35.79106167583953,139.4654832983921,8
GAN,2025-01-29,19:54,35.65791987548389,139.8013621455402,9
GAN,2025-01-29,19:34,36.0663993,139.6978383,8
GAN,2025-01-29,19:39,35.8411049,140.0597633,8
GAN,2025-01-29,19:26,35.609446356761815,139.38996962796136,8
GAN,2025-01-29,19:22,35.792328375593286,139.7887818724089,9
GAN,2025-01-29,19:24,35.609480506507175,139.39002868193683,8
GAN,2025-01-29,19:22,35.60952412407236,139.3898482052705,8
GAN,2025-01-29,19:21,35.60951006124364,139.38969546847707,8
GAN,2025-01-29,19:19,35.7914542362151,139.78841296244912,9
GAN,2025-01-29,19:16,35.735558,139.6250762,9
GAN,2025-01-29,19:13,35.86351893977732,140.08694435414736,9
GAN,2025-01-27,22:00,35.75134162400916,139.67586191706027,9
GAN,2025-01-29,18:26,35.92895756237556,140.16369779678166,9
GAN,2025-01-28,21:07,47.19438014510395,-122.42642025898564,8
GAN,2025-01-28,23:42,35.7367757,139.637545,9
GAN,2025-01-28,21:34,47.1770777,-122.1868601,8
GAN,2025-01-26,21:30,47.25457400652558,-122.2774257430228,9
GAN,2025-01-28,20:48,47.25457400652558,-122.2774257430228,9
GAN,2025-01-28,20:36,47.2964418,-122.5604275,9
GAN,2025-01-28,20:29,47.1698197,-122.6026274,7
GAN,2025-01-28,23:06,38.29220741636172,-85.93400730332948,5
GAN,2025-01-28,21:55,39.02310425524346,-89.43256533197444,5
GAN,2025-01-28,20:15,40.5621704,-111.929658,8
GAN,2025-01-28,21:01,33.2120952,-86.83601499999999,7
GAN,2025-01-28,20:02,33.6818643,-112.3918976,8
GAN,2025-01-28,20:28,40.16077761209132,-89.78528282685056,9
GAN,2025-01-28,20:22,38.512028,-90.5465221,9
GAN,2025-01-28,21:18,40.8132341,-77.8773338,7
GAN,2025-01-27,21:37,47.3293853,-122.5808577,7
GAN,2025-01-28,20:43,43.7570415,-71.6878162,9
GAN,2025-01-27,21:37,47.3293853,-122.5808577,9
GAN,2025-01-27,21:37,47.3293853,-122.5808577,7
GAN,2025-01-26,21:39,47.3293853,-122.5808577,8
GAN,2025-01-25,19:32,47.3293853,-122.5808577,8
GAN,2025-01-28,19:38,45.3627778,-71.8445972,8
GAN,2025-01-28,19:42,40.21341720850418,-74.77777331026043,9
GAN,2025-01-28,19:41,43.76177359064992,-71.68281579903669,9
GAN,2025-01-28,19:10,43.75765699999999,-71.6910651,9
GAN,2025-01-28,19:11,39.51940325790628,-84.02481079101562,8
GAN,2025-01-28,19:15,0.0,0.0,7
GAN,2025-01-28,18:06,43.26907673192208,-72.32968858077585,9
GAN,2025-01-28,23:51,36.68631023352469,-6.134797415443893,7
GAN,2025-01-28,23:45,36.68628935317136,-6.134863476565766,7
GAN,2025-01-28,22:42,0.0,0.0,8
GAN,2025-01-27,22:31,51.1054198,2.6501728,8
GAN,2025-01-28,21:54,45.4966571,15.5481765,9
GAN,2025-01-28,21:53,41.34937559999999,21.5528045,9
GAN,2025-01-28,21:42,41.3526371,21.5460583,8
GAN,2025-01-28,20:33,0.0,0.0,9
GAN,2025-01-28,20:18,40.4770036,-3.3724516,9
GAN,2025-01-28,20:19,45.4856405,15.5449787,7
GAN,2025-01-28,20:17,0.0,0.0,5
GAN,2025-01-28,20:02,45.5071478,15.4992569,7
GAN,2025-01-27,16:54,51.0139791,3.6627168,8
GAN,2025-01-28,18:50,25.5739237,-80.9871074,9
GAN,2025-01-28,23:41,35.68150205520119,139.67038475452676,9
GAN,2025-01-29,00:40,35.68150205520119,139.67038475452676,9
GAN,2025-01-28,23:34,35.42342342342342,139.3432524460816,8
GAN,2025-01-26,23:31,35.8642894,139.9624508,9
GAN,2025-01-28,23:28,35.8642806,139.962449,8
GAN,2025-01-28,22:57,35.687626183608764,139.42894595133873,9
GAN,2025-01-28,22:50,35.629723139532295,139.72670470820074,9
GAN,2025-01-28,22:27,35.3633839779953,139.43935642590074,9
GAN,2025-01-28,22:20,36.03337774641254,139.53551607643857,8
GAN,2025-01-27,22:45,51.18703698273796,3.2428416305513137,9
GAN,2025-01-27,11:30,50.8576861,2.8712378,8
GAN,2025-01-27,22:56,47.3263179,-122.6681684,9
GAN,2025-01-28,01:04,40.213253061799406,-74.77785502563452,9
GAN,2025-01-27,21:37,47.3293853,-122.5808577,7
GAN,2025-01-27,21:24,47.1770777,-122.1868601,8
GAN,2025-01-27,19:15,46.98675175746192,-122.221244134627,5
GAN,2025-01-27,19:30,42.19354505448971,-121.78679487938868,5
GAN,2025-01-27,20:44,40.5621704,-111.929658,9
GAN,2025-01-27,20:10,35.1982836,-111.651302,8
GAN,2025-01-27,22:01,42.3904433,-71.116998,9
GAN,2025-01-27,18:47,47.1698197,-122.6026274,7
GAN,2025-01-27,19:27,40.5471232,-105.0279936,7
GAN,2025-01-27,21:16,40.7699456,-77.971456,7
GAN,2025-01-27,20:30,40.8132341,-77.8773338,7
GAN,2025-01-27,20:20,40.8956863,-74.0749903,8
GAN,2025-01-27,18:57,33.498696307185966,-86.80663491472556,8
GAN,2025-01-27,18:09,44.8019579,-68.7921668,7
GAN,2025-01-27,18:03,33.97182778025545,-90.588450921577,8
GAN,2025-01-27,17:38,44.80224584233488,-68.7915963773325,9
GAN,2025-01-27,22:21,51.1054198,2.6501728,5
GAN,2025-01-27,22:21,51.0598904,3.6957323,8
GAN,2025-01-27,22:35,51.2165531,2.9097231,8
GAN,2025-01-27,22:12,40.2774625,-3.7943157,5
GAN,2025-01-27,22:00,50.95088,4.30927,9
GAN,2025-01-27,21:59,45.4966114,15.5481164,9
GAN,2025-01-27,21:47,0.0,0.0,9
GAN,2025-01-27,21:40,51.05151219769061,3.715302006650565,8
GAN,2025-01-27,21:26,51.06941426524931,3.4366600647998657,8
GAN,2025-01-27,21:27,51.06934992739532,3.435336247377143,7
GAN,2025-01-27,21:12,41.34937559999999,21.5528045,9
GAN,2025-01-27,20:33,0.0,0.0,8
GAN,2025-01-27,20:14,0.0,0.0,9
GAN,2025-01-27,19:39,51.1007563,2.6991737,8
GAN,2025-01-17,20:20,40.7843325,-77.850128,7
GAN,2025-01-24,19:14,37.31610038540104,-89.53006038992378,7
GAN,2025-01-24,19:12,37.31501368672101,-89.53016815894263,8
GAN,2025-01-24,19:04,37.31726801081547,-89.52760459054754,9
GAN,2025-01-24,18:57,37.32123097816506,-89.52846034040248,7
GAN,2025-01-24,18:50,37.32226531932384,-89.52491866548985,7
GAN,2025-01-24,18:39,37.31639935245846,-89.5263548168215,9
GAN,2025-01-24,18:32,37.3150042773356,-89.52847785012129,7
GAN,2025-01-24,18:28,37.3134104,-89.53107609999999,7
GAN,2025-01-22,19:00,37.322367962812926,-89.52540194008644,7
GAN,2025-01-22,18:53,37.3204062,-89.52379270000002,7
GAN,2025-01-22,18:46,37.3173075909988,-89.52789156650708,9
GAN,2025-01-22,18:41,37.31642203826634,-89.52632260451074,9
GAN,2025-01-22,18:35,37.314896913218455,-89.52841615919117,7
GAN,2025-01-22,18:31,37.3134104,-89.53107609999999,7
GAN,2025-01-22,18:26,37.31534157966627,-89.53012086205214,8
GAN,2025-01-22,18:22,37.3163231,-89.5297604,7
GAN,2025-01-26,22:19,42.5295192,-75.3851753,5
GAN,2025-01-24,20:00,38.39632895538918,-0.5967748181856591,8
GAN,2025-01-26,23:07,35.77141576551802,139.67698267086269,9
GAN,2025-01-26,22:08,47.25448678252031,-122.27739960897924,9
GAN,2025-01-26,21:39,47.3293853,-122.5808577,8
GAN,2025-01-25,23:16,35.57456390815083,139.38534695403513,7
GAN,2025-01-26,07:46,33.56885981181325,73.13066440949565,9
GAN,2025-01-26,22:24,41.25105501891741,-95.96315900276774,8
GAN,2025-01-26,22:03,42.484584671855686,-90.72255639185671,7
GAN,2025-01-26,21:44,19.28249715368817,-99.68051407459416,8
GAN,2025-01-26,22:49,40.8132341,-77.8773338,7
GAN,2025-01-26,21:28,40.812869098893714,-96.47164767451974,7
GAN,2025-01-26,21:26,19.0538812,-98.2517531,8
GAN,2025-01-26,21:19,0.0,0.0,9
GAN,2025-01-26,21:05,40.7699456,-77.971456,5
GAN,2025-01-26,20:10,33.33722792840485,-111.42555890794576,5
GAN,2025-01-26,19:15,33.6818517,-112.3918354,8
GAN,2025-01-26,20:01,36.904916460263344,-111.45923445880923,7
GAN,2025-01-26,01:37,26.21172575612777,-97.97871996402634,7
GAN,2025-01-26,18:32,78.71061086739114,174.87947529548796,9
GAN,2025-01-26,19:58,43.76076192383781,-71.68914011709707,9
GAN,2025-01-26,19:32,36.7130777,-76.2921583,9
GAN,2025-01-26,18:32,42.7533685,-84.7463757,9
GAN,2025-01-26,21:54,45.4966526,15.5482282,9
GAN,2025-01-26,21:25,44.1326925,15.2289617,8
GAN,2025-01-26,20:50,41.34937559999999,21.5528045,9
GAN,2025-01-26,18:36,47.61268898038672,20.73119088480656,3
GAN,2025-01-25,23:36,47.1642472,-122.1870524,8
GAN,2025-01-26,18:25,47.61573645426744,20.73495755439184,3
GAN,2025-01-26,20:27,0.0,0.0,9
GAN,2025-01-26,18:14,47.61965591368595,20.740907835813505,3
GAN,2025-01-26,23:58,35.62162162162162,140.10893098486028,9
GAN,2025-01-27,00:15,0.0,0.0,9
GAN,2025-01-26,23:49,35.6251558,139.4529557,9
GAN,2025-01-26,22:45,35.61397377648925,140.10310352385935,8
GAN,2025-01-26,23:17,35.72140499502745,139.8973269868549,8
GAN,2025-01-26,22:51,0.0,0.0,9
GAN,2025-01-26,22:46,35.78847531103274,139.66683489793115,9
GAN,2025-01-26,22:30,36.00270096152917,140.02544513067312,9
GAN,2025-01-26,18:40,36.038438600292245,139.1458572271595,9
GAN,2025-01-26,21:08,35.9502035,139.6999622,9
GAN,2025-01-26,20:40,35.739852699319975,139.66644381451238,9
GAN,2025-01-26,20:54,36.19220096829574,139.33768784126823,8
GAN,2025-01-26,20:55,35.7775717,139.675717,8
GAN,2025-01-26,20:41,35.77794525559709,139.56205624726624,8
GAN,2025-01-26,20:31,35.72108433791562,139.50706401199145,9
GAN,2025-01-26,20:28,35.66492721952406,139.5332420653147,9
GAN,2025-01-26,20:28,35.66492721952406,139.5332420653147,9
GAN,2025-01-26,20:14,35.8289658,139.5308232,8
GAN,2025-01-26,20:15,35.5515796348802,139.69964685164695,9
GAN,2025-01-26,19:52,35.932264618830146,139.7745857265291,9
GAN,2025-01-26,19:52,35.932264618830146,139.7745857265291,9
GAN,2025-01-26,19:50,-55.00596581696629,150.4799991704644,8
GAN,2025-01-26,19:39,35.81309714185535,139.6712331868521,7
GAN,2025-01-26,19:35,35.81310870133123,139.67124248933456,9
GAN,2025-01-26,19:34,35.7345276,139.6158849,8
GAN,2025-01-26,18:52,35.781113778810536,139.66716568360704,9
GAN,2025-01-26,18:47,35.73337554,139.84185791,8
GAN,2025-01-26,18:07,35.63647679981432,139.88151127905988,9
GAN,2025-01-26,00:10,13.6757837,-89.2894733,8
GAN,2025-01-25,21:09,33.6818615,-112.391788,8
GAN,2025-01-25,22:32,33.60026108268358,-86.29128248709189,9
GAN,2025-01-25,20:12,47.1770777,-122.1868601,8
GAN,2025-01-25,19:32,47.3293853,-122.5808577,8
GAN,2025-01-25,20:59,18.9988888,-98.9438888,5
GAN,2025-01-25,21:01,0.0,0.0,9
GAN,2025-01-25,20:55,33.5862149,-86.2860888,9
GAN,2025-01-25,20:33,35.584002490693344,139.61840106083366,9
GAN,2025-01-26,11:31,35.584002490693344,139.61840106083366,9
GAN,2025-01-25,20:00,35.58397668554887,139.6184368807691,9
GAN,2025-01-25,20:14,19.0456283,-98.1487739,7
GAN,2025-01-25,21:39,18.43719119815104,-69.96444850486043,8
GAN,2025-01-25,21:00,32.717463669599496,131.27702160583144,5
GAN,2025-01-25,20:44,8.6234454,-70.2855065,9
GAN,2025-01-25,18:57,40.21327613242898,-74.77783542735452,9
GAN,2025-01-25,23:49,40.4843898,-3.3688023,8
GAN,2025-01-25,22:01,40.4745461,-3.3863224,8
GAN,2025-01-25,21:45,40.4725624,-3.4426694,9
GAN,2025-01-25,21:45,41.3463495,21.5551664,9
GAN,2025-01-25,21:40,0.0,0.0,7
GAN,2025-01-25,21:20,41.34937559999999,21.5528045,9
GAN,2025-01-25,20:56,0.0,0.0,8
GAN,2025-01-25,22:32,22.58654694171358,71.79096386128111,7
GAN,2025-01-25,23:41,36.00250761876186,139.5743154198322,9
GAN,2025-01-25,23:19,35.66910554435712,139.5751870576671,9
GAN,2025-01-25,23:12,35.76115103262405,139.71134503606584,9
GAN,2025-01-25,22:50,36.06771017632125,139.68609887227612,8
GAN,2025-01-25,22:41,37.4077983,127.1411522,1
GAN,2025-01-25,20:38,35.94900841581679,139.78445302955572,9
GAN,2025-01-25,22:22,35.65880126217235,140.16191892848377,8
GAN,2025-01-25,19:25,35.768972702000575,139.71725204934563,9
GAN,2025-01-25,18:00,36.017099740632894,140.17609924526147,9
GAN,2025-01-25,21:03,35.72524187060909,139.7534442894068,9
GAN,2025-01-25,20:26,35.99467444887394,139.58531713057857,8
GAN,2025-01-25,20:05,33.53648847902623,133.52868181379736,8
GAN,2025-01-25,20:05,33.5364832,133.5287077,7
GAN,2025-01-25,20:06,33.5365522,133.5286131,7
GAN,2025-01-25,19:57,35.7056396,139.7518913,9
GAN,2025-01-25,19:58,35.67248770366346,140.15755402357806,9
GAN,2025-01-25,19:28,35.800942912267736,139.89955848674023,8
GAN,2025-01-25,19:23,35.800942912267736,139.89955848674023,8
GAN,2025-01-25,19:24,35.867199,140.0778987,8
GAN,2025-01-25,19:15,35.8688197,139.6622,8
GAN,2025-01-25,17:56,36.002219357700795,139.43464598860862,8
GAN,2025-01-25,18:35,35.672528768344854,140.15723063235646,9
GAN,2025-01-24,23:26,41.1126671,-73.4625327,7
GAN,2025-01-24,21:07,33.4565394,-86.828037,8
GAN,2025-01-24,20:27,36.90490606018017,-111.45923263005288,8
GAN,2025-01-24,21:25,33.49765171996208,-86.80340610308393,9
GAN,2025-01-24,22:19,44.7940047,-68.5920613,3
GAN,2025-01-24,22:02,41.4785189,-81.4992936,8
GAN,2025-01-24,21:39,48.8302437,-64.3200294,9
GAN,2025-01-24,19:53,33.36690583998549,-86.81031940342527,7
GAN,2025-01-24,20:42,26.67598639864149,-81.96904766892395,7
GAN,2025-01-24,20:12,-9.600663,-35.721545,9
GAN,2025-01-24,19:44,-16.7294244,-49.3062453,8
GAN,2025-01-24,21:15,41.34937559999999,21.5528045,9
GAN,2025-01-24,21:05,0.0,0.0,9
GAN,2025-01-24,20:54,36.69625420027551,-6.114916002838586,7
GAN,2025-01-24,19:05,47.610654498899294,20.728664845278693,3
GAN,2025-01-24,18:45,47.610107510302775,20.7278485456496,3
GAN,2025-01-24,00:16,38.88784,-119.81840599999998,3
GAN,2025-01-24,23:08,35.5582356,140.1610655,9
GAN,2025-01-24,23:07,35.786736441598315,139.65197889669125,7
GAN,2025-01-23,13:06,51.0479447,4.092944,8
GAN,2025-01-23,19:55,32.88302797090114,73.62597716143512,7
GAN,2025-01-23,19:58,32.883013167666626,73.62598433609003,5
GAN,2025-01-24,00:30,50.86609952662397,3.7510272349563234,8
GAN,2025-01-21,22:43,36.44008796703479,-121.32933268423986,3
GAN,2025-01-23,19:15,35.778324,139.7322949,9
GAN,2025-01-23,23:22,35.6091973,139.7303364,9
GAN,2025-01-22,21:30,37.24373579919015,-80.01951515531313,5
GAN,2025-01-23,21:00,37.261949085391095,-79.97871618446446,7
GAN,2025-01-23,21:58,30.237561088389832,-97.89208380423662,7
GAN,2025-01-23,20:40,36.9049171290234,-111.45923573351574,7
GAN,2025-01-23,21:12,30.23781693741393,-97.88345268127806,7
GAN,2025-01-23,21:10,45.0683264,-93.0647778,9
GAN,2025-01-23,20:03,33.6813346,-112.3920007,8
GAN,2025-01-23,19:41,32.61053763220708,-110.79668838376288,3
GAN,2025-01-23,20:15,33.6562014,-86.6576413,8
GAN,2025-01-23,19:53,40.1193462,-74.7965782,8
GAN,2025-01-23,23:52,35.7417861,139.7365958,9
GAN,2025-01-23,23:10,50.9431472,3.6907078,7
GAN,2025-01-23,22:46,51.0362616,3.7278411,7
GAN,2025-01-23,22:35,0.0,0.0,9
GAN,2025-01-23,22:09,50.96633552062245,3.623670807415409,7
GAN,2025-01-23,21:57,41.34937559999999,21.5528045,9
GAN,2025-01-23,20:22,0.0,0.0,9
GAN,2025-01-21,18:47,37.1526042510582,-86.04772609130109,3
GAN,2025-01-22,21:13,37.92376625,-78.877904375,1
GAN,2025-01-24,00:00,35.72063924185485,139.7469514983625,9
GAN,2025-01-23,23:35,35.89649548960552,139.85352543976262,9
GAN,2025-01-23,23:06,35.756493985278404,139.61602369722365,8
GAN,2025-01-23,22:30,35.72667879999999,139.6647427,9
GAN,2025-01-23,22:45,35.7839164,139.9324313,9
GAN,2025-01-23,22:40,35.733069247106066,139.36183849404844,9
GAN,2025-01-23,21:57,35.68378178685348,139.90811176711114,9
GAN,2025-01-23,21:54,35.68378178685348,139.90811176711114,9
GAN,2025-01-23,21:29,43.1172586,141.3230933,9
GAN,2025-01-23,20:55,35.59704313807209,139.67182462285342,8
GAN,2025-01-23,20:30,35.79216162526184,139.61686031838963,9
GAN,2025-01-23,20:27,35.73588522588412,139.62966543785717,9
GAN,2025-01-23,20:02,35.91316672836479,139.65703779768884,8
GAN,2025-01-23,19:10,35.77538046029264,139.95579689741135,9
GAN,2025-01-23,00:00,38.88784,-119.81840599999998,3
GAN,2025-01-19,20:00,52.5947101,13.3834088,5
GAN,2025-01-22,21:58,33.6822574,-112.3919631,8
GAN,2025-01-21,22:00,47.1256761,-122.2930075,3
GAN,2025-01-22,20:33,32.51384857341057,-110.89526366923354,5
GAN,2025-01-22,20:06,36.904916516783295,-111.459239915395,7
GAN,2025-01-22,21:34,45.4972066,15.5484936,9
GAN,2025-01-22,20:47,41.34937559999999,21.5528045,9
GAN,2025-01-22,13:04,37.19188097640595,-83.91470678150654,9
GAN,2025-01-23,00:20,35.76938070000001,139.6981574,9
GAN,2025-01-22,21:15,35.7529945,139.7378714,9
GAN,2025-01-23,00:01,35.736632739209696,139.78855532483723,9
GAN,2025-01-22,20:55,35.80178156820165,139.71923890692764,9
GAN,2025-01-22,23:59,35.69714833270581,139.99686262691262,9
GAN,2025-01-22,22:54,35.69371426968351,139.8061609636419,9
GAN,2025-01-22,22:35,36.0151021,139.2975792,8
GAN,2025-01-22,22:33,35.72296517584777,139.74347048149787,9
GAN,2025-01-22,22:00,35.4436739,139.6379639,9
GAN,2025-01-22,21:58,35.6227386,140.1446601,8
GAN,2025-01-22,21:34,35.939395668467576,139.42462863629785,9
GAN,2025-01-22,21:34,35.93936197466606,139.42461114671195,9
GAN,2025-01-22,21:10,35.67702994586546,139.48280811309814,9
GAN,2025-01-22,20:29,35.71161532565602,139.8033874152477,8
GAN,2025-01-22,20:49,35.76320850358804,139.79105799799547,9
GAN,2025-01-22,20:48,35.7897027,139.6746193,8
GAN,2025-01-22,18:41,35.8675958,139.9757575,8
GAN,2025-01-21,20:28,35.8180492,139.7537781,9
GAN,2025-01-22,00:19,35.96766808464605,139.47835374300425,9
GAN,2025-01-21,20:06,0.0,0.0,8
GAN,2025-01-21,20:20,40.07286762534729,140.11464394344677,9
GAN,2025-01-21,19:10,36.904916516783295,-111.459239915395,7
GAN,2025-01-21,20:42,44.7939971,-68.5920825,3
GAN,2025-01-21,21:52,51.44734297931859,7.259115756320562,8
GAN,2025-01-20,21:41,40.42058686657195,-3.1762248161353512,8
GAN,2025-01-21,20:14,11.6769104,78.0399194,8
GAN,2025-01-21,20:10,11.6735302,78.0450433,8
GAN,2025-01-21,22:26,35.712989169990095,140.07974373702254,9
GAN,2025-01-21,22:10,35.64949683341592,140.08020592571498,9
GAN,2025-01-21,22:03,35.67702557801226,140.0310239784828,8
GAN,2025-01-21,21:25,36.49508480420116,140.37189643344377,7
GAN,2025-01-21,20:44,36.26239207306119,139.1705817216194,8
GAN,2025-01-21,20:32,36.27560877650484,138.83679630170585,8
GAN,2025-01-21,20:15,35.84471852658878,139.97896089844673,9
GAN,2025-01-21,20:24,35.87872290269696,139.97034036488992,9
GAN,2025-01-21,19:30,35.7381581,139.7608154,9
GAN,2025-01-21,19:06,35.7156698,139.7103845,9
GAN,2025-01-21,19:00,35.7401665373536,139.77338564009187,9
GAN,2025-01-20,21:57,0.0,0.0,9
GAN,2025-01-20,20:01,37.8393332,-84.2700179,9
GAN,2025-01-20,18:35,40.67430109295639,-80.12579100940405,8
GAN,2025-01-20,19:22,40.43636643937924,-3.3052869813133623,7
GAN,2025-01-11,19:02,40.23531917464027,-3.43300761947452,5
GAN,2025-01-20,22:14,-32.10961491782964,151.01709377302896,3
GAN,2025-01-19,20:50,38.88784,-119.81840599999998,3
GAN,2025-01-19,22:21,40.0999005,-74.770696,9
GAN,2025-01-19,21:52,41.34937559999999,21.5528045,9
GAN,2025-01-18,22:35,40.85243590572922,25.871953664601588,8
GAN,2025-01-18,20:57,41.34937559999999,21.5528045,9
GAN,2025-01-17,19:23,41.38992031157322,-81.47721844323712,8
GAN,2025-01-17,19:45,39.992908283333335,-79.01014146666667,9
GAN,2025-01-17,22:07,40.5094102,-3.3628686,9
GAN,2025-01-17,20:56,41.34937559999999,21.5528045,9
GAN,2025-01-16,00:09,35.7685159,139.70247,9
GAN,2025-01-16,19:53,38.887843,-119.818406,3
GAN,2025-01-16,22:12,42.2852763,-71.2829851,9
GAN,2025-01-16,18:58,0.0,0.0,1
GAN,2025-01-15,19:00,42.32448697497059,-71.3262864171895,7
GAN,2025-01-16,17:38,28.1235459,-15.4362574,8
GAN,2025-01-15,21:05,32.735687,-97.1080656,9
GAN,2025-01-16,16:22,24.44714958973082,13.359375,9
GAN,2025-01-16,07:18,27.819341112816325,-82.6065444946289,9
GAN,2025-01-16,18:03,30.5152,120.26385,9
GAN,2025-01-15,20:46,-14.3554413,-71.169127,7
GAN,2025-01-15,19:17,40.47220677016614,-3.372921300591304,9
GAN,2025-01-03,18:16,42.14134394786094,-87.75657924113412,8
GAN,2025-01-08,18:18,42.0335870484331,-82.73558128996105,8
GAN,2025-01-14,21:40,42.3878797,-71.32277479999999,9
GAN,2025-01-13,22:10,40.4685759,-3.3649636,9
GAN,2025-01-11,21:30,40.3525973,-3.4239584,8
GAN,2025-01-13,22:05,40.4728754,-3.3641797,9
GAN,2025-01-11,21:30,40.3525973,-3.4239584,8
GAN,2025-01-13,11:19,46.31384731954131,17.800140387844294,9
GAN,2025-01-14,14:53,47.922764144669806,106.92099670071816,9
GAN,2025-01-14,14:57,47.9312557,106.9192832,9
GAN,2025-01-13,21:16,40.1042432,-74.779605,8
GAN,2025-01-13,20:01,40.4699745,-3.3657576,9
GAN,2025-01-13,19:47,40.4865329,-3.3698618,8
GAN,2025-01-12,20:03,33.6591117,-117.8326773,9
GAN,2025-01-11,20:01,0.0,0.0,9
GAN,2025-01-12,21:10,42.2874908,-71.3807583,9
GAN,2025-01-12,21:04,41.34937559999999,21.5528045,9
GAN,2025-01-11,01:14,38.00754352587638,23.72009926947524,9
GAN,2025-01-11,19:40,30.401356,-97.7525352,8
GAN,2025-01-11,19:36,30.267153,-97.7430608,8
GAN,2025-01-11,19:29,30.4133182,-97.7379358,8
GAN,2025-01-11,19:33,30.4128897,-97.7398239,8
GAN,2025-01-11,19:31,30.41333329999999,-97.7377778,8
GAN,2025-01-11,19:29,30.41333329999999,-97.7377778,9
GAN,2025-01-11,19:23,42.333966,-83.5867159,9
GAN,2025-01-11,20:12,40.4200261,-3.7129314,8
GAN,2025-01-10,22:15,57.6946176,11.9668736,8
GAN,2025-01-10,22:29,48.2591244,14.2045561,8
GAN,2025-01-09,19:15,38.9771273,-84.52307689999999,8
GAN,2025-01-09,20:49,32.304369763559755,-110.7898999332358,8
GAN,2025-01-09,20:30,43.0452024,-76.1102685,8
GAN,2025-01-09,04:16,41.49317427117241,-81.55034999040662,8
GAN,2025-01-01,21:00,30.8112184,-95.4342467,5
GAN,2025-01-07,19:08,42.8298016,-112.4193947,9
GAN,2025-01-07,21:58,41.34937559999999,21.5528045,9
GAN,2024-12-31,21:00,35.934497,-75.612424,3
GAN,2025-01-07,14:25,35.9897361,-75.6647052,3
GAN,2025-01-06,21:42,27.805858791653357,-82.6188682832106,9
GAN,2025-01-07,12:39,49.6546159,21.1596321,1
GAN,2025-01-06,21:34,41.34937559999999,21.5528045,9
GAN,2025-01-06,20:20,38.6942162,-0.4832108,1
GAN,2025-01-06,20:18,38.6942162,-0.4832108,9
GAN,2025-01-02,20:00,40.47857890960269,-3.3664978150774694,8
GAN,2025-01-05,19:28,34.5056894,-112.2427894,5
GAN,2025-01-05,15:37,0.0,0.0,9
GAN,2025-01-05,16:37,45.09965224887018,14.106199841906523,7
GAN,2025-01-05,16:02,45.09937506549345,14.106320780696144,9
GAN,2025-01-05,02:00,37.25005073127178,-79.99122186340989,5
GAN,2025-01-05,00:30,37.90548428375714,-79.79884974275033,3
GAN,2025-01-04,21:30,37.31275667604916,-79.99244193031838,7
GAN,2025-01-04,23:30,16.692820149407865,-93.06674710719196,8
GAN,2025-01-03,21:00,25.88794285749209,-81.26217917617268,3
GAN,2025-01-04,00:17,-33.4258687,-70.5715484,8
GAN,2025-01-03,21:32,59.48251811031757,13.128967791082866,3
GAN,2025-01-03,20:09,51.15062491418077,-2.7239412903056337,5
GAN,2025-01-03,21:39,24.1250213,32.8944394,7
GAN,2025-01-02,21:54,37.2439117,-80.0194178,5
GAN,2025-01-02,22:00,50.7091511,3.748232099999999,8
GAN,2025-01-03,12:05,45.0804254,14.0845863,8
GAN,2025-01-03,11:14,45.0804254,14.0845863,3
GAN,2025-01-02,19:04,34.529117262023064,-112.20619602139313,5
GAN,2025-01-02,20:42,51.14473195294734,-2.698518477534395,3
GAN,2025-01-02,20:35,51.14313051745511,-2.704077193581436,5
GAN,2025-01-02,19:08,51.15059234953726,-2.723960197716011,5
GAN,2025-01-02,14:24,45.07699354641709,14.160926298261812,5
GAN,2025-01-02,01:50,51.15079340985066,-2.7238692279395997,5
GAN,2025-01-02,00:30,51.144729391626,-2.698572786238189,3
GAN,2025-01-01,00:20,51.14312937413949,-2.7044058187684583,3
GAN,2025-01-01,23:40,51.150580264675405,-2.7240178779921664,5
GAN,2025-01-01,19:08,0.0,0.0,3
GAN,2025-01-01,23:01,45.09965000677548,14.106195387129487,9
GAN,2025-01-01,23:01,45.0996468599337,14.106192986725391,9
GAN,2025-01-01,21:49,41.34937559999999,21.5528045,9
GAN,2025-01-01,16:57,45.091589,14.1238049,5
GAN,2024-12-31,20:35,37.62874508555496,-106.6738469766685,3
GAN,2024-12-31,21:56,-33.503395,-70.5259804,7
GAN,2025-01-01,01:36,45.09580349005445,14.114475863466184,9
GAN,2025-01-01,01:36,45.09400635640113,14.11378063632516,9
